5845992.870,0.0,0.0,116.19,1980.0
5845993.371,0.0,0.0,118.23,1980.0
5845993.940,1.0,0.0,118.24,1980.0
5845994.441,0.0,0.0,100.36,375.0
5845994.941,0.0,0.0,75.38,345.0
5845995.441,0.0,0.0,68.21,345.0
5845995.941,0.0,0.0,68.21,345.0
5845996.442,0.0,0.0,68.25,345.0
5845996.942,0.0,0.0,68.19,345.0
5845997.442,0.0,0.0,68.2,345.0
5845997.942,0.0,0.0,68.22,345.0
5845998.442,0.0,0.0,68.19,345.0
5845998.942,0.0,0.0,68.18,345.0
5845999.443,0.0,0.0,68.18,345.0
5845999.943,0.0,0.0,68.18,345.0
5846000.443,0.0,0.0,68.14,345.0
5846000.943,0.0,0.0,68.14,345.0
5846001.446,1.0,0.0,68.15,345.0
5846001.946,0.0,0.0,68.16,345.0
5846002.446,0.0,0.0,68.16,345.0
5846002.946,0.0,0.0,68.16,345.0
5846003.447,0.0,0.0,68.17,345.0
5846003.947,0.0,0.0,68.16,345.0
5846004.447,0.0,0.0,68.15,345.0
5846004.948,0.0,0.0,68.18,345.0
5846005.448,0.0,0.0,68.18,345.0
5846005.948,0.0,0.0,68.12,345.0
5846006.448,0.0,0.0,68.12,345.0
5846006.948,0.0,0.0,68.16,345.0
5846007.449,0.0,0.0,68.15,345.0
5846007.949,0.0,0.0,68.14,345.0
5846008.540,1.0,0.0,68.12,345.0
5846009.041,0.0,0.0,68.13,345.0
5846009.541,0.0,0.0,68.15,345.0
5846010.041,0.0,0.0,68.17,345.0
5846010.542,0.0,0.0,68.15,345.0
5846011.042,0.0,0.0,68.15,345.0
5846011.542,0.0,0.0,68.14,345.0
5846012.042,0.0,0.0,68.13,345.0
5846012.542,0.0,0.0,68.14,345.0
5846013.043,0.0,0.0,68.14,345.0
5846013.543,0.0,0.0,68.13,345.0
5846014.043,0.0,0.0,68.17,345.0
5846014.543,0.0,0.0,68.17,345.0
5846015.043,0.0,0.0,68.1,345.0
5846015.544,0.0,0.0,68.1,345.0
5846016.044,0.0,0.0,68.15,345.0
5846016.544,0.0,0.0,68.14,345.0
5846017.044,0.0,0.0,68.14,345.0
5846017.544,0.0,0.0,68.16,345.0
5846018.045,0.0,0.0,68.17,345.0
5846018.573,1.0,0.0,68.15,345.0
5846019.074,0.0,0.0,68.12,345.0
5846019.574,0.0,0.0,68.11,345.0
5846020.074,0.0,0.0,68.13,345.0
5846020.574,0.0,0.0,68.13,345.0
5846021.082,4.0,0.0,68.1,345.0
5846021.579,4.0,0.0,68.13,345.0
5846022.079,4.0,0.0,68.14,345.0
5846022.579,4.0,0.0,68.11,345.0
5846023.079,0.0,0.0,68.13,345.0
5846023.580,0.0,0.0,68.13,345.0
5846024.080,0.0,0.0,68.06,345.0
5846024.580,4.0,0.0,68.06,345.0
5846025.080,4.0,0.0,68.09,345.0
5846025.580,4.0,0.0,68.08,345.0
5846026.081,4.0,0.0,68.02,345.0
5846026.581,4.0,0.0,68.03,345.0
5846027.081,4.0,0.0,68.03,345.0
5846027.581,4.0,0.0,68.02,345.0
5846028.081,4.0,0.0,68.03,345.0
5846028.582,4.0,0.0,68.03,345.0
5846029.082,4.0,0.0,68.01,345.0
5846029.582,4.0,0.0,67.99,345.0
5846030.082,4.0,0.0,68.06,345.0
5846030.583,4.0,0.0,68.1,345.0
5846031.083,4.0,0.0,68.03,345.0
5846031.584,4.0,0.0,68.03,345.0
5846032.084,4.0,0.0,68.06,345.0
5846032.584,4.0,0.0,68.08,345.0
5846033.084,4.0,0.0,68.09,345.0
5846033.585,4.0,0.0,68.08,345.0
5846034.085,4.0,0.0,68.03,345.0
5846034.585,4.0,0.0,68.0,345.0
5846035.085,4.0,0.0,68.0,345.0
5846035.586,4.0,0.0,68.06,345.0
5846036.086,4.0,0.0,68.08,345.0
5846036.586,4.0,0.0,68.07,345.0
5846037.086,4.0,0.0,68.06,345.0
5846037.586,4.0,0.0,68.06,345.0
5846038.087,4.0,0.0,68.08,345.0
5846038.587,4.0,0.0,68.04,345.0
5846039.090,4.0,0.0,68.03,345.0
5846039.588,4.0,0.0,68.06,345.0
5846040.088,4.0,0.0,68.01,345.0
5846040.588,4.0,0.0,68.02,345.0
5846041.088,4.0,0.0,68.05,345.0
5846041.589,4.0,0.0,68.03,345.0
5846042.089,4.0,0.0,68.03,345.0
5846042.589,4.0,0.0,68.08,345.0
5846043.089,689.0,0.0,85.12,1980.0
5846043.589,689.0,0.0,107.52,1980.0
5846044.090,689.0,0.0,113.82,1980.0
5846044.590,5549.0,0.0,114.33,1980.0
5846045.090,5549.0,0.0,114.32,1980.0
5846045.590,5549.0,0.0,113.89,1980.0
5846046.090,5549.0,0.0,113.97,1980.0
5846046.590,5549.0,0.0,113.94,1980.0
5846047.090,19325.0,0.0,113.95,1980.0
5846047.591,19325.0,11.0,114.18,1980.0
5846048.091,19325.0,12.0,114.63,1980.0
5846048.591,19325.0,12.0,114.82,1980.0
5846049.091,19325.0,12.0,114.8,1980.0
5846049.592,19325.0,13.0,114.83,1980.0
5846050.092,19325.0,14.0,115.02,1980.0
5846050.592,19325.0,11.0,115.0,1980.0
5846051.092,19325.0,0.0,114.64,1980.0
5846051.593,18793.0,0.0,114.34,1980.0
5846052.093,19127.0,0.0,114.16,1980.0
5846052.593,19127.0,0.0,114.1,1980.0
5846053.093,19127.0,0.0,114.01,1980.0
5846053.593,19127.0,0.0,114.03,1980.0
5846054.093,19127.0,0.0,114.04,1980.0
5846054.593,19127.0,0.0,114.03,1980.0
5846055.093,19127.0,0.0,114.04,1980.0
5846055.593,19127.0,0.0,114.04,1980.0
5846056.093,19127.0,0.0,114.09,1980.0
5846056.594,19127.0,0.0,114.09,1980.0
5846057.094,19127.0,0.0,114.07,1980.0
5846057.594,19253.0,1.0,114.09,1980.0
5846058.094,19571.0,18.0,136.42,1965.0
5846058.594,19571.0,0.0,136.89,1980.0
5846059.095,19571.0,0.0,114.18,1980.0
5846059.595,19571.0,0.0,114.19,1980.0
5846060.095,19571.0,0.0,114.16,1980.0
5846060.595,19571.0,0.0,114.13,1980.0
5846061.095,19571.0,0.0,114.16,1980.0
5846061.595,19571.0,0.0,114.17,1980.0
5846062.095,19571.0,0.0,114.19,1980.0
5846062.596,19571.0,0.0,114.23,1980.0
5846063.096,19571.0,0.0,114.25,1980.0
5846063.596,19213.0,14.0,136.99,1980.0
5846064.096,19393.0,8.0,148.11,1980.0
5846064.597,19585.0,0.0,125.96,1980.0
5846065.097,19585.0,44.0,129.71,1980.0
5846065.597,19585.0,0.0,133.54,1980.0
5846066.097,19585.0,0.0,118.42,1980.0
5846066.598,20033.0,0.0,129.74,1980.0
5846067.098,20161.0,0.0,179.24,1980.0
5846067.598,20161.0,0.0,171.37,1980.0
5846068.098,20625.0,3.0,116.39,1980.0
5846068.598,20625.0,1.0,128.31,1980.0
5846069.099,20161.0,0.0,151.43,1980.0
5846069.599,20625.0,0.0,139.96,1980.0
5846070.099,20625.0,0.0,116.36,1980.0
5846070.599,20625.0,0.0,116.32,1980.0
5846071.099,20625.0,0.0,115.01,1980.0
5846071.599,20625.0,0.0,115.81,1980.0
5846072.100,20625.0,0.0,117.65,1980.0
5846072.600,20625.0,3.0,118.22,1980.0
5846073.100,20625.0,0.0,116.9,1980.0
5846073.600,20625.0,0.0,117.65,1980.0
5846074.100,20625.0,29.0,127.99,1980.0
5846074.600,20625.0,0.0,129.08,1980.0
5846075.100,20625.0,0.0,124.22,1980.0
5846075.600,20625.0,0.0,114.29,1980.0
5846076.101,20625.0,1.0,114.8,1980.0
5846076.601,20627.0,0.0,114.89,1980.0
5846077.101,20627.0,0.0,114.92,1980.0
5846077.601,20627.0,0.0,114.38,1980.0
5846078.101,20627.0,0.0,114.36,1980.0
5846078.602,20627.0,0.0,114.32,1980.0
5846079.102,20627.0,0.0,114.32,1980.0
5846079.602,20627.0,0.0,114.29,1980.0
5846080.103,20627.0,0.0,114.26,1980.0
5846080.603,20627.0,0.0,114.29,1980.0
5846081.103,20627.0,0.0,114.33,1980.0
5846081.603,20627.0,0.0,114.36,1980.0
5846082.103,20627.0,0.0,114.34,1980.0
5846082.604,20627.0,0.0,114.35,1980.0
5846083.104,20627.0,0.0,114.35,1980.0
5846083.604,20681.0,92.0,200.4,1980.0
5846084.104,20681.0,0.0,203.18,1980.0
5846084.604,20681.0,0.0,115.72,1980.0
5846085.105,19213.0,0.0,115.01,1980.0
5846085.605,23437.0,0.0,115.73,1980.0
5846086.105,24023.0,0.0,115.57,1980.0
5846086.605,24535.0,0.0,114.97,1980.0
5846087.105,24535.0,0.0,115.05,1980.0
5846087.606,24535.0,0.0,114.91,1980.0
5846088.106,24535.0,0.0,114.88,1980.0
5846088.606,24535.0,0.0,114.9,1980.0
5846089.106,24627.0,37.0,127.05,1980.0
5846089.607,24531.0,29.0,176.32,1980.0
5846090.107,23617.0,87.0,261.53,1980.0
5846090.607,24339.0,79.0,295.67,1980.0
5846091.107,23677.0,52.0,264.27,1980.0
5846091.607,23695.0,8.0,201.18,1980.0
5846092.108,23719.0,9.0,145.98,1980.0
5846092.608,23869.0,24.0,155.55,1980.0
5846093.108,23907.0,18.0,175.74,1980.0
5846093.608,23937.0,12.0,159.83,1980.0
5846094.108,24105.0,0.0,149.83,1980.0
5846094.609,24105.0,0.0,132.35,1980.0
5846095.109,72061.0,0.0,115.48,1980.0
5846095.609,72061.0,0.0,120.31,1980.0
5846096.109,72061.0,0.0,120.29,1980.0
5846096.610,72061.0,0.0,115.41,1980.0
5846097.110,72061.0,0.0,115.39,1980.0
5846097.610,73407.0,0.0,191.96,1965.0
5846098.110,73407.0,0.0,190.45,1980.0
5846098.610,74431.0,22.0,142.83,1980.0
5846099.111,74431.0,0.0,142.77,1980.0
5846099.611,74431.0,0.0,117.39,1980.0
5846100.111,74433.0,37.0,131.8,1980.0
5846100.611,73251.0,0.0,130.24,1980.0
5846101.111,72623.0,93.0,236.97,1980.0
5846101.612,72803.0,88.0,353.29,1980.0
5846102.112,72529.0,74.0,341.15,1980.0
5846102.612,72363.0,41.0,291.86,1980.0
5846103.112,72205.0,23.0,240.3,1980.0
5846103.612,72211.0,19.0,199.76,1980.0
5846104.112,72211.0,14.0,171.26,1980.0
5846104.612,72383.0,28.0,187.03,1980.0
5846105.112,72461.0,24.0,215.02,1980.0
5846105.613,72507.0,7.0,183.58,1980.0
5846106.113,72507.0,0.0,135.01,1980.0
5846106.613,72507.0,0.0,114.74,1980.0
5846107.114,72507.0,0.0,114.68,1980.0
5846107.614,72507.0,0.0,114.66,1980.0
5846108.114,72507.0,0.0,114.61,1980.0
5846108.614,72507.0,0.0,114.63,1980.0
5846109.114,72507.0,0.0,114.59,1980.0
5846109.620,72507.0,0.0,114.56,1980.0
5846110.133,72507.0,0.0,114.52,1980.0
5846110.615,72507.0,0.0,114.52,1980.0
5846111.115,72507.0,0.0,114.53,1980.0
5846111.617,72507.0,0.0,114.45,1980.0
5846112.120,72507.0,0.0,114.48,1980.0
5846112.615,72507.0,0.0,114.49,1980.0
5846113.115,72851.0,11.0,143.14,1980.0
5846113.616,74301.0,96.0,403.79,1590.0
5846114.116,74301.0,100.0,647.41,1950.0
5846114.616,74301.0,58.0,565.54,1740.0
5846115.116,74301.0,100.0,597.57,1635.0
5846115.616,74301.0,100.0,661.69,1965.0
5846116.117,74301.0,0.0,458.76,1980.0
5846116.617,74301.0,0.0,224.15,1980.0
5846117.117,74301.0,0.0,116.41,1980.0
5846117.617,74301.0,0.0,116.01,1980.0
5846118.118,74301.0,0.0,115.85,1980.0
5846118.618,74301.0,0.0,115.75,1980.0
5846119.118,74301.0,0.0,115.7,1980.0
5846119.619,74301.0,0.0,115.63,1980.0
5846120.118,74301.0,0.0,115.58,1980.0
5846120.619,74301.0,0.0,115.54,1980.0
5846121.119,74301.0,52.0,168.19,1935.0
5846121.619,74301.0,100.0,446.34,1740.0
5846122.119,74301.0,100.0,690.16,1740.0
5846122.619,74301.0,99.0,670.2,1905.0
5846123.120,74301.0,98.0,670.25,1740.0
5846123.620,74301.0,99.0,665.47,1680.0
5846124.120,74301.0,100.0,574.82,1980.0
5846124.620,74301.0,100.0,504.51,1980.0
5846125.120,74301.0,100.0,505.12,1980.0
5846125.622,74301.0,100.0,505.26,1980.0
5846126.122,74301.0,40.0,459.88,1980.0
5846126.622,74301.0,0.0,271.92,1980.0
5846127.122,74301.0,0.0,117.92,1980.0
5846127.622,74301.0,0.0,117.07,1980.0
5846128.123,74301.0,0.0,116.9,1980.0
5846128.623,74569.0,100.0,366.58,1590.0
5846129.123,74569.0,100.0,676.3,1455.0
5846129.623,74569.0,100.0,694.93,1605.0
5846130.124,74569.0,100.0,681.09,1575.0
5846130.624,74569.0,100.0,694.12,1665.0
5846131.124,74569.0,100.0,691.06,1470.0
5846131.624,74569.0,100.0,613.32,1980.0
5846132.124,74569.0,100.0,524.15,1980.0
5846132.625,74569.0,100.0,517.04,1980.0
5846133.125,74569.0,100.0,515.83,1980.0
5846133.625,74569.0,100.0,525.21,1980.0
5846134.125,74569.0,0.0,405.61,1980.0
5846134.625,74569.0,0.0,206.29,1980.0
5846135.125,74569.0,0.0,118.52,1980.0
5846135.625,74569.0,0.0,118.26,1980.0
5846136.126,74569.0,0.0,118.12,1980.0
5846136.626,74569.0,67.0,258.75,1680.0
5846137.126,74569.0,100.0,560.17,1650.0
5846137.626,74569.0,100.0,696.26,1485.0
5846138.126,74569.0,100.0,696.38,1605.0
5846138.627,74569.0,100.0,691.98,1560.0
5846139.127,74569.0,100.0,688.87,1680.0
5846139.627,74569.0,100.0,630.61,1965.0
5846140.127,74569.0,100.0,543.74,1980.0
5846140.627,74569.0,100.0,541.89,1980.0
5846141.127,74569.0,100.0,541.93,1980.0
5846141.628,74569.0,100.0,536.86,1980.0
5846142.128,74569.0,100.0,524.43,1980.0
5846142.628,74569.0,0.0,320.74,1980.0
5846143.128,74569.0,0.0,119.01,1980.0
5846143.628,74569.0,0.0,118.23,1980.0
5846144.129,74569.0,0.0,118.0,1980.0
5846144.636,74569.0,0.0,117.75,1980.0
5846145.129,74569.0,0.0,117.6,1980.0
5846145.629,74569.0,0.0,117.54,1980.0
5846146.130,74569.0,0.0,117.44,1980.0
5846146.630,74905.0,0.0,172.65,1980.0
5846147.130,75277.0,100.0,483.88,1545.0
5846147.630,75277.0,100.0,706.5,1350.0
5846148.131,75277.0,100.0,689.99,1710.0
5846148.631,75277.0,100.0,695.92,1395.0
5846149.131,75277.0,100.0,692.9,1620.0
5846149.631,75277.0,100.0,696.46,1455.0
5846150.131,75277.0,100.0,694.24,1515.0
5846150.632,75277.0,100.0,691.65,1575.0
5846151.132,75277.0,100.0,696.46,1485.0
5846151.632,75277.0,100.0,697.93,1440.0
5846152.132,75277.0,100.0,694.46,1650.0
5846152.632,75277.0,100.0,695.51,1500.0
5846153.133,75277.0,100.0,694.87,1635.0
5846153.633,75277.0,100.0,699.75,1500.0
5846154.133,75277.0,100.0,703.26,1455.0
5846154.633,75277.0,100.0,693.6,1665.0
5846155.133,75277.0,100.0,694.26,1485.0
5846155.634,75277.0,100.0,692.58,1590.0
5846156.134,75277.0,100.0,694.73,1590.0
5846156.634,75277.0,100.0,700.88,1395.0
5846157.134,75277.0,100.0,691.85,1650.0
5846157.635,75277.0,100.0,695.53,1380.0
5846158.135,75277.0,100.0,698.49,1410.0
5846158.635,75277.0,100.0,694.78,1515.0
5846159.135,75277.0,100.0,696.05,1470.0
5846159.636,75277.0,100.0,697.2,1515.0
5846160.136,75277.0,100.0,692.02,1575.0
5846160.636,75277.0,100.0,692.51,1515.0
5846161.136,75277.0,100.0,692.57,1545.0
5846161.636,75277.0,100.0,689.48,1530.0
5846162.136,75277.0,100.0,699.81,1410.0
5846162.636,75277.0,100.0,695.83,1605.0
5846163.136,75277.0,100.0,695.11,1440.0
5846163.637,75277.0,100.0,698.64,1440.0
5846164.137,75277.0,100.0,698.41,1545.0
5846164.637,75277.0,100.0,695.79,1455.0
5846165.137,75277.0,100.0,693.69,1500.0
5846165.637,75277.0,100.0,698.39,1485.0
5846166.137,75277.0,100.0,693.15,1500.0
5846166.637,75277.0,100.0,693.54,1500.0
5846167.138,75277.0,100.0,692.5,1530.0
5846167.638,75277.0,100.0,697.46,1425.0
5846168.138,75277.0,100.0,697.16,1575.0
5846168.638,75277.0,100.0,692.9,1485.0
5846169.139,75277.0,100.0,700.17,1440.0
5846169.639,75277.0,100.0,693.28,1575.0
5846170.139,75277.0,100.0,692.07,1470.0
5846170.639,75277.0,100.0,693.95,1515.0
5846171.139,75277.0,100.0,695.45,1515.0
5846171.640,75277.0,100.0,694.98,1500.0
5846172.140,75277.0,100.0,693.56,1560.0
5846172.640,75277.0,100.0,694.98,1500.0
5846173.140,75277.0,100.0,695.98,1500.0
5846173.640,75277.0,100.0,693.32,1530.0
5846174.140,75277.0,100.0,694.01,1425.0
5846174.641,75277.0,100.0,701.56,1425.0
5846175.141,75277.0,100.0,695.84,1590.0
5846175.641,75277.0,100.0,690.75,1470.0
5846176.141,75277.0,100.0,694.43,1440.0
5846176.641,75277.0,100.0,693.74,1560.0
5846177.142,75277.0,100.0,696.25,1470.0
5846177.642,75277.0,100.0,695.7,1575.0
5846178.142,75277.0,100.0,703.33,1485.0
5846178.642,75277.0,100.0,704.05,1470.0
5846179.142,75651.0,100.0,689.04,1575.0
5846179.643,75651.0,100.0,692.53,1485.0
5846180.143,75651.0,100.0,695.1,1425.0
5846180.643,75651.0,100.0,686.65,1650.0
5846181.143,75651.0,100.0,695.93,1395.0
5846181.643,75651.0,100.0,696.56,1425.0
5846182.144,75651.0,100.0,694.42,1575.0
5846182.644,75653.0,100.0,694.79,1425.0
5846183.144,75653.0,100.0,695.05,1425.0
5846183.644,75653.0,100.0,691.23,1605.0
5846184.144,75653.0,100.0,688.58,1500.0
5846184.644,75653.0,100.0,668.13,1980.0
5846185.145,75653.0,100.0,653.87,1980.0
5846185.645,75653.0,100.0,670.29,1980.0
5846186.145,75653.0,100.0,675.46,1980.0
5846186.645,75653.0,100.0,673.16,1980.0
5846187.145,75653.0,100.0,671.54,1980.0
5846187.646,75653.0,100.0,664.68,1980.0
5846188.146,75653.0,100.0,667.69,1980.0
5846188.646,75653.0,100.0,679.72,1980.0
5846189.146,75653.0,100.0,662.34,1980.0
5846189.646,75653.0,35.0,527.81,1980.0
5846190.146,75653.0,0.0,268.54,1980.0
5846190.647,75653.0,0.0,122.37,1980.0
5846191.147,75653.0,0.0,121.7,1980.0
5846191.647,75653.0,0.0,121.28,1980.0
5846192.147,75653.0,0.0,120.93,1980.0
5846192.648,75653.0,0.0,120.64,1980.0
5846193.148,75653.0,0.0,120.46,1980.0
5846193.648,75653.0,0.0,120.28,1980.0
5846194.148,75653.0,0.0,120.03,1980.0
5846194.671,75653.0,0.0,119.82,1980.0
5846195.172,75653.0,0.0,119.69,1980.0
5846195.657,75653.0,0.0,119.57,1980.0
5846196.149,75653.0,0.0,119.41,1980.0
5846196.650,75653.0,0.0,119.26,1980.0
5846197.149,75653.0,0.0,119.09,1980.0
5846197.650,75653.0,0.0,118.94,1980.0
5846198.150,75653.0,0.0,118.87,1980.0
5846198.650,75653.0,0.0,118.73,1980.0
5846199.150,75653.0,0.0,118.58,1980.0
5846199.650,75653.0,100.0,280.32,1635.0
5846200.151,75653.0,100.0,588.7,1665.0
5846200.651,75653.0,100.0,699.78,1650.0
5846201.151,75653.0,100.0,695.55,1545.0
5846201.651,75653.0,100.0,694.03,1500.0
5846202.151,75653.0,100.0,690.64,1530.0
5846202.652,75653.0,100.0,695.61,1590.0
5846203.152,75653.0,100.0,645.59,1965.0
5846203.652,75653.0,100.0,572.42,1980.0
5846204.152,75653.0,100.0,527.7,1980.0
5846204.652,75653.0,100.0,526.28,1980.0
5846205.152,75653.0,100.0,525.63,1980.0
5846205.675,75653.0,84.0,535.13,1770.0
5846206.153,75653.0,100.0,592.6,1545.0
5846206.653,75653.0,100.0,679.11,1590.0
5846207.153,75653.0,100.0,697.37,1620.0
5846207.653,75653.0,100.0,699.12,1575.0
5846208.153,75653.0,100.0,697.67,1485.0
5846208.654,75653.0,100.0,689.68,1530.0
5846209.154,75653.0,100.0,691.22,1470.0
5846209.654,75653.0,100.0,604.47,1980.0
5846210.154,75653.0,100.0,534.65,1980.0
5846210.654,75653.0,100.0,531.16,1980.0
5846211.154,75653.0,100.0,531.46,1980.0
5846211.655,75653.0,100.0,530.96,1980.0
5846212.170,75653.0,100.0,568.85,1965.0
5846212.655,75653.0,100.0,648.35,1575.0
5846213.155,75653.0,100.0,684.78,1320.0
5846213.656,75653.0,100.0,694.19,1635.0
5846214.156,75653.0,100.0,698.03,1485.0
5846214.656,75653.0,100.0,693.84,1500.0
5846215.156,75653.0,100.0,693.35,1500.0
5846215.656,75653.0,92.0,665.89,1965.0
5846216.156,75653.0,100.0,586.72,1980.0
5846216.657,75653.0,100.0,533.56,1980.0
5846217.157,75653.0,100.0,532.88,1980.0
5846217.657,75653.0,100.0,532.47,1980.0
5846218.157,75653.0,100.0,577.66,1965.0
5846218.657,75653.0,100.0,554.89,1800.0
5846219.157,75653.0,100.0,609.19,1575.0
5846219.658,75653.0,100.0,707.13,1470.0
5846220.158,75653.0,100.0,696.3,1545.0
5846220.658,75653.0,100.0,704.94,1350.0
5846221.158,75653.0,100.0,696.41,1575.0
5846221.658,75653.0,100.0,695.35,1485.0
5846222.158,75653.0,100.0,655.85,1965.0
5846222.659,75653.0,100.0,572.86,1980.0
5846223.159,75653.0,100.0,529.73,1980.0
5846223.659,75653.0,100.0,531.29,1980.0
5846224.159,75653.0,99.0,582.78,1875.0
5846224.660,75653.0,100.0,577.35,1980.0
5846225.159,75653.0,100.0,581.8,1590.0
5846225.659,75653.0,100.0,679.75,1335.0
5846226.159,75653.0,100.0,693.15,1500.0
5846226.659,75653.0,100.0,688.35,1500.0
5846227.159,75653.0,100.0,693.61,1635.0
5846227.660,75653.0,100.0,689.65,1485.0
5846228.160,75653.0,100.0,691.54,1950.0
5846228.660,75653.0,100.0,600.28,1980.0
5846229.160,75653.0,100.0,527.44,1980.0
5846229.660,75653.0,100.0,531.91,1980.0
5846230.160,75653.0,100.0,557.25,1545.0
5846230.660,75653.0,100.0,575.23,1980.0
5846231.161,75653.0,100.0,574.22,1560.0
5846231.661,75653.0,100.0,650.61,1710.0
5846232.161,75653.0,100.0,695.48,1470.0
5846232.661,75653.0,100.0,691.24,1530.0
5846233.162,75653.0,100.0,699.74,1500.0
5846233.662,75653.0,100.0,693.63,1470.0
5846234.162,75653.0,100.0,692.3,1500.0
5846234.662,75653.0,100.0,624.48,1980.0
5846235.162,75653.0,100.0,550.09,1980.0
5846235.662,75653.0,100.0,532.14,1980.0
5846236.163,75653.0,100.0,532.37,1980.0
5846236.663,75653.0,100.0,529.02,1980.0
5846237.163,75653.0,4.0,429.13,1980.0
5846237.663,75653.0,0.0,230.31,1980.0
5846238.163,75653.0,0.0,121.18,1980.0
5846238.664,75653.0,0.0,120.68,1980.0
5846239.164,75653.0,0.0,120.35,1980.0
5846239.664,75653.0,0.0,120.17,1980.0
5846240.164,75653.0,0.0,119.94,1980.0
5846240.664,75653.0,100.0,397.11,1710.0
5846241.165,75653.0,100.0,674.14,1455.0
5846241.665,75653.0,100.0,692.38,1605.0
5846242.165,75653.0,100.0,694.74,1335.0
5846242.665,75653.0,100.0,692.1,1560.0
5846243.165,75653.0,100.0,694.76,1425.0
5846243.665,75653.0,100.0,696.5,1530.0
5846244.165,75653.0,100.0,687.61,1470.0
5846244.666,75653.0,100.0,645.49,1965.0
5846245.166,75653.0,100.0,581.33,1980.0
5846245.666,75653.0,100.0,562.64,1980.0
5846246.166,75653.0,100.0,563.91,1980.0
5846246.666,75653.0,100.0,564.2,1980.0
5846247.168,75653.0,100.0,564.1,1980.0
5846247.666,75653.0,0.0,442.97,1980.0
5846248.167,75653.0,0.0,228.07,1980.0
5846248.667,75653.0,0.0,120.66,1980.0
5846249.167,75653.0,0.0,120.32,1980.0
5846249.667,75653.0,0.0,120.03,1980.0
5846250.167,75653.0,97.0,305.48,1680.0
5846250.667,75653.0,100.0,597.04,1695.0
5846251.168,75653.0,100.0,694.1,1545.0
5846251.668,75653.0,100.0,690.39,1560.0
5846252.168,75653.0,100.0,690.94,1650.0
5846252.668,75653.0,100.0,687.43,1545.0
5846253.168,75653.0,100.0,696.64,1560.0
5846253.669,75653.0,100.0,695.58,1635.0
5846254.169,75653.0,100.0,694.7,1545.0
5846254.669,75653.0,100.0,695.95,1500.0
5846255.169,75653.0,100.0,698.77,1545.0
5846255.669,75653.0,100.0,691.19,1575.0
5846256.170,75653.0,100.0,637.93,1980.0
5846256.670,75653.0,100.0,584.37,1980.0
5846257.170,75653.0,100.0,588.11,1980.0
5846257.670,75653.0,100.0,586.83,1980.0
5846258.170,75653.0,100.0,587.73,1980.0
5846258.670,75653.0,100.0,587.58,1980.0
5846259.171,75653.0,100.0,542.71,1980.0
5846259.671,75653.0,0.0,309.04,1980.0
5846260.171,75653.0,0.0,122.31,1980.0
5846260.671,75653.0,0.0,121.44,1980.0
5846261.171,75653.0,0.0,120.8,1980.0
5846261.672,75653.0,57.0,204.1,1680.0
5846262.172,75653.0,100.0,528.71,1590.0
5846262.673,75653.0,100.0,703.22,1425.0
5846263.173,75653.0,100.0,680.82,1545.0
5846263.673,75653.0,100.0,694.6,1425.0
5846264.173,75653.0,100.0,687.98,1665.0
5846264.673,75653.0,100.0,692.99,1620.0
5846265.174,75653.0,100.0,697.13,1575.0
5846265.674,75653.0,100.0,701.1,1500.0
5846266.175,75653.0,100.0,692.1,1680.0
5846266.674,75653.0,100.0,694.32,1530.0
5846267.174,75653.0,100.0,688.45,1605.0
5846267.675,75653.0,100.0,640.95,1980.0
5846268.175,75653.0,100.0,600.26,1980.0
5846268.675,75653.0,100.0,605.98,1980.0
5846269.175,75653.0,100.0,607.95,1980.0
5846269.675,75653.0,100.0,607.76,1980.0
5846270.176,75653.0,100.0,606.07,1980.0
5846270.675,75653.0,100.0,604.97,1980.0
5846271.176,75653.0,0.0,466.61,1980.0
5846271.676,75653.0,0.0,232.49,1980.0
5846272.176,75653.0,0.0,120.96,1980.0
5846272.676,75653.0,0.0,120.49,1980.0
5846273.176,75653.0,0.0,120.12,1980.0
5846273.677,75653.0,100.0,309.85,1620.0
5846274.177,75653.0,100.0,619.61,1605.0
5846274.677,75653.0,100.0,696.13,1590.0
5846275.177,75653.0,100.0,686.7,1590.0
5846275.677,75653.0,100.0,695.64,1545.0
5846276.178,75653.0,100.0,692.2,1590.0
5846276.678,75653.0,100.0,691.84,1560.0
5846277.178,75653.0,100.0,692.47,1500.0
5846277.678,75653.0,100.0,692.79,1605.0
5846278.179,75653.0,100.0,690.07,1590.0
5846278.679,75653.0,100.0,696.57,1440.0
5846279.179,75653.0,100.0,690.32,1575.0
5846279.679,75653.0,100.0,651.89,1965.0
5846280.179,75653.0,100.0,618.22,1980.0
5846280.679,75653.0,100.0,621.52,1980.0
5846281.180,75653.0,100.0,620.93,1980.0
5846281.680,75653.0,100.0,621.36,1980.0
5846282.180,75653.0,100.0,620.92,1980.0
5846282.680,75653.0,100.0,628.67,1980.0
5846283.180,75653.0,100.0,636.83,1980.0
5846283.680,75653.0,0.0,475.77,1980.0
5846284.181,75653.0,0.0,217.56,1980.0
5846284.681,75653.0,0.0,120.78,1980.0
5846285.181,75653.0,0.0,120.31,1980.0
5846285.683,75653.0,0.0,120.04,1980.0
5846286.181,75653.0,100.0,307.33,1680.0
5846286.681,76457.0,100.0,605.99,1545.0
5846287.182,76457.0,100.0,689.59,1530.0
5846287.682,76457.0,100.0,686.71,1665.0
5846288.182,76457.0,100.0,690.74,1665.0
5846288.682,76457.0,100.0,641.73,1890.0
5846289.182,76457.0,100.0,612.15,1800.0
5846289.683,76457.0,100.0,610.08,1875.0
5846290.183,76457.0,100.0,613.11,1935.0
5846290.683,76457.0,100.0,621.79,1935.0
5846291.183,76457.0,100.0,626.78,1950.0
5846291.683,76457.0,100.0,627.26,1950.0
5846292.184,76457.0,100.0,631.43,1935.0
5846292.684,76457.0,100.0,629.27,1950.0
5846293.184,76457.0,100.0,602.38,1965.0
5846293.684,76457.0,98.0,579.9,1965.0
5846294.184,76457.0,98.0,603.14,1680.0
5846294.685,76457.0,100.0,610.23,1830.0
5846295.185,76457.0,100.0,587.03,1965.0
5846295.685,76457.0,100.0,581.0,1965.0
5846296.185,76457.0,98.0,599.59,1725.0
5846296.685,76457.0,100.0,617.92,1695.0
5846297.186,76457.0,100.0,597.48,1965.0
5846297.686,76457.0,98.0,602.86,1755.0
5846298.186,76457.0,99.0,625.23,1605.0
5846298.686,76457.0,100.0,616.11,1950.0
5846299.186,76457.0,100.0,633.79,1560.0
5846299.687,76457.0,100.0,690.83,1515.0
5846300.187,76457.0,100.0,693.48,1425.0
5846300.687,76457.0,100.0,686.54,1515.0
5846301.187,76457.0,100.0,695.48,1530.0
5846301.687,76457.0,100.0,692.19,1545.0
5846302.188,76457.0,100.0,695.23,1455.0
5846302.688,76457.0,100.0,694.01,1590.0
5846303.188,76457.0,100.0,697.06,1470.0
5846303.688,76457.0,100.0,698.01,1590.0
5846304.188,76457.0,100.0,697.65,1380.0
5846304.689,76457.0,100.0,698.63,1605.0
5846305.189,76457.0,100.0,693.0,1410.0
5846305.689,76457.0,100.0,694.92,1605.0
5846306.189,76457.0,100.0,689.53,1365.0
5846306.689,76457.0,100.0,694.53,1515.0
5846307.190,76457.0,100.0,691.96,1515.0
5846307.690,76457.0,100.0,693.6,1515.0
5846308.190,76457.0,100.0,693.15,1620.0
5846308.690,76457.0,100.0,694.76,1455.0
5846309.190,76457.0,100.0,695.75,1560.0
5846309.690,76457.0,100.0,691.79,1470.0
5846310.191,76457.0,100.0,691.52,1665.0
5846310.691,76457.0,100.0,695.29,1410.0
5846311.191,76457.0,100.0,702.4,1560.0
5846311.691,76457.0,100.0,693.42,1425.0
5846312.192,76457.0,100.0,696.23,1575.0
5846312.692,76457.0,100.0,691.55,1425.0
5846313.192,76457.0,100.0,689.02,1530.0
5846313.692,76457.0,100.0,694.13,1575.0
5846314.192,76457.0,100.0,694.92,1515.0
5846314.693,76457.0,100.0,694.75,1635.0
5846315.193,76457.0,100.0,670.78,1965.0
5846315.693,76457.0,100.0,642.09,1980.0
5846316.193,76457.0,100.0,636.46,1980.0
5846316.693,76457.0,100.0,632.97,1980.0
5846317.193,76457.0,100.0,626.27,1980.0
5846317.694,76457.0,100.0,635.31,1980.0
5846318.194,76457.0,100.0,684.37,1545.0
5846318.694,76457.0,100.0,698.17,1365.0
5846319.194,76457.0,100.0,692.21,1515.0
5846319.694,76457.0,100.0,693.21,1410.0
5846320.194,76457.0,100.0,689.36,1470.0
5846320.695,76457.0,100.0,691.06,1545.0
5846321.195,76457.0,100.0,695.05,1515.0
5846321.695,76457.0,100.0,697.0,1560.0
5846322.195,76457.0,100.0,669.32,1965.0
5846322.695,76457.0,100.0,627.31,1980.0
5846323.195,76457.0,100.0,556.43,1980.0
5846323.696,76457.0,100.0,505.9,1980.0
5846324.196,76457.0,100.0,507.28,1980.0
5846324.696,76457.0,82.0,485.98,1980.0
5846325.196,76457.0,0.0,298.02,1980.0
5846325.697,76457.0,0.0,122.29,1980.0
5846326.197,76457.0,0.0,121.15,1980.0
5846326.697,76457.0,0.0,120.84,1980.0
5846327.197,76457.0,0.0,120.56,1980.0
5846327.697,76457.0,0.0,120.33,1980.0
5846328.198,76457.0,0.0,120.14,1980.0
5846328.698,76457.0,0.0,119.91,1980.0
5846329.198,76457.0,0.0,119.79,1980.0
5846329.698,76457.0,0.0,119.66,1980.0
5846330.198,76457.0,0.0,119.46,1980.0
5846330.698,76457.0,0.0,119.35,1980.0
5846331.199,76457.0,100.0,260.57,1905.0
5846331.699,76457.0,98.0,566.11,1800.0
5846332.200,76457.0,98.0,694.17,1665.0
5846332.699,76457.0,98.0,674.32,1815.0
5846333.199,76457.0,98.0,685.76,1665.0
5846333.700,76457.0,100.0,643.73,1965.0
5846334.200,76457.0,100.0,552.43,1980.0
5846334.700,76457.0,100.0,512.07,1980.0
5846335.200,76457.0,100.0,512.3,1980.0
5846335.700,76457.0,100.0,505.8,1980.0
5846336.201,76457.0,0.0,400.0,1980.0
5846336.701,76457.0,0.0,213.71,1980.0
5846337.201,76457.0,0.0,120.37,1980.0
5846337.701,76457.0,0.0,119.83,1980.0
5846338.202,76457.0,7.0,225.9,1620.0
5846338.702,76457.0,100.0,528.29,1680.0
5846339.202,76457.0,100.0,695.06,1530.0
5846339.702,76457.0,100.0,699.94,1605.0
5846340.202,76457.0,100.0,698.83,1560.0
5846340.703,76457.0,100.0,690.26,1620.0
5846341.203,76457.0,100.0,660.29,1965.0
5846341.703,76457.0,100.0,566.0,1980.0
5846342.203,76457.0,100.0,530.42,1980.0
5846342.703,76457.0,100.0,530.14,1980.0
5846343.204,76457.0,100.0,528.06,1980.0
5846343.704,76457.0,100.0,514.7,1980.0
5846344.204,76457.0,0.0,313.38,1980.0
5846344.704,76457.0,0.0,121.02,1980.0
5846345.204,76457.0,0.0,119.72,1980.0
5846345.705,76457.0,0.0,119.34,1980.0
5846346.205,76457.0,0.0,119.14,1980.0
5846346.705,76457.0,100.0,411.74,1680.0
5846347.205,76457.0,100.0,702.59,1365.0
5846347.706,76457.0,100.0,694.46,1710.0
5846348.206,76457.0,100.0,701.68,1395.0
5846348.706,76457.0,100.0,701.49,1590.0
5846349.207,76457.0,100.0,676.6,1965.0
5846349.706,76457.0,100.0,598.53,1980.0
5846350.206,76457.0,100.0,543.87,1980.0
5846350.707,76457.0,100.0,547.13,1980.0
5846351.208,76457.0,100.0,545.26,1980.0
5846351.707,76457.0,100.0,543.69,1980.0
5846352.207,76457.0,0.0,421.4,1980.0
5846352.708,76457.0,0.0,213.55,1980.0
5846353.208,76457.0,0.0,120.65,1980.0
5846353.708,76457.0,0.0,120.23,1980.0
5846354.208,76457.0,0.0,119.95,1980.0
5846354.708,76457.0,0.0,239.57,1530.0
5846355.209,76457.0,100.0,538.25,1695.0
5846355.711,76457.0,100.0,693.33,1545.0
5846356.209,76457.0,100.0,697.38,1605.0
5846356.709,76457.0,100.0,699.27,1545.0
5846357.210,76457.0,100.0,688.63,1620.0
5846357.710,76457.0,100.0,654.47,1965.0
5846358.210,76457.0,100.0,578.19,1980.0
5846358.711,76457.0,100.0,549.78,1980.0
5846359.211,76457.0,100.0,551.5,1980.0
5846359.711,76457.0,100.0,560.49,1980.0
5846360.211,76457.0,100.0,560.86,1980.0
5846360.711,76457.0,100.0,481.97,1980.0
5846361.212,76457.0,0.0,261.53,1980.0
5846361.712,76457.0,0.0,120.18,1980.0
5846362.212,76457.0,0.0,119.83,1980.0
5846362.712,76457.0,0.0,119.56,1980.0
5846363.215,76457.0,0.0,119.33,1980.0
5846363.716,76457.0,95.0,424.2,1680.0
5846364.216,76457.0,100.0,702.94,1335.0
5846364.716,76457.0,100.0,692.71,1545.0
5846365.216,76457.0,100.0,698.8,1515.0
5846365.717,76457.0,100.0,693.18,1665.0
5846366.217,76457.0,100.0,673.77,1950.0
5846366.717,76457.0,100.0,618.54,1980.0
5846367.217,76457.0,100.0,577.27,1980.0
5846367.717,76457.0,100.0,570.54,1980.0
5846368.217,76457.0,100.0,572.12,1980.0
5846368.719,76457.0,100.0,578.39,1980.0
5846369.219,76457.0,100.0,574.15,1980.0
5846369.719,76457.0,0.0,404.52,1980.0
5846370.219,76457.0,0.0,182.09,1980.0
5846370.720,76457.0,0.0,120.25,1980.0
5846371.220,76457.0,0.0,119.77,1980.0
5846371.720,76457.0,0.0,119.53,1980.0
5846372.220,76457.0,100.0,242.56,1620.0
5846372.721,76457.0,100.0,551.03,1680.0
5846373.221,76457.0,100.0,696.69,1650.0
5846373.721,76457.0,100.0,688.22,1680.0
5846374.221,76457.0,100.0,696.05,1575.0
5846374.725,76457.0,100.0,698.62,1485.0
5846375.223,76457.0,100.0,666.44,1965.0
5846375.724,76457.0,100.0,598.08,1980.0
5846376.224,76457.0,100.0,574.87,1980.0
5846376.724,76457.0,100.0,577.11,1980.0
5846377.224,76457.0,100.0,584.56,1980.0
5846377.724,76457.0,100.0,586.6,1980.0
5846378.225,76457.0,100.0,582.36,1980.0
5846378.726,76457.0,24.0,460.57,1980.0
5846379.225,76457.0,0.0,230.43,1980.0
5846379.725,76457.0,0.0,120.55,1980.0
5846380.226,76457.0,0.0,120.08,1980.0
5846380.726,76457.0,0.0,119.85,1980.0
5846381.227,76457.0,0.0,167.5,1980.0
5846381.726,76457.0,100.0,467.39,1710.0
5846382.226,76457.0,100.0,699.22,1485.0
5846382.731,76457.0,100.0,693.1,1680.0
5846383.227,76457.0,100.0,695.73,1470.0
5846383.727,76457.0,100.0,695.47,1545.0
5846384.227,76457.0,87.0,675.45,1965.0
5846384.728,76457.0,100.0,619.88,1980.0
5846385.228,76457.0,100.0,591.1,1980.0
5846385.728,76457.0,100.0,591.51,1980.0
5846386.230,76457.0,100.0,591.98,1980.0
5846386.729,76457.0,100.0,593.87,1980.0
5846387.229,76457.0,100.0,596.13,1980.0
5846387.729,76457.0,100.0,593.26,1980.0
5846388.230,76457.0,0.0,387.11,1980.0
5846388.730,76457.0,0.0,157.35,1980.0
5846389.230,76457.0,0.0,121.58,1980.0
5846389.730,76457.0,0.0,121.13,1980.0
5846390.234,76457.0,0.0,120.89,1980.0
5846390.731,76457.0,100.0,369.91,1650.0
5846391.231,76457.0,100.0,668.41,1335.0
5846391.732,76457.0,100.0,695.08,1680.0
5846392.231,76457.0,100.0,692.41,1380.0
5846392.731,76457.0,100.0,690.35,1575.0
5846393.232,76457.0,100.0,692.39,1560.0
5846393.732,76457.0,100.0,661.69,1980.0
5846394.232,76457.0,100.0,601.47,1980.0
5846394.732,76457.0,100.0,600.59,1980.0
5846395.233,76457.0,100.0,602.62,1980.0
5846395.733,76457.0,100.0,600.57,1980.0
5846396.233,76457.0,100.0,600.77,1980.0
5846396.733,76457.0,100.0,601.09,1980.0
5846397.233,76457.0,44.0,566.3,1980.0
5846397.734,76457.0,0.0,332.63,1980.0
5846398.234,76457.0,0.0,121.24,1980.0
5846398.734,76457.0,0.0,120.35,1980.0
5846399.235,76457.0,0.0,120.0,1980.0
5846399.735,76457.0,0.0,128.27,1650.0
5846400.235,76457.0,100.0,445.94,1680.0
5846400.736,76457.0,100.0,707.63,1470.0
5846401.236,76457.0,100.0,687.8,1665.0
5846401.736,76457.0,100.0,703.03,1560.0
5846402.236,76457.0,100.0,673.53,1965.0
5846402.736,76457.0,100.0,646.49,1965.0
5846403.237,76457.0,100.0,641.78,1935.0
5846403.737,76457.0,100.0,616.16,1980.0
5846404.237,76457.0,100.0,623.4,1965.0
5846404.737,76457.0,100.0,638.97,1680.0
5846405.238,76457.0,100.0,627.78,1980.0
5846405.738,76457.0,100.0,620.28,1980.0
5846406.238,76457.0,100.0,609.15,1980.0
5846406.738,76457.0,100.0,569.48,1980.0
5846407.238,76457.0,100.0,498.65,1980.0
5846407.739,76457.0,100.0,462.35,1980.0
5846408.239,76457.0,0.0,299.48,1980.0
5846408.739,76457.0,0.0,137.59,1980.0
5846409.239,76457.0,0.0,120.18,1980.0
5846409.739,76457.0,0.0,119.92,1980.0
5846410.240,76457.0,100.0,262.43,1965.0
5846410.740,76457.0,100.0,433.02,1980.0
5846411.240,76457.0,100.0,504.71,1965.0
5846411.740,76457.0,100.0,536.29,1965.0
5846412.240,76457.0,100.0,517.33,1980.0
5846412.741,76457.0,95.0,548.73,1800.0
5846413.241,76457.0,100.0,520.9,1980.0
5846413.741,76457.0,100.0,516.18,1965.0
5846414.241,76457.0,100.0,516.53,1980.0
5846414.741,76457.0,100.0,524.9,1965.0
5846415.241,76457.0,93.0,560.95,1800.0
5846415.741,76457.0,100.0,517.1,1980.0
5846416.242,76457.0,100.0,557.29,1695.0
5846416.742,76457.0,100.0,639.92,1950.0
5846417.242,76457.0,100.0,636.22,1590.0
5846417.742,76457.0,100.0,549.94,1980.0
5846418.242,76457.0,100.0,540.45,1935.0
5846418.742,76457.0,100.0,542.61,1980.0
5846419.243,76457.0,100.0,546.28,1965.0
5846419.743,76457.0,100.0,548.1,1980.0
5846420.243,76457.0,100.0,542.76,1965.0
5846420.743,76457.0,100.0,559.65,1695.0
5846421.243,76457.0,100.0,523.64,1980.0
5846421.744,76457.0,100.0,540.28,1860.0
5846422.244,76457.0,100.0,523.57,1980.0
5846422.744,76457.0,100.0,529.92,1965.0
5846423.244,76457.0,100.0,526.19,1980.0
5846423.744,76457.0,100.0,522.2,1965.0
5846424.244,76457.0,95.0,550.4,1830.0
5846424.744,76457.0,100.0,520.75,1980.0
5846425.245,76457.0,94.0,534.41,1710.0
5846425.745,76457.0,100.0,519.85,1980.0
5846426.245,76457.0,100.0,540.58,1620.0
5846426.745,76457.0,100.0,529.55,1980.0
5846427.245,76457.0,100.0,522.75,1935.0
5846427.746,76457.0,100.0,524.68,1980.0
5846428.246,76457.0,100.0,518.26,1815.0
5846428.746,76457.0,100.0,521.87,1980.0
5846429.246,76457.0,100.0,521.24,1725.0
5846429.747,76457.0,100.0,508.32,1980.0
5846430.247,76457.0,100.0,509.55,1560.0
5846430.747,76457.0,100.0,514.08,1980.0
5846431.247,76457.0,100.0,508.96,1845.0
5846431.748,76457.0,100.0,506.0,1980.0
5846432.248,76457.0,100.0,515.22,1965.0
5846432.748,76457.0,100.0,518.24,1980.0
5846433.248,76457.0,100.0,517.92,1965.0
5846433.748,76457.0,100.0,522.97,1980.0
5846434.249,76457.0,100.0,517.59,1965.0
5846434.749,76457.0,100.0,512.09,1980.0
5846435.249,76457.0,100.0,517.86,1965.0
5846435.749,76457.0,100.0,521.76,1980.0
5846436.249,76457.0,100.0,520.15,1965.0
5846436.750,76457.0,100.0,521.23,1980.0
5846437.250,76457.0,100.0,528.51,1965.0
5846437.750,76457.0,100.0,523.76,1980.0
5846438.250,76457.0,100.0,508.83,1965.0
5846438.751,76457.0,100.0,514.21,1980.0
5846439.251,76457.0,100.0,522.54,1965.0
5846439.751,76457.0,100.0,518.63,1980.0
5846440.251,76457.0,100.0,519.02,1965.0
5846440.752,76457.0,100.0,522.85,1980.0
5846441.252,76457.0,100.0,518.05,1965.0
5846441.752,76457.0,100.0,513.59,1980.0
5846442.252,76457.0,100.0,517.18,1965.0
5846442.752,76457.0,100.0,520.89,1980.0
5846443.253,76457.0,100.0,518.34,1965.0
5846443.753,76457.0,100.0,512.37,1980.0
5846444.253,76457.0,100.0,513.0,1965.0
5846444.753,76457.0,100.0,518.85,1980.0
5846445.253,76457.0,100.0,516.68,1965.0
5846445.754,76457.0,100.0,507.34,1980.0
5846446.254,76457.0,100.0,512.2,1965.0
5846446.754,76457.0,100.0,519.67,1980.0
5846447.254,76457.0,100.0,511.11,1935.0
5846447.754,76457.0,100.0,510.67,1980.0
5846448.255,76457.0,100.0,513.99,1770.0
5846448.755,76457.0,100.0,524.35,1980.0
5846449.255,76457.0,100.0,521.41,1725.0
5846449.755,76457.0,100.0,513.97,1980.0
5846450.256,76457.0,100.0,526.11,1665.0
5846450.756,76457.0,100.0,525.89,1980.0
5846451.256,76457.0,100.0,514.32,1860.0
5846451.756,76457.0,100.0,522.56,1980.0
5846452.257,76457.0,93.0,513.28,1980.0
5846452.757,76457.0,100.0,527.01,1965.0
5846453.257,76457.0,100.0,522.08,1980.0
5846453.757,76457.0,100.0,524.85,1965.0
5846454.257,76457.0,100.0,522.93,1980.0
5846454.757,76457.0,100.0,517.84,1965.0
5846455.258,76457.0,100.0,523.03,1980.0
5846455.758,76457.0,100.0,527.64,1965.0
5846456.258,76457.0,100.0,515.98,1980.0
5846456.758,76457.0,100.0,510.88,1965.0
5846457.259,76457.0,100.0,512.15,1980.0
5846457.759,76457.0,100.0,510.95,1965.0
5846458.259,76457.0,100.0,511.36,1980.0
5846458.759,76457.0,100.0,541.35,1935.0
5846459.259,76457.0,100.0,540.74,1980.0
5846459.759,76457.0,93.0,489.5,1710.0
5846460.259,76457.0,100.0,501.91,1980.0
5846460.760,76457.0,100.0,481.36,1980.0
5846461.260,76457.0,100.0,503.94,1965.0
5846461.760,76457.0,100.0,505.85,1980.0
5846462.260,76457.0,100.0,511.09,1965.0
5846462.761,76457.0,100.0,513.23,1980.0
5846463.261,76457.0,100.0,505.64,1965.0
5846463.761,76457.0,100.0,521.92,1980.0
5846464.261,76457.0,100.0,525.79,1965.0
5846464.761,76457.0,100.0,511.25,1980.0
5846465.262,76457.0,94.0,503.24,1845.0
5846465.762,76457.0,100.0,503.15,1980.0
5846466.262,76457.0,100.0,470.56,1980.0
5846466.762,76457.0,100.0,518.42,1965.0
5846467.262,76457.0,100.0,510.44,1980.0
5846467.763,76457.0,100.0,515.01,1965.0
5846468.263,76457.0,100.0,518.12,1980.0
5846468.763,76457.0,93.0,508.97,1815.0
5846469.263,76457.0,100.0,514.79,1980.0
5846469.764,76457.0,100.0,491.24,1980.0
5846470.264,76457.0,100.0,520.2,1965.0
5846470.764,76457.0,100.0,504.04,1980.0
5846471.264,76457.0,100.0,511.64,1965.0
5846471.764,76457.0,100.0,509.13,1980.0
5846472.265,76457.0,94.0,511.41,1935.0
5846472.765,76457.0,100.0,512.44,1980.0
5846473.265,76457.0,100.0,509.56,1740.0
5846473.765,76457.0,100.0,520.11,1980.0
5846474.265,76457.0,100.0,489.12,1980.0
5846474.766,76457.0,100.0,510.31,1965.0
5846475.266,76457.0,100.0,510.96,1980.0
5846475.766,76457.0,100.0,513.26,1965.0
5846476.266,76457.0,100.0,514.71,1980.0
5846476.766,76457.0,94.0,518.67,1725.0
5846477.266,76457.0,100.0,516.81,1980.0
5846477.766,76457.0,100.0,482.36,1860.0
5846478.266,76457.0,100.0,517.54,1980.0
5846478.767,76457.0,100.0,521.17,1980.0
5846479.267,76457.0,100.0,515.54,1965.0
5846479.767,76457.0,100.0,511.32,1980.0
5846480.268,76457.0,100.0,514.09,1965.0
5846480.768,76457.0,100.0,517.07,1980.0
5846481.268,76457.0,100.0,501.54,1605.0
5846481.768,76457.0,100.0,524.0,1980.0
5846482.268,76457.0,100.0,500.45,1980.0
5846482.769,76457.0,100.0,516.76,1965.0
5846483.269,76457.0,100.0,515.92,1980.0
5846483.769,76457.0,100.0,470.36,1800.0
5846484.269,76457.0,100.0,515.07,1965.0
5846484.770,76457.0,100.0,513.54,1980.0
5846485.270,76457.0,93.0,509.28,1965.0
5846485.770,76457.0,100.0,511.43,1980.0
5846486.270,76457.0,100.0,486.07,1710.0
5846486.770,76457.0,100.0,511.35,1980.0
5846487.271,76457.0,100.0,501.74,1980.0
5846487.771,76457.0,90.0,504.33,1905.0
5846488.271,76457.0,100.0,497.88,1980.0
5846488.772,76457.0,100.0,467.69,1980.0
5846489.272,76457.0,82.0,504.9,1935.0
5846489.775,76457.0,100.0,506.56,1980.0
5846490.276,76457.0,100.0,468.38,1980.0
5846490.776,76457.0,100.0,459.16,1785.0
5846491.276,76457.0,100.0,506.18,1980.0
5846491.776,76457.0,100.0,510.35,1980.0
5846492.277,76457.0,84.0,502.48,1920.0
5846492.777,76457.0,100.0,504.56,1980.0
5846493.277,76457.0,100.0,469.26,1980.0
5846493.777,76457.0,100.0,512.86,1965.0
5846494.281,76457.0,100.0,509.48,1980.0
5846494.778,76457.0,100.0,467.21,1980.0
5846495.278,76457.0,100.0,461.08,1980.0
5846495.778,76457.0,100.0,501.18,1965.0
5846496.278,76457.0,100.0,507.5,1980.0
5846496.778,76457.0,100.0,464.2,1980.0
5846497.279,76457.0,100.0,509.42,1965.0
5846497.779,76457.0,100.0,510.43,1980.0
5846498.279,76457.0,100.0,466.07,1605.0
5846498.779,76457.0,100.0,507.01,1965.0
5846499.279,76457.0,100.0,512.61,1980.0
5846499.780,76457.0,97.0,483.75,1980.0
5846500.282,76457.0,100.0,510.89,1980.0
5846500.783,76457.0,100.0,507.87,1980.0
5846501.283,76457.0,100.0,464.74,1605.0
5846501.783,76457.0,100.0,504.54,1980.0
5846502.283,76457.0,100.0,511.77,1980.0
5846502.783,76457.0,100.0,462.8,1980.0
5846503.284,76457.0,100.0,500.85,1965.0
5846503.784,76457.0,100.0,511.86,1980.0
5846504.284,76457.0,100.0,472.0,1980.0
5846504.784,76457.0,100.0,511.11,1965.0
5846505.285,76457.0,100.0,513.5,1980.0
5846505.785,76457.0,100.0,479.41,1980.0
5846506.285,76457.0,100.0,508.76,1965.0
5846506.785,76457.0,100.0,507.28,1980.0
5846507.287,76457.0,99.0,511.76,1620.0
5846507.787,76457.0,100.0,510.3,1980.0
5846508.288,76457.0,100.0,470.11,1980.0
5846508.792,76457.0,90.0,487.16,1695.0
5846509.289,76457.0,100.0,504.09,1980.0
5846509.789,76457.0,100.0,486.86,1980.0
5846510.289,76457.0,92.0,491.3,1605.0
5846510.789,76457.0,100.0,502.01,1980.0
5846511.289,76457.0,100.0,483.07,1980.0
5846511.790,76457.0,100.0,509.52,1950.0
5846512.290,76457.0,100.0,510.49,1980.0
5846512.790,76457.0,90.0,476.65,1980.0
5846513.291,76457.0,99.0,516.83,1965.0
5846513.792,76457.0,97.0,507.85,1980.0
5846514.293,76457.0,100.0,462.71,1980.0
5846514.792,76457.0,100.0,505.29,1965.0
5846515.293,76457.0,100.0,514.73,1980.0
5846515.793,76457.0,100.0,464.68,1980.0
5846516.293,76457.0,100.0,507.71,1965.0
5846516.793,76457.0,100.0,512.56,1980.0
5846517.293,76457.0,100.0,465.51,1980.0
5846517.794,76457.0,100.0,509.88,1965.0
5846518.294,76457.0,100.0,518.74,1980.0
5846518.794,76457.0,87.0,469.38,1980.0
5846519.306,76457.0,100.0,511.32,1965.0
5846519.794,76457.0,100.0,516.63,1980.0
5846520.294,76457.0,100.0,472.36,1980.0
5846520.795,76457.0,99.0,507.2,1905.0
5846521.295,76457.0,100.0,508.83,1980.0
5846521.795,76457.0,100.0,463.48,1980.0
5846522.295,76457.0,100.0,453.22,1980.0
5846522.796,76457.0,100.0,496.54,1710.0
5846523.297,76457.0,100.0,500.0,1980.0
5846523.808,76457.0,100.0,455.55,1980.0
5846524.297,76457.0,100.0,455.42,1980.0
5846524.797,76457.0,100.0,504.18,1965.0
5846525.298,76457.0,100.0,511.01,1980.0
5846525.798,76457.0,100.0,458.64,1980.0
5846526.298,76457.0,100.0,493.32,1905.0
5846526.798,76457.0,100.0,504.96,1980.0
5846527.299,76457.0,100.0,462.27,1980.0
5846527.799,76457.0,100.0,451.98,1980.0
5846528.299,76457.0,100.0,494.4,1965.0
5846528.799,76457.0,100.0,498.94,1980.0
5846529.299,76457.0,100.0,455.92,1980.0
5846529.800,76457.0,100.0,502.8,1965.0
5846530.303,76457.0,100.0,514.77,1980.0
5846530.803,76457.0,100.0,464.52,1980.0
5846531.304,76457.0,100.0,502.9,1965.0
5846531.804,76457.0,100.0,512.09,1980.0
5846532.304,76457.0,100.0,465.69,1980.0
5846532.804,76457.0,100.0,510.75,1965.0
5846533.304,76457.0,100.0,517.41,1980.0
5846533.805,76457.0,100.0,520.19,1620.0
5846534.305,76457.0,100.0,522.25,1980.0
5846534.805,76457.0,100.0,482.02,1980.0
5846535.305,76457.0,100.0,513.64,1965.0
5846535.805,76457.0,100.0,512.98,1980.0
5846536.306,76457.0,100.0,472.96,1980.0
5846536.806,76457.0,100.0,510.87,1965.0
5846537.306,76457.0,100.0,513.71,1980.0
5846537.806,76457.0,92.0,494.61,1785.0
5846538.307,76457.0,100.0,512.34,1980.0
5846538.807,76457.0,100.0,493.54,1980.0
5846539.307,76457.0,100.0,519.5,1950.0
5846539.807,76457.0,100.0,518.45,1980.0
5846540.307,76457.0,100.0,472.55,1980.0
5846540.807,76457.0,100.0,509.15,1965.0
5846541.308,76457.0,100.0,509.81,1980.0
5846541.808,76457.0,91.0,477.79,1980.0
5846542.308,76457.0,100.0,512.98,1965.0
5846542.808,76457.0,100.0,507.52,1980.0
5846543.308,76457.0,91.0,511.38,1620.0
5846543.808,76457.0,100.0,511.03,1980.0
5846544.309,76457.0,100.0,477.2,1980.0
5846544.810,76457.0,77.0,488.53,1725.0
5846545.309,76457.0,100.0,501.24,1965.0
5846545.809,76457.0,100.0,492.35,1980.0
5846546.309,76457.0,100.0,461.41,1980.0
5846546.810,76457.0,100.0,499.33,1965.0
5846547.310,76457.0,100.0,507.46,1980.0
5846547.810,76457.0,100.0,459.51,1980.0
5846548.310,76457.0,99.0,470.17,1845.0
5846548.810,76457.0,100.0,499.77,1980.0
5846549.311,76457.0,100.0,486.41,1980.0
5846549.811,76457.0,100.0,456.97,1980.0
5846550.311,76457.0,100.0,502.39,1965.0
5846550.811,76457.0,100.0,511.98,1980.0
5846551.311,76457.0,100.0,460.86,1980.0
5846551.812,76457.0,88.0,469.83,1770.0
5846552.313,76457.0,100.0,506.88,1980.0
5846552.813,76457.0,100.0,490.49,1980.0
5846553.313,76457.0,100.0,456.39,1980.0
5846553.813,76457.0,100.0,496.66,1800.0
5846554.316,76457.0,100.0,507.13,1980.0
5846554.817,76457.0,100.0,461.75,1980.0
5846555.317,76457.0,100.0,464.47,1980.0
5846555.817,76457.0,100.0,509.86,1965.0
5846556.317,76457.0,100.0,513.68,1980.0
5846556.817,76457.0,100.0,460.91,1980.0
5846557.318,76457.0,88.0,500.6,1635.0
5846557.818,76457.0,100.0,511.12,1980.0
5846558.318,76457.0,100.0,463.26,1980.0
5846558.818,76457.0,100.0,454.2,1980.0
5846559.319,76457.0,100.0,504.45,1965.0
5846559.819,76457.0,100.0,513.74,1980.0
5846560.327,76457.0,100.0,461.29,1980.0
5846560.819,76457.0,88.0,489.77,1830.0
5846561.320,76457.0,100.0,506.21,1980.0
5846561.820,76457.0,100.0,474.93,1980.0
5846562.320,76457.0,100.0,460.21,1980.0
5846562.820,76457.0,95.0,460.65,1980.0
5846563.320,76457.0,100.0,503.99,1965.0
5846563.821,76457.0,100.0,503.61,1980.0
5846564.321,76457.0,100.0,452.29,1980.0
5846564.821,76457.0,85.0,499.23,1905.0
5846565.321,76457.0,100.0,510.2,1980.0
5846565.822,76457.0,100.0,464.67,1980.0
5846566.322,76457.0,100.0,456.01,1980.0
5846566.823,76457.0,100.0,502.59,1965.0
5846567.324,76457.0,100.0,502.47,1980.0
5846567.825,76457.0,86.0,441.97,1980.0
5846568.325,76457.0,100.0,437.02,1980.0
5846568.825,76457.0,100.0,505.05,1965.0
5846569.325,76457.0,98.0,509.28,1980.0
5846569.826,76457.0,100.0,456.24,1980.0
5846570.326,76457.0,100.0,447.38,1980.0
5846570.826,76457.0,100.0,504.31,1965.0
5846571.326,76457.0,100.0,506.13,1980.0
5846571.827,76457.0,100.0,453.33,1980.0
5846572.327,76457.0,87.0,474.77,1980.0
5846572.827,76457.0,100.0,504.61,1980.0
5846573.327,76457.0,100.0,489.22,1980.0
5846573.828,76457.0,100.0,454.64,1980.0
5846574.328,76457.0,100.0,457.15,1980.0
5846574.828,76457.0,100.0,508.68,1965.0
5846575.328,76457.0,100.0,509.44,1980.0
5846575.829,76457.0,100.0,452.42,1980.0
5846576.329,76457.0,100.0,502.31,1935.0
5846576.829,76457.0,100.0,512.99,1980.0
5846577.329,76457.0,100.0,465.7,1980.0
5846577.829,76457.0,100.0,496.18,1650.0
5846578.330,76457.0,100.0,507.14,1980.0
5846578.830,76457.0,100.0,476.03,1980.0
5846579.330,76457.0,100.0,457.7,1980.0
5846579.830,76457.0,100.0,504.29,1965.0
5846580.330,76457.0,100.0,513.53,1980.0
5846580.832,76457.0,100.0,461.77,1980.0
5846581.331,76457.0,100.0,501.03,1890.0
5846581.831,76457.0,100.0,511.75,1980.0
5846582.334,76457.0,100.0,468.34,1980.0
5846582.834,76457.0,100.0,457.08,1980.0
5846583.335,76457.0,100.0,500.98,1965.0
5846583.835,76457.0,100.0,507.03,1980.0
5846584.335,76457.0,100.0,461.11,1980.0
5846584.835,76457.0,100.0,502.24,1965.0
5846585.335,76457.0,100.0,514.12,1980.0
5846585.836,76457.0,100.0,469.16,1980.0
5846586.336,76457.0,100.0,510.56,1965.0
5846586.836,76457.0,100.0,515.66,1980.0
5846587.336,76457.0,100.0,471.82,1980.0
5846587.836,76457.0,100.0,478.02,1860.0
5846588.337,76457.0,100.0,509.84,1965.0
5846588.837,76457.0,100.0,508.3,1980.0
5846589.337,76457.0,100.0,462.86,1980.0
5846589.837,76457.0,100.0,506.18,1965.0
5846590.337,76457.0,100.0,516.57,1980.0
5846590.837,76457.0,100.0,467.89,1980.0
5846591.338,76457.0,100.0,507.04,1965.0
5846591.838,76457.0,100.0,515.92,1980.0
5846592.338,76457.0,100.0,469.17,1980.0
5846592.843,76457.0,100.0,511.19,1965.0
5846593.338,76457.0,100.0,518.05,1980.0
5846593.839,76457.0,100.0,471.71,1980.0
5846594.339,76457.0,100.0,512.07,1965.0
5846594.839,76457.0,100.0,518.34,1980.0
5846595.339,76457.0,100.0,476.04,1980.0
5846595.839,76457.0,92.0,516.33,1920.0
5846596.339,76457.0,100.0,514.51,1980.0
5846596.840,76457.0,100.0,471.22,1980.0
5846597.340,76457.0,100.0,505.32,1905.0
5846597.841,76457.0,100.0,510.69,1980.0
5846598.341,76457.0,100.0,482.75,1980.0
5846598.841,76457.0,100.0,491.25,1620.0
5846599.341,76457.0,100.0,507.88,1980.0
5846599.842,76457.0,100.0,499.04,1980.0
5846600.342,76457.0,92.0,479.85,1665.0
5846600.842,76457.0,100.0,506.23,1980.0
5846601.342,76457.0,100.0,504.87,1980.0
5846601.842,76457.0,100.0,466.73,1980.0
5846602.343,76457.0,100.0,505.92,1965.0
5846602.843,76457.0,100.0,517.05,1980.0
5846603.343,76457.0,100.0,467.92,1980.0
5846603.843,76457.0,100.0,504.94,1965.0
5846604.343,76457.0,100.0,513.81,1980.0
5846604.844,76457.0,100.0,467.66,1980.0
5846605.344,76457.0,100.0,504.39,1965.0
5846605.844,76457.0,100.0,510.48,1980.0
5846606.344,76457.0,100.0,466.9,1980.0
5846606.845,76457.0,100.0,506.8,1965.0
5846607.346,76457.0,100.0,514.49,1980.0
5846607.846,76457.0,100.0,471.88,1980.0
5846608.346,76457.0,100.0,508.36,1965.0
5846608.846,76457.0,100.0,513.51,1980.0
5846609.347,76457.0,100.0,473.0,1980.0
5846609.847,76457.0,91.0,504.56,1935.0
5846610.347,76457.0,100.0,508.46,1980.0
5846610.847,76457.0,100.0,475.44,1980.0
5846611.347,76457.0,100.0,507.51,1905.0
5846611.888,76457.0,100.0,512.34,1980.0
5846612.388,76457.0,100.0,473.44,1980.0
5846612.888,76457.0,91.0,510.19,1830.0
5846613.388,76457.0,100.0,516.66,1980.0
5846613.888,76457.0,100.0,476.68,1980.0
5846614.389,76457.0,92.0,511.0,1665.0
5846614.889,76457.0,100.0,514.64,1980.0
5846615.389,76457.0,100.0,475.01,1980.0
5846615.894,76457.0,100.0,501.67,1620.0
5846616.390,76457.0,100.0,508.61,1980.0
5846616.908,76457.0,100.0,478.5,1980.0
5846617.408,76457.0,100.0,497.77,1755.0
5846617.908,76457.0,100.0,505.45,1980.0
5846618.408,76457.0,100.0,486.77,1980.0
5846618.908,76457.0,100.0,463.1,1980.0
5846619.409,76457.0,100.0,508.75,1965.0
5846619.909,76457.0,100.0,520.44,1980.0
5846620.409,76457.0,100.0,469.17,1980.0
5846620.909,76457.0,100.0,509.96,1965.0
5846621.409,76457.0,100.0,526.53,1980.0
5846621.909,76457.0,100.0,473.91,1980.0
5846622.410,76457.0,100.0,509.49,1965.0
5846622.910,76457.0,100.0,523.2,1980.0
5846623.410,76457.0,100.0,474.55,1980.0
5846623.913,76457.0,100.0,508.69,1620.0
5846624.410,76457.0,100.0,518.71,1980.0
5846624.911,76457.0,100.0,477.65,1980.0
5846625.411,76457.0,100.0,469.35,1980.0
5846625.911,76457.0,100.0,512.24,1965.0
5846626.411,76457.0,100.0,526.32,1980.0
5846626.912,76457.0,100.0,467.56,1980.0
5846627.412,76457.0,100.0,511.42,1965.0
5846627.912,76457.0,100.0,514.91,1980.0
5846628.412,76457.0,100.0,462.13,1980.0
5846628.912,76457.0,100.0,508.41,1710.0
5846629.412,76457.0,100.0,525.03,1980.0
5846629.913,76457.0,100.0,494.48,1980.0
5846630.413,76457.0,92.0,466.2,1665.0
5846630.913,76457.0,100.0,515.32,1980.0
5846631.413,76457.0,100.0,527.72,1980.0
5846631.914,76457.0,100.0,472.0,1980.0
5846632.414,76457.0,100.0,506.47,1965.0
5846632.914,76457.0,100.0,514.72,1980.0
5846633.414,76457.0,100.0,469.08,1980.0
5846633.914,76457.0,100.0,512.12,1965.0
5846634.415,76457.0,100.0,525.86,1980.0
5846634.915,76457.0,100.0,482.28,1980.0
5846635.415,76457.0,100.0,510.44,1950.0
5846635.915,76457.0,100.0,511.3,1980.0
5846636.415,76457.0,100.0,477.99,1980.0
5846636.916,76457.0,100.0,487.37,1605.0
5846637.416,76457.0,100.0,509.62,1980.0
5846637.916,76457.0,100.0,506.62,1980.0
5846638.416,76457.0,100.0,466.11,1980.0
5846638.916,76457.0,100.0,508.57,1965.0
5846639.417,76457.0,100.0,518.61,1980.0
5846639.917,76457.0,100.0,467.81,1980.0
5846640.417,76457.0,100.0,507.82,1965.0
5846640.917,76457.0,100.0,520.96,1980.0
5846641.417,76457.0,100.0,475.96,1980.0
5846641.918,76457.0,100.0,504.83,1965.0
5846642.418,76457.0,100.0,507.02,1980.0
5846642.918,76457.0,100.0,476.19,1980.0
5846643.418,76457.0,100.0,515.44,1875.0
5846643.918,76457.0,100.0,513.12,1980.0
5846644.418,76457.0,100.0,488.78,1980.0
5846644.918,76457.0,100.0,478.13,1815.0
5846645.419,76457.0,100.0,505.53,1980.0
5846645.919,76457.0,100.0,517.97,1980.0
5846646.419,76457.0,100.0,469.45,1980.0
5846646.919,76457.0,100.0,514.38,1965.0
5846647.420,76457.0,100.0,530.36,1980.0
5846647.919,76457.0,100.0,473.11,1980.0
5846648.420,76457.0,100.0,508.36,1965.0
5846648.920,76457.0,100.0,521.59,1980.0
5846649.420,76457.0,100.0,473.0,1980.0
5846649.920,76457.0,100.0,508.78,1965.0
5846650.420,76457.0,100.0,518.42,1980.0
5846650.920,76457.0,100.0,482.8,1980.0
5846651.421,76457.0,100.0,508.19,1650.0
5846651.921,76457.0,100.0,517.54,1980.0
5846652.421,76457.0,100.0,490.92,1980.0
5846652.921,76457.0,100.0,465.33,1980.0
5846653.421,76457.0,100.0,508.24,1965.0
5846653.921,76457.0,100.0,519.92,1980.0
5846654.422,76457.0,100.0,471.82,1980.0
5846654.922,76457.0,90.0,515.47,1650.0
5846655.422,76457.0,100.0,528.44,1980.0
5846655.922,76457.0,100.0,486.89,1980.0
5846656.422,76457.0,100.0,465.1,1980.0
5846656.922,76457.0,100.0,518.29,1965.0
5846657.422,76457.0,100.0,528.15,1980.0
5846657.923,76457.0,100.0,469.17,1980.0
5846658.423,76457.0,100.0,508.42,1650.0
5846658.923,76457.0,100.0,522.37,1980.0
5846659.423,76457.0,100.0,475.89,1980.0
5846659.923,76457.0,100.0,472.57,1980.0
5846660.423,76457.0,100.0,517.17,1965.0
5846660.923,76457.0,100.0,517.17,1980.0
5846661.424,76457.0,100.0,469.71,1980.0
5846661.924,76457.0,100.0,515.61,1965.0
5846662.424,76457.0,100.0,528.77,1980.0
5846662.924,76457.0,100.0,474.58,1980.0
5846663.424,76457.0,100.0,509.05,1605.0
5846663.924,76457.0,100.0,519.52,1980.0
5846664.425,76457.0,100.0,478.94,1980.0
5846664.925,76457.0,100.0,464.52,1980.0
5846665.426,76457.0,100.0,512.87,1965.0
5846665.926,76457.0,100.0,523.51,1980.0
5846666.427,76457.0,100.0,471.22,1980.0
5846666.927,76457.0,91.0,509.36,1680.0
5846667.427,76457.0,100.0,519.72,1980.0
5846667.927,76457.0,100.0,472.81,1980.0
5846668.428,76457.0,99.0,461.43,1980.0
5846668.928,76457.0,100.0,516.31,1965.0
5846669.428,76457.0,100.0,528.25,1980.0
5846669.928,76457.0,100.0,469.95,1980.0
5846670.428,76457.0,100.0,514.16,1965.0
5846670.928,76457.0,100.0,527.0,1980.0
5846671.517,76457.0,100.0,471.17,1980.0
5846672.017,76457.0,100.0,507.85,1635.0
5846672.517,76457.0,100.0,521.2,1980.0
5846673.017,76457.0,100.0,474.21,1980.0
5846673.517,76457.0,100.0,461.75,1980.0
5846674.017,76457.0,100.0,517.26,1965.0
5846674.517,76457.0,100.0,528.84,1980.0
5846675.018,76457.0,100.0,468.54,1980.0
5846675.518,76457.0,100.0,507.22,1905.0
5846676.018,76457.0,100.0,520.38,1980.0
5846676.518,76457.0,100.0,475.87,1980.0
5846677.018,76457.0,100.0,461.7,1980.0
5846677.518,76457.0,100.0,512.27,1965.0
5846678.019,76457.0,100.0,522.83,1980.0
5846678.519,76457.0,100.0,465.92,1980.0
5846679.019,76457.0,100.0,504.09,1890.0
5846679.519,76457.0,100.0,518.41,1980.0
5846680.019,76457.0,100.0,473.44,1980.0
5846680.519,76457.0,100.0,462.04,1980.0
5846681.019,76457.0,100.0,512.17,1965.0
5846681.520,76457.0,100.0,521.4,1980.0
5846682.020,76457.0,100.0,469.02,1980.0
5846682.520,76457.0,100.0,483.73,1980.0
5846683.020,76457.0,100.0,516.64,1965.0
5846683.522,76457.0,100.0,504.57,1980.0
5846684.022,76457.0,100.0,463.18,1980.0
5846684.523,76457.0,100.0,509.08,1965.0
5846685.023,76457.0,100.0,522.17,1980.0
5846685.523,76457.0,100.0,470.67,1980.0
5846686.023,76457.0,100.0,467.67,1980.0
5846686.524,76457.0,100.0,512.46,1965.0
5846687.024,76457.0,100.0,510.64,1980.0
5846687.524,76457.0,100.0,466.74,1980.0
5846688.024,76457.0,100.0,507.44,1950.0
5846688.524,76457.0,100.0,522.16,1980.0
5846689.025,76457.0,100.0,476.26,1980.0
5846689.525,76457.0,100.0,463.89,1980.0
5846690.025,76457.0,100.0,517.1,1965.0
5846690.526,76457.0,100.0,522.67,1980.0
5846691.027,76457.0,100.0,466.32,1980.0
5846691.527,76457.0,90.0,503.81,1680.0
5846692.027,76457.0,100.0,516.82,1980.0
5846692.527,76457.0,100.0,473.34,1980.0
5846693.027,76457.0,100.0,460.32,1980.0
5846693.528,76457.0,100.0,509.06,1965.0
5846694.028,76457.0,100.0,524.02,1980.0
5846694.528,76457.0,100.0,473.37,1980.0
5846695.028,76457.0,90.0,508.28,1785.0
5846695.528,76457.0,100.0,520.02,1980.0
5846696.029,76457.0,100.0,471.98,1980.0
5846696.529,76457.0,100.0,461.94,1980.0
5846697.029,76457.0,100.0,513.52,1965.0
5846697.529,76457.0,100.0,520.2,1980.0
5846698.031,76457.0,100.0,468.34,1980.0
5846698.531,76457.0,90.0,504.38,1740.0
5846699.031,76457.0,100.0,519.23,1980.0
5846699.531,76457.0,100.0,486.24,1980.0
5846700.032,76457.0,100.0,463.13,1980.0
5846700.532,76457.0,100.0,509.8,1965.0
5846701.032,76457.0,100.0,524.78,1980.0
5846701.532,76457.0,100.0,473.89,1980.0
5846702.032,76457.0,100.0,470.59,1980.0
5846702.533,76457.0,100.0,511.28,1965.0
5846703.033,76457.0,100.0,511.18,1980.0
5846703.533,76457.0,100.0,472.28,1980.0
5846704.033,76457.0,100.0,506.37,1965.0
5846704.533,76457.0,100.0,518.65,1980.0
5846705.034,76457.0,100.0,471.3,1980.0
5846705.534,76457.0,100.0,468.99,1980.0
5846706.034,76457.0,100.0,511.67,1965.0
5846706.535,76457.0,100.0,510.12,1980.0
5846707.035,76457.0,100.0,466.23,1980.0
5846707.535,76457.0,100.0,507.93,1875.0
5846708.035,76457.0,100.0,519.12,1980.0
5846708.535,76457.0,100.0,487.15,1980.0
5846709.035,76457.0,100.0,466.18,1980.0
5846709.536,76457.0,100.0,511.46,1965.0
5846710.036,76457.0,100.0,527.42,1980.0
5846710.536,76457.0,100.0,475.29,1980.0
5846711.036,76457.0,100.0,457.92,1755.0
5846711.537,76457.0,100.0,511.15,1980.0
5846712.037,76457.0,100.0,515.99,1980.0
5846712.537,76457.0,100.0,463.9,1980.0
5846713.037,76457.0,80.0,500.58,1905.0
5846713.537,76457.0,100.0,513.2,1980.0
5846714.037,76457.0,100.0,483.59,1980.0
5846714.538,76457.0,100.0,465.4,1980.0
5846715.038,76457.0,100.0,509.06,1965.0
5846715.540,76457.0,100.0,518.61,1980.0
5846716.040,76457.0,100.0,471.45,1980.0
5846716.540,76457.0,88.0,475.19,1650.0
5846717.040,76457.0,100.0,514.13,1980.0
5846717.540,76457.0,100.0,515.76,1980.0
5846718.041,76457.0,100.0,470.01,1980.0
5846718.541,76457.0,100.0,497.8,1860.0
5846719.041,76457.0,100.0,513.32,1980.0
5846719.541,76457.0,100.0,477.2,1980.0
5846720.042,76457.0,100.0,460.11,1980.0
5846720.542,76457.0,100.0,508.96,1965.0
5846721.042,76457.0,100.0,521.71,1950.0
5846721.543,76457.0,100.0,622.45,1560.0
5846722.043,76457.0,100.0,708.59,1635.0
5846722.543,76457.0,100.0,689.66,1680.0
5846723.043,76457.0,100.0,701.31,1410.0
5846723.543,76457.0,100.0,692.48,1680.0
5846724.044,76457.0,100.0,696.58,1380.0
5846724.544,76457.0,100.0,695.63,1605.0
5846725.115,76457.0,100.0,697.57,1395.0
5846725.616,76457.0,100.0,693.08,1650.0
5846726.116,76457.0,100.0,693.48,1380.0
5846726.616,76457.0,100.0,695.43,1515.0
5846727.116,76457.0,100.0,697.52,1425.0
5846727.616,76457.0,100.0,697.76,1560.0
5846728.116,76457.0,100.0,690.71,1485.0
5846728.617,76457.0,100.0,693.28,1470.0
5846729.117,76457.0,100.0,697.93,1560.0
5846729.617,76457.0,100.0,698.65,1425.0
5846730.117,76457.0,100.0,690.6,1635.0
5846730.617,76457.0,100.0,691.92,1455.0
5846731.118,76457.0,100.0,702.77,1590.0
5846731.618,76457.0,100.0,699.29,1410.0
5846732.118,76457.0,100.0,693.98,1545.0
5846732.618,76457.0,100.0,691.34,1395.0
5846733.118,76457.0,100.0,692.4,1530.0
5846733.619,76457.0,100.0,689.96,1530.0
5846734.119,76457.0,100.0,696.62,1425.0
5846734.619,76457.0,100.0,693.09,1560.0
5846735.119,76457.0,100.0,694.14,1485.0
5846735.619,76457.0,100.0,691.22,1515.0
5846736.120,76457.0,100.0,690.96,1485.0
5846736.620,76457.0,100.0,694.24,1485.0
5846737.121,76457.0,100.0,692.08,1455.0
5846737.621,76457.0,100.0,698.64,1620.0
5846738.121,76457.0,100.0,696.89,1395.0
5846738.622,76457.0,100.0,694.9,1545.0
5846739.122,76457.0,100.0,692.29,1515.0
5846739.622,76457.0,100.0,693.73,1500.0
5846740.122,76457.0,100.0,694.7,1395.0
5846740.622,76457.0,100.0,691.28,1530.0
5846741.122,76457.0,100.0,692.51,1380.0
5846741.623,76457.0,100.0,698.17,1530.0
5846742.123,76457.0,100.0,695.36,1485.0
5846742.623,76457.0,100.0,696.03,1410.0
5846743.123,76457.0,100.0,692.84,1425.0
5846743.623,76457.0,100.0,691.16,1485.0
5846744.123,76457.0,100.0,696.34,1410.0
5846744.624,76457.0,100.0,667.38,1965.0
5846745.124,76457.0,100.0,641.16,1980.0
5846745.625,76457.0,100.0,645.62,1980.0
5846746.124,76457.0,100.0,645.16,1980.0
5846746.625,76457.0,100.0,648.58,1980.0
5846747.125,76457.0,100.0,652.34,1980.0
5846747.625,76457.0,100.0,651.97,1980.0
5846748.125,76457.0,100.0,639.3,1980.0
5846748.625,76457.0,28.0,494.67,1980.0
5846749.126,76457.0,0.0,239.32,1980.0
5846749.626,76457.0,0.0,121.51,1980.0
5846750.126,76457.0,100.0,291.77,1515.0
5846750.631,76457.0,100.0,598.89,1605.0
5846751.126,76457.0,100.0,673.94,1800.0
5846751.630,76457.0,100.0,567.23,1695.0
5846752.130,76457.0,100.0,512.56,1965.0
5846752.630,76457.0,100.0,499.62,1980.0
5846753.130,76457.0,100.0,517.31,1965.0
5846753.630,76457.0,100.0,526.56,1980.0
5846754.131,76457.0,100.0,533.83,1965.0
5846754.631,76457.0,100.0,525.52,1980.0
5846755.131,76457.0,100.0,526.19,1965.0
5846755.631,76457.0,100.0,531.01,1980.0
5846756.131,76457.0,100.0,535.84,1965.0
5846756.632,76457.0,100.0,534.01,1980.0
5846757.132,76457.0,100.0,534.47,1965.0
5846757.632,76457.0,100.0,534.69,1980.0
5846758.132,76457.0,100.0,525.15,1965.0
5846758.632,76457.0,100.0,525.85,1980.0
5846759.132,76457.0,100.0,529.92,1965.0
5846759.633,76457.0,100.0,528.93,1980.0
5846760.133,76457.0,100.0,528.55,1965.0
5846760.633,76457.0,100.0,528.06,1980.0
5846761.133,76457.0,100.0,522.53,1950.0
5846761.633,76457.0,100.0,526.79,1980.0
5846762.133,76457.0,100.0,530.65,1935.0
5846762.634,76457.0,100.0,527.52,1980.0
5846763.134,76457.0,100.0,529.67,1935.0
5846763.634,76457.0,100.0,533.62,1980.0
5846764.134,76457.0,100.0,530.63,1680.0
5846764.634,76457.0,100.0,532.88,1980.0
5846765.134,76457.0,94.0,534.48,1605.0
5846765.634,76457.0,100.0,533.74,1980.0
5846766.135,76457.0,100.0,529.87,1605.0
5846766.635,76457.0,100.0,528.16,1980.0
5846767.136,76457.0,100.0,526.93,1605.0
5846767.635,76457.0,100.0,523.15,1980.0
5846768.135,76457.0,100.0,528.91,1770.0
5846768.636,76457.0,100.0,529.33,1980.0
5846769.136,76457.0,100.0,524.88,1620.0
5846769.636,76457.0,100.0,529.5,1980.0
5846770.136,76457.0,100.0,526.62,1650.0
5846770.636,76457.0,100.0,529.19,1980.0
5846771.137,76457.0,100.0,530.44,1860.0
5846771.637,76457.0,100.0,528.41,1980.0
5846772.137,76457.0,100.0,493.51,1980.0
5846772.637,76457.0,100.0,523.57,1965.0
5846773.137,76457.0,100.0,527.3,1980.0
5846773.637,76457.0,100.0,523.31,1965.0
5846774.138,76457.0,100.0,522.13,1980.0
5846774.638,76457.0,94.0,523.58,1680.0
5846775.139,76457.0,100.0,523.59,1980.0
5846775.639,76457.0,100.0,500.08,1860.0
5846776.139,76457.0,100.0,523.74,1980.0
5846776.639,76457.0,100.0,506.96,1980.0
5846777.140,76457.0,100.0,524.63,1965.0
5846777.640,76457.0,100.0,526.49,1980.0
5846778.140,76457.0,100.0,525.41,1965.0
5846778.640,76457.0,100.0,527.79,1980.0
5846779.140,76457.0,94.0,525.19,1830.0
5846779.641,76457.0,100.0,523.26,1980.0
5846780.142,76457.0,100.0,499.0,1725.0
5846780.642,76457.0,100.0,524.53,1980.0
5846781.142,76457.0,100.0,526.81,1980.0
5846781.642,76457.0,100.0,530.35,1965.0
5846782.142,76457.0,100.0,530.39,1980.0
5846782.642,76457.0,100.0,523.57,1965.0
5846783.143,76457.0,100.0,525.7,1980.0
5846783.643,76457.0,94.0,497.74,1665.0
5846784.143,76457.0,100.0,525.98,1980.0
5846784.644,76457.0,100.0,517.94,1980.0
5846785.144,76457.0,100.0,520.47,1965.0
5846785.644,76457.0,100.0,520.51,1980.0
5846786.144,76457.0,100.0,516.98,1965.0
5846786.644,76457.0,100.0,520.29,1980.0
5846787.144,76457.0,92.0,518.71,1860.0
5846787.645,76457.0,100.0,523.15,1980.0
5846788.145,76457.0,100.0,491.26,1980.0
5846788.645,76457.0,100.0,525.39,1980.0
5846789.145,76457.0,100.0,525.88,1980.0
5846789.645,76457.0,100.0,528.5,1965.0
5846790.146,76457.0,100.0,531.58,1980.0
5846790.646,76457.0,100.0,526.54,1965.0
5846791.146,76457.0,100.0,528.54,1980.0
5846791.646,76457.0,98.0,512.99,1830.0
5846792.146,76457.0,100.0,525.01,1980.0
5846792.647,76457.0,100.0,494.83,1980.0
5846793.147,76457.0,100.0,525.55,1965.0
5846793.647,76457.0,100.0,526.68,1980.0
5846794.147,76457.0,100.0,522.19,1965.0
5846794.647,76457.0,100.0,524.49,1980.0
5846795.148,76457.0,100.0,500.24,1860.0
5846795.648,76457.0,100.0,526.66,1980.0
5846796.148,76457.0,100.0,499.4,1980.0
5846796.648,76457.0,100.0,526.68,1965.0
5846797.148,76457.0,100.0,524.07,1980.0
5846797.649,76457.0,93.0,493.93,1920.0
5846798.149,76457.0,100.0,526.27,1965.0
5846798.649,76457.0,100.0,509.4,1980.0
5846799.149,76457.0,100.0,525.53,1965.0
5846799.649,76457.0,100.0,525.27,1980.0
5846800.149,76457.0,100.0,520.38,1770.0
5846800.649,76457.0,100.0,527.36,1980.0
5846801.150,76457.0,100.0,490.29,1980.0
5846801.697,76457.0,100.0,523.53,1965.0
5846802.197,76457.0,100.0,522.72,1980.0
5846802.698,76457.0,100.0,523.64,1935.0
5846803.198,76457.0,100.0,523.86,1980.0
5846803.698,76457.0,100.0,508.7,1875.0
5846804.198,76457.0,100.0,524.08,1980.0
5846804.698,76457.0,100.0,492.43,1980.0
5846805.199,76457.0,100.0,522.27,1965.0
5846805.699,76457.0,100.0,522.27,1980.0
5846806.199,76457.0,100.0,506.6,1605.0
5846806.699,76457.0,100.0,525.5,1980.0
5846807.199,76457.0,100.0,503.05,1980.0
5846807.700,76457.0,100.0,525.03,1965.0
5846808.200,76457.0,100.0,522.24,1980.0
5846808.700,76457.0,95.0,516.51,1905.0
5846809.200,76457.0,100.0,522.07,1980.0
5846809.700,76457.0,100.0,479.74,1845.0
5846810.200,76457.0,100.0,524.85,1980.0
5846810.701,76457.0,100.0,524.39,1980.0
5846811.201,76457.0,91.0,518.86,1965.0
5846811.701,76457.0,100.0,521.72,1980.0
5846812.201,76457.0,100.0,498.52,1635.0
5846812.701,76457.0,100.0,522.14,1980.0
5846813.202,76457.0,100.0,508.26,1980.0
5846813.702,76457.0,100.0,522.84,1965.0
5846814.202,76457.0,100.0,523.4,1980.0
5846814.702,76457.0,100.0,518.19,1950.0
5846815.202,76457.0,100.0,522.43,1980.0
5846815.702,76457.0,100.0,490.46,1710.0
5846816.203,76457.0,100.0,526.32,1980.0
5846816.703,76457.0,100.0,523.84,1980.0
5846817.203,76457.0,100.0,523.39,1965.0
5846817.703,76457.0,100.0,525.94,1980.0
5846818.203,76457.0,94.0,502.32,1680.0
5846818.703,76457.0,100.0,522.52,1980.0
5846819.204,76457.0,100.0,500.39,1980.0
5846819.704,76457.0,100.0,471.33,1980.0
5846820.204,76457.0,100.0,459.58,1980.0
5846820.704,76457.0,0.0,386.55,1980.0
5846821.205,76457.0,0.0,218.36,1980.0
5846821.705,76457.0,0.0,120.17,1980.0
5846822.206,76457.0,0.0,119.79,1980.0
5846822.706,76457.0,0.0,119.52,1980.0
5846823.207,76457.0,0.0,119.32,1980.0
5846823.707,76457.0,0.0,119.2,1980.0
5846824.208,76457.0,0.0,119.03,1980.0
5846824.707,76457.0,0.0,118.91,1980.0
5846825.207,76457.0,0.0,118.82,1980.0
5846825.708,76457.0,0.0,118.72,1980.0
5846826.208,76457.0,0.0,118.56,1980.0
5846826.708,76457.0,0.0,118.46,1980.0
5846827.208,76457.0,0.0,170.76,1530.0
5846827.708,76457.0,100.0,487.08,1470.0
5846828.209,76457.0,100.0,703.77,1470.0
5846828.727,76457.0,100.0,692.15,1515.0
5846829.227,76457.0,100.0,699.42,1515.0
5846829.727,76457.0,100.0,697.73,1635.0
5846830.227,76457.0,100.0,695.43,1455.0
5846830.727,76457.0,100.0,696.72,1455.0
5846831.228,76457.0,100.0,697.76,1545.0
5846831.728,76457.0,100.0,692.17,1425.0
5846832.228,76457.0,100.0,693.94,1590.0
5846832.728,76457.0,100.0,694.72,1470.0
5846833.228,76457.0,100.0,694.92,1605.0
5846833.728,76457.0,100.0,693.03,1380.0
5846834.229,76457.0,100.0,693.65,1545.0
5846834.729,76457.0,100.0,689.38,1500.0
5846835.289,76457.0,100.0,690.85,1425.0
5846835.789,76457.0,100.0,697.56,1485.0
5846836.289,76457.0,100.0,698.11,1485.0
5846836.789,76457.0,100.0,692.87,1635.0
5846837.289,76457.0,100.0,693.9,1425.0
5846837.790,76457.0,100.0,691.74,1590.0
5846838.290,76457.0,100.0,693.47,1470.0
5846838.790,76457.0,100.0,692.74,1425.0
5846839.290,76457.0,100.0,695.19,1530.0
5846839.790,76457.0,100.0,696.8,1350.0
5846840.291,76457.0,100.0,692.06,1605.0
5846840.791,76457.0,100.0,690.29,1425.0
5846841.291,76457.0,100.0,698.15,1575.0
5846841.792,76457.0,100.0,696.56,1455.0
5846842.292,76457.0,100.0,695.28,1425.0
5846842.792,76457.0,100.0,693.14,1605.0
5846843.292,76457.0,100.0,694.88,1410.0
5846843.793,76457.0,100.0,692.6,1590.0
5846844.293,76457.0,100.0,692.32,1440.0
5846844.793,76457.0,100.0,691.19,1515.0
5846845.293,76457.0,100.0,688.98,1500.0
5846845.793,76457.0,100.0,691.05,1425.0
5846846.294,76457.0,100.0,697.21,1575.0
5846846.794,76457.0,100.0,692.92,1425.0
5846847.294,76457.0,100.0,696.73,1560.0
5846847.896,76457.0,100.0,696.68,1455.0
5846848.396,76457.0,100.0,693.93,1620.0
5846848.896,76457.0,100.0,696.97,1425.0
5846849.398,76457.0,100.0,692.51,1560.0
5846849.898,76457.0,100.0,691.93,1455.0
5846850.399,76457.0,100.0,696.16,1425.0
5846850.902,76457.0,100.0,696.39,1470.0
5846851.399,76457.0,100.0,697.56,1380.0
5846851.899,76457.0,100.0,691.81,1635.0
5846852.399,76457.0,100.0,692.16,1470.0
5846852.900,76457.0,100.0,695.26,1575.0
5846853.401,76457.0,100.0,693.78,1485.0
5846853.901,76457.0,100.0,694.11,1425.0
5846854.401,76457.0,100.0,693.85,1620.0
5846854.901,76457.0,100.0,697.84,1365.0
5846855.401,76457.0,100.0,688.61,1650.0
5846855.902,76457.0,100.0,690.87,1470.0
5846856.402,76457.0,100.0,692.4,1575.0
5846856.902,76457.0,100.0,695.55,1500.0
5846857.402,76457.0,100.0,695.21,1485.0
5846857.902,76457.0,100.0,690.02,1545.0
5846858.403,76457.0,100.0,691.18,1470.0
5846858.903,76457.0,100.0,687.61,1485.0
5846859.403,76457.0,100.0,700.89,1605.0
5846859.903,76457.0,100.0,692.91,1470.0
5846860.404,76457.0,100.0,692.54,1560.0
5846860.904,76457.0,100.0,697.09,1470.0
5846861.404,76457.0,100.0,693.39,1515.0
5846861.904,76457.0,100.0,693.53,1485.0
5846862.404,76457.0,100.0,692.24,1500.0
5846862.904,76457.0,100.0,692.9,1530.0
5846863.405,76457.0,100.0,696.73,1470.0
5846863.905,76457.0,100.0,697.26,1560.0
5846864.405,76457.0,100.0,690.31,1485.0
5846864.905,76457.0,100.0,693.36,1365.0
5846865.405,76457.0,100.0,681.13,1965.0
5846865.906,76457.0,100.0,656.79,1980.0
5846866.406,76457.0,100.0,658.91,1980.0
5846866.912,76457.0,100.0,665.94,1980.0
5846867.413,76457.0,100.0,663.56,1980.0
5846867.912,76457.0,100.0,659.56,1980.0
5846868.412,76457.0,100.0,661.35,1980.0
5846868.912,76457.0,100.0,658.99,1980.0
5846869.412,76457.0,100.0,658.04,1980.0
5846869.913,76457.0,100.0,662.0,1980.0
5846870.413,76457.0,100.0,663.91,1980.0
5846870.913,76457.0,100.0,663.31,1980.0
5846871.415,76457.0,100.0,661.35,1980.0
5846871.913,76457.0,100.0,661.36,1980.0
5846872.414,76457.0,100.0,664.66,1980.0
5846872.914,76457.0,100.0,663.94,1980.0
5846873.414,76457.0,100.0,658.75,1980.0
5846873.914,76457.0,100.0,657.78,1980.0
5846874.414,76457.0,100.0,659.24,1980.0
5846874.915,76457.0,100.0,665.06,1980.0
5846875.415,76457.0,100.0,670.2,1980.0
5846875.915,76457.0,100.0,670.94,1980.0
5846876.415,76457.0,100.0,663.31,1980.0
5846876.918,76457.0,100.0,659.03,1980.0
5846877.416,76457.0,100.0,663.42,1980.0
5846877.916,76457.0,100.0,661.78,1980.0
5846878.416,76457.0,100.0,660.91,1980.0
5846878.916,76457.0,100.0,662.86,1980.0
5846879.416,76457.0,100.0,663.2,1980.0
5846879.917,76457.0,100.0,661.53,1980.0
5846880.417,76457.0,100.0,661.97,1980.0
5846880.917,76457.0,100.0,663.02,1980.0
5846881.417,76457.0,100.0,661.2,1980.0
5846881.917,76457.0,100.0,662.82,1980.0
5846882.418,76457.0,100.0,664.32,1980.0
5846882.918,76457.0,100.0,662.4,1980.0
5846883.418,76457.0,100.0,661.23,1980.0
5846883.920,76457.0,100.0,660.88,1980.0
5846884.420,76457.0,100.0,662.18,1980.0
5846884.920,76457.0,100.0,663.22,1980.0
5846885.420,76457.0,100.0,661.79,1980.0
5846885.921,76457.0,100.0,664.91,1980.0
5846886.421,76457.0,100.0,663.24,1980.0
5846886.921,76457.0,100.0,660.37,1980.0
5846887.421,76457.0,100.0,661.59,1980.0
5846887.921,76457.0,100.0,663.38,1980.0
5846888.422,76457.0,100.0,663.09,1980.0
5846888.922,76457.0,100.0,662.97,1980.0
5846889.422,76457.0,100.0,663.92,1980.0
5846889.922,76457.0,100.0,663.73,1980.0
5846890.422,76457.0,100.0,663.46,1980.0
5846890.922,76457.0,100.0,665.3,1980.0
5846891.422,76457.0,100.0,664.93,1980.0
5846891.922,76457.0,100.0,662.39,1980.0
5846892.423,76457.0,100.0,661.86,1980.0
5846892.923,76457.0,100.0,663.59,1980.0
5846893.423,76457.0,100.0,663.19,1980.0
5846893.923,76457.0,100.0,662.56,1980.0
5846894.424,76457.0,100.0,663.43,1980.0
5846894.924,76457.0,100.0,663.49,1980.0
5846895.424,76457.0,100.0,662.43,1980.0
5846895.924,76457.0,100.0,662.13,1980.0
5846896.424,76457.0,100.0,663.34,1980.0
5846896.924,76457.0,100.0,664.26,1980.0
5846897.424,76457.0,100.0,663.56,1980.0
5846897.925,76457.0,100.0,662.57,1980.0
5846898.425,76457.0,100.0,662.41,1980.0
5846898.925,76457.0,100.0,662.22,1980.0
5846899.425,76457.0,100.0,663.15,1980.0
5846899.925,76457.0,100.0,662.8,1980.0
5846900.426,76457.0,100.0,660.87,1980.0
5846900.926,76457.0,100.0,662.36,1980.0
5846901.426,76457.0,100.0,662.54,1980.0
5846901.926,76457.0,100.0,663.05,1980.0
5846902.427,76457.0,100.0,665.8,1980.0
5846902.927,76457.0,100.0,667.59,1980.0
5846903.427,76457.0,100.0,651.18,1980.0
5846903.927,76457.0,0.0,523.81,1980.0
5846904.427,76457.0,0.0,273.39,1980.0
5846904.935,76457.0,0.0,123.48,1980.0
5846905.428,76457.0,0.0,121.78,1980.0
5846905.928,76457.0,0.0,121.06,1980.0
5846906.428,76457.0,0.0,120.77,1980.0
5846906.928,76457.0,0.0,120.55,1980.0
5846907.428,76457.0,100.0,277.48,1965.0
5846907.929,76457.0,100.0,450.57,1980.0
5846908.429,76457.0,100.0,461.06,1980.0
5846908.929,76457.0,100.0,510.21,1605.0
5846909.429,76457.0,100.0,519.93,1980.0
5846909.929,76457.0,100.0,486.56,1980.0
5846910.430,76457.0,100.0,500.75,1860.0
5846910.930,76457.0,100.0,539.03,1965.0
5846911.430,76457.0,100.0,540.04,1980.0
5846911.930,76457.0,100.0,513.86,1980.0
5846912.430,76457.0,100.0,557.53,1890.0
5846912.930,76457.0,100.0,567.77,1980.0
5846913.431,76457.0,100.0,538.99,1980.0
5846913.931,76457.0,93.0,581.82,1740.0
5846914.431,76457.0,100.0,587.95,1980.0
5846914.931,76457.0,100.0,563.02,1980.0
5846915.431,76457.0,100.0,562.19,1980.0
5846915.931,76457.0,93.0,592.85,1935.0
5846916.432,76457.0,100.0,597.85,1980.0
5846916.932,76457.0,100.0,572.25,1980.0
5846917.432,76457.0,100.0,579.86,1980.0
5846917.933,76457.0,100.0,599.11,1965.0
5846918.434,76457.0,100.0,592.56,1980.0
5846918.934,76457.0,100.0,561.97,1980.0
5846919.434,76457.0,100.0,598.93,1845.0
5846919.934,76457.0,100.0,618.38,1980.0
5846920.434,76457.0,100.0,608.17,1980.0
5846920.935,76457.0,100.0,610.12,1980.0
5846921.435,76457.0,100.0,632.01,1965.0
5846921.935,76457.0,100.0,623.22,1980.0
5846922.435,76457.0,100.0,598.08,1980.0
5846922.936,76457.0,96.0,620.47,1680.0
5846923.436,76457.0,100.0,625.3,1980.0
5846923.936,76457.0,100.0,604.06,1980.0
5846924.436,76457.0,100.0,600.49,1980.0
5846924.936,76457.0,100.0,634.72,1965.0
5846925.437,76457.0,100.0,660.66,1980.0
5846925.937,76457.0,100.0,658.26,1980.0
5846926.437,76457.0,100.0,660.34,1755.0
5846926.937,76457.0,100.0,653.78,1965.0
5846927.437,76457.0,100.0,636.32,1980.0
5846927.938,76457.0,100.0,622.24,1980.0
5846928.438,76457.0,100.0,651.17,1590.0
5846928.938,76457.0,100.0,657.03,1980.0
5846929.438,76457.0,100.0,640.59,1980.0
5846929.938,76457.0,100.0,643.32,1980.0
5846930.439,76457.0,100.0,657.75,1965.0
5846930.939,76457.0,100.0,654.56,1980.0
5846931.439,76457.0,100.0,643.19,1980.0
5846931.939,76457.0,99.0,668.6,1650.0
5846932.439,76457.0,100.0,656.35,1980.0
5846932.940,76457.0,100.0,633.23,1980.0
5846933.440,76457.0,100.0,641.34,1980.0
5846933.940,76457.0,100.0,656.62,1965.0
5846934.440,76457.0,100.0,649.8,1980.0
5846934.940,76457.0,100.0,636.56,1980.0
5846935.441,76457.0,100.0,659.94,1905.0
5846935.941,76457.0,100.0,651.13,1980.0
5846936.441,76457.0,100.0,629.9,1980.0
5846936.941,76457.0,100.0,658.18,1590.0
5846937.441,76457.0,100.0,680.6,1980.0
5846937.942,76457.0,100.0,678.52,1965.0
5846938.442,76457.0,100.0,652.68,1980.0
5846938.942,76457.0,100.0,664.87,1965.0
5846939.442,76457.0,100.0,695.94,1965.0
5846939.942,76457.0,100.0,693.06,1965.0
5846940.443,76457.0,100.0,686.82,1755.0
5846940.944,76457.0,100.0,657.11,1980.0
5846941.444,76457.0,100.0,657.71,1980.0
5846941.944,76457.0,100.0,693.37,1980.0
5846942.444,76457.0,100.0,695.35,1965.0
5846942.944,76457.0,100.0,689.8,1980.0
5846943.445,76457.0,100.0,695.68,1950.0
5846943.945,76457.0,100.0,689.51,1965.0
5846944.445,76457.0,100.0,655.57,1980.0
5846944.945,76457.0,100.0,628.18,1980.0
5846945.445,76457.0,100.0,631.21,1980.0
5846945.945,76457.0,100.0,633.51,1980.0
5846946.445,76457.0,100.0,631.63,1980.0
5846946.946,76457.0,100.0,631.62,1980.0
5846947.446,76457.0,100.0,640.13,1980.0
5846947.946,76457.0,100.0,644.95,1980.0
5846948.446,76457.0,100.0,645.42,1980.0
5846948.946,76457.0,100.0,644.2,1980.0
5846949.446,76457.0,100.0,640.81,1980.0
5846949.947,76457.0,100.0,644.54,1980.0
5846950.447,76457.0,100.0,649.67,1980.0
5846950.947,76457.0,100.0,652.21,1980.0
5846951.447,76457.0,100.0,652.05,1980.0
5846951.947,76457.0,100.0,638.16,1980.0
5846952.447,76457.0,100.0,629.31,1980.0
5846952.947,76457.0,100.0,629.51,1980.0
5846953.448,76457.0,100.0,625.08,1980.0
5846953.948,76457.0,100.0,633.81,1980.0
5846954.448,76457.0,100.0,650.48,1980.0
5846954.948,76457.0,100.0,662.18,1980.0
5846955.448,76457.0,100.0,662.01,1980.0
5846955.948,76457.0,100.0,632.19,1980.0
5846956.448,76457.0,100.0,604.26,1980.0
5846956.949,76457.0,100.0,603.78,1980.0
5846957.449,76457.0,100.0,600.64,1980.0
5846957.949,76457.0,100.0,599.18,1980.0
5846958.449,76457.0,100.0,601.15,1980.0
5846958.949,76457.0,100.0,609.37,1980.0
5846959.449,76457.0,100.0,614.82,1980.0
5846959.949,76457.0,100.0,604.08,1980.0
5846960.450,76457.0,100.0,582.29,1980.0
5846960.950,76457.0,100.0,567.59,1980.0
5846961.450,76457.0,100.0,573.58,1980.0
5846961.950,76457.0,100.0,582.46,1980.0
5846962.450,76457.0,100.0,577.01,1980.0
5846962.951,76457.0,100.0,566.17,1980.0
5846963.451,76457.0,100.0,557.12,1980.0
5846963.951,76457.0,100.0,543.81,1980.0
5846964.451,76457.0,100.0,526.74,1980.0
5846964.951,76457.0,100.0,510.04,1980.0
5846965.452,76457.0,100.0,494.32,1980.0
5846965.952,76457.0,100.0,474.43,1980.0
5846966.470,76457.0,0.0,338.77,1980.0
5846966.956,76457.0,0.0,171.52,1980.0
5846967.452,76457.0,0.0,120.33,1980.0
5846967.952,76457.0,0.0,119.98,1980.0
5846968.453,76457.0,0.0,119.68,1980.0
5846968.953,76457.0,0.0,119.44,1980.0
5846969.453,76457.0,0.0,119.25,1980.0
5846969.953,76457.0,0.0,119.09,1980.0
5846970.453,76457.0,0.0,118.95,1980.0
5846970.954,76457.0,59.0,218.32,1545.0
5846971.454,76457.0,100.0,512.34,1605.0
5846971.954,76457.0,100.0,700.94,1485.0
5846972.454,76457.0,100.0,690.06,1470.0
5846972.954,76457.0,100.0,691.25,1515.0
5846973.454,76457.0,100.0,691.61,1590.0
5846973.954,76457.0,100.0,701.94,1575.0
5846974.455,76457.0,100.0,673.73,1950.0
5846974.955,76457.0,100.0,592.6,1980.0
5846975.455,76457.0,100.0,526.58,1980.0
5846975.955,76457.0,100.0,526.91,1980.0
5846976.455,76457.0,100.0,525.44,1980.0
5846976.962,76457.0,100.0,519.32,1980.0
5846977.456,76457.0,100.0,618.48,1725.0
5846977.956,76457.0,100.0,710.14,1455.0
5846978.456,76457.0,100.0,701.54,1530.0
5846978.956,76457.0,100.0,702.4,1410.0
5846979.457,76457.0,100.0,693.42,1545.0
5846979.957,76457.0,100.0,695.19,1380.0
5846980.457,76457.0,100.0,693.27,1515.0
5846980.957,76457.0,100.0,606.44,1980.0
5846981.457,76457.0,100.0,527.83,1980.0
5846981.957,76457.0,100.0,531.61,1980.0
5846982.457,76457.0,100.0,532.47,1980.0
5846982.964,76457.0,100.0,531.27,1980.0
5846983.458,76457.0,100.0,614.72,1590.0
5846983.958,76457.0,100.0,688.06,1320.0
5846984.458,76457.0,100.0,698.21,1605.0
5846984.958,76457.0,100.0,700.69,1470.0
5846985.458,76457.0,100.0,691.71,1560.0
5846985.959,76457.0,100.0,691.74,1455.0
5846986.459,76457.0,100.0,692.16,1470.0
5846986.959,76457.0,100.0,625.27,1965.0
5846987.459,76457.0,100.0,545.05,1980.0
5846987.959,76457.0,100.0,531.25,1980.0
5846988.459,76457.0,100.0,531.54,1980.0
5846988.959,76457.0,100.0,529.75,1980.0
5846989.460,76457.0,90.0,579.57,1710.0
5846989.960,76457.0,100.0,681.16,1650.0
5846990.460,76457.0,100.0,695.99,1560.0
5846990.960,76457.0,100.0,691.21,1440.0
5846991.460,76457.0,100.0,696.16,1500.0
5846991.960,76457.0,100.0,687.96,1470.0
5846992.460,76457.0,100.0,693.6,1455.0
5846992.961,76457.0,100.0,643.08,1965.0
5846993.461,76457.0,100.0,570.93,1980.0
5846993.961,76457.0,100.0,531.53,1980.0
5846994.461,76457.0,100.0,532.46,1980.0
5846994.961,76457.0,100.0,533.74,1980.0
5846995.461,76457.0,100.0,564.26,1530.0
5846995.961,76457.0,100.0,658.47,1530.0
5846996.462,76457.0,100.0,691.67,1500.0
5846996.962,76457.0,100.0,687.58,1665.0
5846997.462,76457.0,100.0,700.01,1560.0
5846997.962,76457.0,100.0,695.88,1530.0
5846998.462,76457.0,100.0,696.04,1470.0
5846998.962,76457.0,100.0,660.01,1965.0
5846999.463,76457.0,100.0,589.59,1980.0
5846999.963,76457.0,100.0,533.2,1980.0
5847000.463,76457.0,100.0,532.87,1980.0
5847000.963,76457.0,100.0,531.65,1980.0
5847001.478,76457.0,100.0,528.21,1980.0
5847001.963,76457.0,100.0,627.87,1740.0
5847002.463,76457.0,100.0,711.79,1425.0
5847002.964,76457.0,100.0,695.28,1560.0
5847003.464,76457.0,100.0,699.21,1440.0
5847003.964,76457.0,100.0,702.0,1500.0
5847004.464,76457.0,100.0,692.3,1410.0
5847004.964,76457.0,100.0,692.27,1575.0
5847005.464,76457.0,100.0,619.31,1980.0
5847005.965,76457.0,100.0,540.85,1980.0
5847006.465,76457.0,100.0,533.79,1980.0
5847006.965,76457.0,100.0,534.92,1980.0
5847007.465,76457.0,100.0,534.53,1980.0
5847007.980,76457.0,0.0,407.34,1980.0
5847008.486,76457.0,0.0,164.84,1980.0
5847008.981,76457.0,0.0,120.9,1980.0
5847009.483,76457.0,0.0,120.47,1980.0
5847009.982,76457.0,0.0,120.16,1980.0
5847010.482,76457.0,0.0,119.93,1980.0
5847010.982,76457.0,0.0,119.78,1980.0
5847011.502,76457.0,0.0,119.58,1980.0
5847011.983,76457.0,0.0,119.42,1980.0
5847012.483,76457.0,100.0,393.26,1560.0
5847012.983,76457.0,100.0,669.34,1245.0
5847013.483,76457.0,100.0,694.36,1500.0
5847013.983,76457.0,100.0,694.78,1440.0
5847014.483,76457.0,100.0,692.65,1575.0
5847014.984,76457.0,100.0,696.78,1515.0
5847015.484,76457.0,100.0,696.45,1455.0
5847015.984,76457.0,100.0,621.4,1965.0
5847016.484,76457.0,100.0,545.63,1980.0
5847016.985,76457.0,100.0,530.31,1980.0
5847017.485,76457.0,100.0,528.39,1980.0
5847017.985,76457.0,100.0,528.44,1980.0
5847018.485,76457.0,90.0,582.4,1740.0
5847018.985,76457.0,100.0,684.76,1635.0
5847019.485,76457.0,100.0,701.33,1485.0
5847019.985,76457.0,100.0,692.19,1470.0
5847020.487,76457.0,100.0,695.28,1500.0
5847020.988,76457.0,100.0,693.17,1455.0
5847021.488,76457.0,100.0,692.81,1485.0
5847021.989,76457.0,100.0,655.34,1965.0
5847022.489,76457.0,100.0,580.88,1980.0
5847022.989,76457.0,100.0,530.91,1980.0
5847023.489,76457.0,100.0,531.87,1980.0
5847023.989,76457.0,100.0,532.22,1980.0
5847024.489,76457.0,100.0,536.0,1560.0
5847024.989,76457.0,100.0,639.4,1545.0
5847025.490,76457.0,100.0,707.07,1560.0
5847025.990,76457.0,100.0,693.58,1545.0
5847026.490,76457.0,100.0,691.53,1410.0
5847026.990,76457.0,100.0,691.05,1560.0
5847027.490,76457.0,100.0,696.3,1485.0
5847027.990,76457.0,100.0,670.66,1965.0
5847028.490,76457.0,100.0,598.46,1980.0
5847028.990,76457.0,100.0,531.71,1980.0
5847029.491,76457.0,100.0,531.64,1980.0
5847029.992,76457.0,100.0,530.36,1980.0
5847030.500,76457.0,100.0,528.31,1980.0
5847030.993,76457.0,100.0,613.31,1575.0
5847031.493,76457.0,100.0,690.68,1470.0
5847031.993,76457.0,100.0,696.35,1470.0
5847032.493,76457.0,100.0,695.32,1470.0
5847032.993,76457.0,100.0,696.96,1530.0
5847033.493,76457.0,100.0,695.46,1515.0
5847033.993,76457.0,100.0,694.92,1800.0
5847034.493,76457.0,100.0,619.69,1980.0
5847034.993,76457.0,100.0,539.28,1980.0
5847035.493,76457.0,100.0,531.28,1980.0
5847035.994,76457.0,100.0,532.99,1980.0
5847036.497,76457.0,100.0,532.65,1980.0
5847036.994,76457.0,100.0,590.85,1575.0
5847037.494,76457.0,100.0,681.7,1395.0
5847037.994,76457.0,100.0,697.88,1650.0
5847038.495,76457.0,100.0,687.16,1425.0
5847038.995,76457.0,100.0,694.34,1470.0
5847039.495,76457.0,100.0,692.51,1500.0
5847039.995,76457.0,100.0,701.4,1530.0
5847040.495,76457.0,100.0,643.13,1965.0
5847040.995,76457.0,100.0,562.54,1980.0
5847041.495,76457.0,100.0,533.02,1980.0
5847041.996,76457.0,100.0,533.14,1980.0
5847042.496,76457.0,100.0,533.93,1980.0
5847042.996,76457.0,100.0,572.79,1560.0
5847043.496,76457.0,100.0,662.95,1650.0
5847043.996,76457.0,100.0,691.74,1665.0
5847044.496,76457.0,100.0,694.32,1530.0
5847044.997,76457.0,100.0,698.63,1485.0
5847045.497,76457.0,100.0,693.73,1470.0
5847045.997,76457.0,100.0,694.13,1500.0
5847046.497,76457.0,100.0,648.13,1965.0
5847046.997,76457.0,100.0,574.59,1980.0
5847047.497,76457.0,100.0,530.06,1980.0
5847047.997,76457.0,100.0,531.48,1980.0
5847048.498,76457.0,100.0,532.66,1980.0
5847048.998,76457.0,0.0,488.82,1980.0
5847049.499,76457.0,0.0,275.73,1980.0
5847049.998,76457.0,0.0,121.7,1980.0
5847050.498,76457.0,0.0,120.82,1980.0
5847050.999,76457.0,0.0,120.5,1980.0
5847051.499,76457.0,0.0,120.26,1980.0
5847051.999,76457.0,0.0,120.07,1980.0
5847052.499,76457.0,0.0,119.85,1980.0
5847052.999,76457.0,37.0,148.02,1980.0
5847053.499,76457.0,100.0,465.77,1620.0
5847054.000,76457.0,100.0,714.4,1500.0
5847054.500,76457.0,100.0,692.29,1545.0
5847055.000,76457.0,100.0,696.31,1410.0
5847055.500,76457.0,100.0,693.49,1515.0
5847056.000,76457.0,100.0,697.69,1320.0
5847056.500,76457.0,100.0,685.29,1560.0
5847057.001,76457.0,100.0,604.65,1980.0
5847057.501,76457.0,100.0,525.86,1980.0
5847058.001,76457.0,100.0,531.68,1980.0
5847058.501,76457.0,100.0,531.58,1980.0
5847059.001,76457.0,100.0,531.48,1980.0
5847059.501,76457.0,100.0,613.2,1575.0
5847060.001,76457.0,100.0,690.88,1305.0
5847060.502,76457.0,100.0,692.74,1560.0
5847061.002,76457.0,100.0,695.7,1425.0
5847061.502,76457.0,100.0,692.91,1575.0
5847062.002,76457.0,100.0,689.84,1485.0
5847062.502,76457.0,100.0,692.2,1545.0
5847063.002,76457.0,100.0,616.84,1980.0
5847063.503,76457.0,100.0,541.78,1980.0
5847064.003,76457.0,100.0,530.82,1980.0
5847064.503,76457.0,100.0,529.82,1980.0
5847065.003,76457.0,100.0,531.17,1980.0
5847065.503,76457.0,100.0,591.48,1620.0
5847066.004,76457.0,100.0,688.25,1500.0
5847066.504,76457.0,100.0,701.8,1425.0
5847067.004,76457.0,100.0,687.7,1440.0
5847067.504,76457.0,100.0,687.14,1485.0
5847068.005,76457.0,100.0,686.57,1530.0
5847068.505,76457.0,100.0,695.13,1620.0
5847069.005,76457.0,100.0,631.55,1965.0
5847069.505,76457.0,100.0,555.88,1980.0
5847070.005,76457.0,100.0,529.32,1980.0
5847070.506,76457.0,100.0,532.31,1980.0
5847071.062,76457.0,100.0,533.3,1980.0
5847071.562,76457.0,89.0,578.34,1530.0
5847072.062,76457.0,100.0,682.03,1395.0
5847072.562,76457.0,100.0,698.69,1530.0
5847073.063,76457.0,100.0,687.35,1425.0
5847073.563,76457.0,100.0,692.03,1425.0
5847074.063,76457.0,100.0,692.52,1425.0
5847074.563,76457.0,100.0,696.28,1605.0
5847075.063,76457.0,100.0,653.92,1965.0
5847075.563,76457.0,100.0,580.8,1980.0
5847076.064,76457.0,100.0,531.03,1980.0
5847076.564,76457.0,100.0,533.61,1980.0
5847077.064,76457.0,100.0,533.7,1980.0
5847077.564,76457.0,100.0,554.88,1575.0
5847078.064,76457.0,100.0,649.81,1635.0
5847078.564,76457.0,100.0,698.5,1545.0
5847079.065,76457.0,100.0,689.57,1560.0
5847079.565,76457.0,100.0,694.92,1500.0
5847080.065,76457.0,100.0,696.62,1500.0
5847080.565,76457.0,100.0,697.03,1515.0
5847081.065,76457.0,100.0,668.12,1965.0
5847081.566,76457.0,100.0,593.18,1980.0
5847082.066,76457.0,100.0,529.98,1980.0
5847082.566,76457.0,100.0,529.63,1980.0
5847083.066,76457.0,100.0,529.55,1980.0
5847083.566,76457.0,100.0,532.77,1545.0
5847084.066,76457.0,100.0,638.76,1635.0
5847084.566,76457.0,100.0,712.16,1470.0
5847085.067,76457.0,100.0,694.31,1590.0
5847085.567,76457.0,100.0,697.24,1605.0
5847086.067,76457.0,100.0,690.46,1470.0
5847086.567,76457.0,100.0,690.69,1440.0
5847087.067,76457.0,100.0,683.67,1965.0
5847087.567,76457.0,100.0,606.15,1980.0
5847088.083,76457.0,100.0,531.2,1980.0
5847088.583,76457.0,100.0,532.85,1980.0
5847089.083,76457.0,100.0,533.57,1980.0
5847089.583,76457.0,100.0,533.74,1980.0
5847090.084,76457.0,0.0,357.58,1980.0
5847090.584,76457.0,0.0,155.01,1980.0
5847091.084,76457.0,0.0,120.61,1980.0
5847091.584,76457.0,0.0,120.21,1980.0
5847092.084,76457.0,0.0,119.94,1980.0
5847092.586,76457.0,0.0,119.71,1980.0
5847093.087,76457.0,0.0,119.59,1980.0
5847093.585,76457.0,0.0,119.39,1980.0
5847094.085,76457.0,0.0,119.26,1980.0
5847094.585,76457.0,0.0,119.08,1980.0
5847095.085,76457.0,0.0,118.94,1980.0
5847095.586,76457.0,0.0,118.89,1980.0
5847096.087,76457.0,0.0,118.74,1980.0
5847096.586,76457.0,0.0,118.63,1980.0
5847097.087,76457.0,0.0,118.56,1980.0
5847097.587,76457.0,0.0,118.44,1980.0
5847098.089,76457.0,0.0,118.34,1980.0
5847098.587,76457.0,0.0,118.25,1980.0
5847099.087,76457.0,0.0,118.13,1980.0
5847099.587,76457.0,0.0,117.97,1980.0
5847100.089,76457.0,0.0,117.51,1980.0
5847100.588,76457.0,0.0,117.19,1980.0
5847101.088,76457.0,0.0,117.18,1980.0
5847101.590,76457.0,0.0,128.66,1515.0
5847102.090,76457.0,100.0,441.79,1590.0
5847102.591,76457.0,100.0,704.98,1470.0
5847103.091,76457.0,100.0,692.03,1575.0
5847103.591,76457.0,100.0,703.31,1530.0
5847104.091,76457.0,100.0,698.54,1485.0
5847104.591,76457.0,100.0,693.84,1590.0
5847105.091,76457.0,100.0,695.4,1500.0
5847105.592,76457.0,100.0,702.44,1455.0
5847106.092,76457.0,100.0,692.34,1515.0
5847106.592,76457.0,100.0,696.28,1500.0
5847107.092,76457.0,100.0,695.87,1500.0
5847107.592,76457.0,100.0,690.63,1530.0
5847108.092,76457.0,100.0,687.46,1530.0
5847108.593,76457.0,100.0,687.95,1635.0
5847109.093,76457.0,100.0,690.99,1440.0
5847109.593,76457.0,100.0,697.91,1485.0
5847110.093,76457.0,100.0,695.87,1500.0
5847110.593,76457.0,100.0,695.48,1485.0
5847111.093,76457.0,100.0,694.7,1500.0
5847111.594,76457.0,100.0,693.53,1425.0
5847112.094,76457.0,100.0,688.41,1710.0
5847112.594,76457.0,100.0,645.51,1980.0
5847113.094,76457.0,100.0,611.03,1980.0
5847113.594,76457.0,100.0,616.2,1980.0
5847114.094,76457.0,100.0,615.36,1980.0
5847114.594,76457.0,100.0,608.15,1980.0
5847115.095,76457.0,100.0,616.93,1980.0
5847115.595,76457.0,100.0,627.45,1980.0
5847116.095,76457.0,73.0,553.86,1980.0
5847116.595,76457.0,0.0,304.17,1980.0
5847117.095,76457.0,0.0,122.62,1980.0
5847117.595,76457.0,0.0,121.93,1980.0
5847118.096,76457.0,0.0,121.08,1980.0
5847118.596,76457.0,100.0,374.24,1575.0
5847119.117,76457.0,100.0,711.39,1425.0
5847119.618,76457.0,100.0,692.83,1515.0
5847120.118,76457.0,100.0,699.18,1425.0
5847120.618,76457.0,100.0,695.39,1515.0
5847121.118,76457.0,100.0,694.86,1365.0
5847121.619,76457.0,100.0,695.14,1455.0
5847122.119,76457.0,100.0,694.09,1455.0
5847122.619,76457.0,100.0,696.22,1485.0
5847123.119,76457.0,100.0,689.76,1425.0
5847123.619,76457.0,100.0,695.1,1605.0
5847124.121,76457.0,100.0,696.87,1605.0
5847124.621,76457.0,100.0,695.23,1560.0
5847125.121,76457.0,100.0,692.31,1530.0
5847125.622,76457.0,100.0,694.95,1500.0
5847126.122,76457.0,100.0,697.89,1470.0
5847126.622,76457.0,100.0,703.9,1470.0
5847127.122,76457.0,100.0,693.93,1470.0
5847127.622,76457.0,100.0,687.06,1485.0
5847128.123,76457.0,100.0,690.5,1485.0
5847128.623,76457.0,100.0,697.15,1380.0
5847129.123,76457.0,100.0,689.84,1575.0
5847129.623,76457.0,100.0,695.39,1425.0
5847130.124,76457.0,100.0,695.15,1635.0
5847130.624,76457.0,100.0,691.22,1620.0
5847131.124,76457.0,100.0,695.15,1440.0
5847131.624,76457.0,100.0,694.46,1395.0
5847132.124,76457.0,100.0,694.25,1575.0
5847132.624,76457.0,100.0,693.05,1485.0
5847133.124,76457.0,100.0,667.25,1980.0
5847133.625,76457.0,100.0,635.39,1980.0
5847134.125,76457.0,100.0,635.22,1980.0
5847134.625,76457.0,100.0,627.35,1980.0
5847135.125,76457.0,100.0,623.88,1980.0
5847135.625,76457.0,100.0,631.28,1980.0
5847136.126,76457.0,100.0,632.86,1980.0
5847136.626,76457.0,100.0,634.34,1980.0
5847137.126,76457.0,0.0,499.83,1980.0
5847137.626,76457.0,0.0,238.95,1980.0
5847138.126,76457.0,0.0,122.99,1980.0
5847138.627,76457.0,0.0,122.51,1980.0
5847139.127,76457.0,100.0,237.11,1515.0
5847139.627,76457.0,100.0,540.42,1485.0
5847140.127,76457.0,100.0,696.99,1515.0
5847140.628,76457.0,100.0,683.72,1530.0
5847141.128,76457.0,100.0,693.05,1500.0
5847141.628,76457.0,100.0,694.5,1470.0
5847142.128,76457.0,100.0,699.37,1485.0
5847142.629,76457.0,100.0,693.09,1515.0
5847143.129,76457.0,100.0,690.9,1500.0
5847143.629,76457.0,100.0,693.34,1500.0
5847144.129,76457.0,100.0,701.31,1605.0
5847144.629,76457.0,100.0,694.12,1590.0
5847145.129,76457.0,100.0,689.92,1470.0
5847145.630,76457.0,100.0,691.98,1500.0
5847146.130,76457.0,100.0,694.15,1470.0
5847146.630,76457.0,100.0,697.27,1590.0
5847147.130,76457.0,100.0,694.98,1590.0
5847147.630,76457.0,100.0,688.99,1410.0
5847148.130,76457.0,100.0,695.4,1620.0
5847148.631,76457.0,100.0,700.88,1605.0
5847149.131,76457.0,100.0,695.64,1590.0
5847149.631,76457.0,100.0,691.01,1500.0
5847150.131,76457.0,100.0,687.78,1545.0
5847150.631,76457.0,100.0,691.22,1530.0
5847151.132,76457.0,100.0,699.56,1590.0
5847151.632,76457.0,100.0,699.16,1590.0
5847152.132,76457.0,100.0,697.43,1425.0
5847152.632,76457.0,100.0,691.27,1530.0
5847153.132,76457.0,100.0,691.15,1545.0
5847153.632,76457.0,100.0,689.91,1635.0
5847154.132,76457.0,100.0,695.78,1440.0
5847154.632,76457.0,100.0,697.02,1485.0
5847155.133,76457.0,100.0,695.81,1425.0
5847155.689,76457.0,100.0,675.2,1965.0
5847156.189,76457.0,100.0,646.76,1980.0
5847156.689,76457.0,100.0,646.52,1980.0
5847157.189,76457.0,100.0,643.97,1980.0
5847157.689,76457.0,100.0,644.38,1980.0
5847158.190,76457.0,100.0,644.93,1980.0
5847158.690,76457.0,100.0,644.01,1980.0
5847159.190,76457.0,100.0,643.62,1980.0
5847159.690,76457.0,100.0,635.28,1980.0
5847160.190,76457.0,0.0,418.02,1980.0
5847160.692,76457.0,0.0,170.75,1980.0
5847161.192,76457.0,0.0,122.03,1980.0
5847161.692,76457.0,0.0,121.57,1980.0
5847162.196,76457.0,100.0,365.1,1515.0
5847162.692,76457.0,100.0,677.18,1260.0
5847163.193,76457.0,100.0,693.22,1545.0
5847163.693,76457.0,100.0,686.11,1380.0
5847164.193,76457.0,100.0,696.85,1530.0
5847164.693,76457.0,100.0,692.94,1425.0
5847165.193,76457.0,100.0,693.54,1635.0
5847165.693,76457.0,100.0,689.65,1500.0
5847166.194,76457.0,100.0,694.45,1515.0
5847166.694,76457.0,100.0,697.43,1515.0
5847167.194,76457.0,100.0,694.21,1500.0
5847167.694,76457.0,100.0,689.71,1470.0
5847168.194,76457.0,100.0,696.51,1515.0
5847168.694,76457.0,100.0,695.39,1410.0
5847169.195,76457.0,100.0,692.4,1350.0
5847169.695,76457.0,100.0,692.53,1545.0
5847170.195,76457.0,100.0,693.17,1530.0
5847170.695,76457.0,100.0,699.3,1425.0
5847171.195,76457.0,100.0,699.31,1485.0
5847171.695,76457.0,100.0,692.87,1575.0
5847172.206,76457.0,100.0,687.61,1605.0
5847172.707,76457.0,100.0,696.14,1500.0
5847173.207,76457.0,100.0,699.51,1470.0
5847173.707,76457.0,100.0,694.94,1530.0
5847174.207,76457.0,100.0,697.08,1410.0
5847174.707,76457.0,100.0,689.64,1635.0
5847175.208,76457.0,100.0,688.58,1545.0
5847175.708,76457.0,100.0,692.15,1575.0
5847176.208,76457.0,100.0,696.07,1395.0
5847176.708,76457.0,100.0,687.61,1590.0
5847177.208,76457.0,100.0,690.27,1395.0
5847177.708,76457.0,100.0,697.77,1470.0
5847178.210,76457.0,100.0,690.13,1485.0
5847178.710,76457.0,100.0,663.52,1980.0
5847179.210,76457.0,100.0,646.31,1980.0
5847179.711,76457.0,100.0,656.75,1980.0
5847180.211,76457.0,100.0,656.59,1980.0
5847180.711,76457.0,100.0,656.84,1980.0
5847181.211,76457.0,100.0,655.19,1980.0
5847181.711,76457.0,100.0,653.18,1980.0
5847182.212,76457.0,100.0,654.59,1980.0
5847182.715,76457.0,100.0,657.55,1980.0
5847183.215,76457.0,100.0,572.59,1980.0
5847183.716,76457.0,0.0,310.32,1980.0
5847184.216,76457.0,0.0,123.03,1980.0
5847184.716,76457.0,0.0,122.03,1980.0
5847185.216,76457.0,0.0,121.64,1980.0
5847185.716,76457.0,100.0,414.67,1620.0
5847186.217,76457.0,100.0,704.25,1320.0
5847186.717,76457.0,100.0,697.9,1515.0
5847187.217,76457.0,100.0,697.78,1485.0
5847187.717,76457.0,100.0,695.42,1590.0
5847188.217,76457.0,100.0,696.04,1605.0
5847188.718,76457.0,100.0,698.64,1575.0
5847189.218,76457.0,100.0,698.1,1425.0
5847189.718,76457.0,100.0,689.64,1575.0
5847190.218,76457.0,100.0,694.19,1500.0
5847190.718,76457.0,100.0,699.89,1470.0
5847191.219,76457.0,100.0,692.29,1575.0
5847191.719,76457.0,100.0,698.82,1530.0
5847192.219,76457.0,100.0,696.14,1560.0
5847192.720,76457.0,100.0,696.9,1425.0
5847193.220,76457.0,100.0,697.49,1470.0
5847193.720,76457.0,100.0,691.53,1560.0
5847194.264,76457.0,100.0,691.77,1425.0
5847194.764,76457.0,100.0,702.08,1425.0
5847195.264,76457.0,100.0,701.35,1395.0
5847195.764,76457.0,100.0,695.28,1380.0
5847196.264,76457.0,100.0,695.14,1500.0
5847196.765,76457.0,100.0,694.03,1665.0
5847197.265,76457.0,100.0,689.76,1470.0
5847197.765,76457.0,100.0,696.34,1515.0
5847198.265,76457.0,100.0,696.3,1470.0
5847198.765,76457.0,100.0,693.91,1530.0
5847199.266,76457.0,100.0,693.86,1485.0
5847199.766,76457.0,100.0,688.33,1635.0
5847200.268,76457.0,100.0,694.97,1410.0
5847200.766,76457.0,100.0,696.58,1425.0
5847201.266,76457.0,100.0,694.85,1380.0
5847201.767,76457.0,100.0,692.87,1575.0
5847202.267,76457.0,100.0,685.66,1935.0
5847202.767,76457.0,100.0,671.0,1980.0
5847203.267,76457.0,100.0,660.48,1980.0
5847203.767,76457.0,100.0,661.99,1980.0
5847204.268,76457.0,100.0,662.27,1980.0
5847204.768,76457.0,100.0,661.89,1980.0
5847205.268,76457.0,100.0,662.0,1980.0
5847205.768,76457.0,100.0,660.37,1980.0
5847206.268,76457.0,100.0,659.22,1980.0
5847206.772,76457.0,100.0,663.17,1980.0
5847207.269,76457.0,100.0,642.71,1980.0
5847207.769,76457.0,0.0,378.45,1980.0
5847208.269,76457.0,0.0,137.9,1980.0
5847208.771,76457.0,0.0,122.33,1980.0
5847209.440,76457.0,0.0,121.8,1980.0
5847209.770,76457.0,0.0,121.4,1980.0
5847210.270,76457.0,100.0,296.72,1560.0
5847210.770,76457.0,100.0,596.16,1665.0
5847211.270,76457.0,100.0,692.85,1500.0
5847211.771,76457.0,100.0,695.86,1440.0
5847212.271,76457.0,100.0,691.13,1605.0
5847212.771,76457.0,100.0,691.72,1425.0
5847213.271,76457.0,100.0,696.03,1455.0
5847213.771,76457.0,100.0,694.35,1470.0
5847214.273,76457.0,100.0,694.07,1515.0
5847214.774,76457.0,100.0,691.31,1530.0
5847215.274,76457.0,100.0,698.84,1425.0
5847215.774,76457.0,100.0,688.72,1605.0
5847216.274,76457.0,100.0,693.46,1485.0
5847216.774,76457.0,100.0,695.31,1485.0
5847217.274,76457.0,100.0,688.92,1590.0
5847217.775,76457.0,100.0,691.05,1425.0
5847218.275,76457.0,100.0,691.51,1485.0
5847218.776,76457.0,100.0,691.3,1620.0
5847219.276,76457.0,100.0,691.96,1470.0
5847219.776,76457.0,100.0,699.31,1425.0
5847220.276,76457.0,100.0,694.83,1440.0
5847220.777,76457.0,100.0,686.15,1665.0
5847221.277,76457.0,100.0,693.69,1425.0
5847221.777,76457.0,100.0,693.02,1485.0
5847222.277,76457.0,100.0,692.37,1545.0
5847222.777,76457.0,100.0,689.6,1635.0
5847223.278,76457.0,100.0,697.17,1425.0
5847223.778,76457.0,100.0,696.78,1500.0
5847224.278,76457.0,100.0,694.54,1530.0
5847224.778,76457.0,100.0,690.03,1650.0
5847225.278,76457.0,100.0,694.94,1455.0
5847225.779,76457.0,100.0,697.74,1530.0
5847226.279,76457.0,100.0,691.84,1530.0
5847226.779,76457.0,100.0,694.38,1575.0
5847227.343,76457.0,100.0,698.79,1530.0
5847227.843,76457.0,100.0,697.25,1455.0
5847228.344,76457.0,100.0,692.52,1500.0
5847228.844,76457.0,100.0,694.72,1620.0
5847229.344,76457.0,100.0,696.15,1530.0
5847229.844,76457.0,100.0,696.14,1500.0
5847230.344,76457.0,100.0,694.93,1605.0
5847230.844,76457.0,100.0,699.44,1545.0
5847231.345,76457.0,100.0,693.75,1425.0
5847231.845,76457.0,100.0,689.84,1485.0
5847232.345,76457.0,100.0,691.61,1590.0
5847232.846,76457.0,100.0,695.02,1575.0
5847233.346,76457.0,100.0,695.09,1470.0
5847233.846,76457.0,100.0,694.94,1530.0
5847234.346,76457.0,100.0,694.47,1545.0
5847234.846,76457.0,100.0,696.29,1440.0
5847235.347,76457.0,100.0,693.15,1515.0
5847235.847,76457.0,100.0,692.97,1650.0
5847236.347,76457.0,100.0,694.21,1545.0
5847236.847,76457.0,100.0,694.74,1425.0
5847237.347,76457.0,100.0,678.09,1980.0
5847237.848,76457.0,100.0,659.11,1980.0
5847238.348,76457.0,100.0,664.83,1980.0
5847238.849,76457.0,100.0,665.46,1980.0
5847239.349,76457.0,100.0,664.33,1980.0
5847239.849,76457.0,100.0,662.45,1980.0
5847240.350,76457.0,100.0,664.39,1980.0
5847240.850,76457.0,100.0,667.23,1980.0
5847241.350,76457.0,100.0,669.52,1980.0
5847241.850,76457.0,100.0,626.78,1980.0
5847242.354,76457.0,0.0,371.53,1980.0
5847242.870,76457.0,0.0,137.33,1980.0
5847243.371,76457.0,0.0,123.02,1980.0
5847243.851,76457.0,0.0,122.58,1980.0
5847244.351,76457.0,0.0,122.19,1980.0
5847244.851,76457.0,0.0,121.91,1980.0
5847245.352,76457.0,0.0,121.72,1980.0
5847245.853,76457.0,0.0,121.46,1980.0
5847246.353,76457.0,0.0,121.28,1980.0
5847246.853,76457.0,0.0,121.07,1980.0
5847247.354,76457.0,0.0,120.9,1980.0
5847247.853,76457.0,0.0,120.75,1980.0
5847248.362,76457.0,0.0,120.67,1980.0
5847248.854,76457.0,0.0,120.55,1980.0
5847249.354,76457.0,0.0,152.02,1980.0
5847249.854,76457.0,100.0,458.79,1665.0
5847250.354,76457.0,100.0,710.05,1590.0
5847250.855,76457.0,100.0,691.42,1635.0
5847251.355,76457.0,100.0,699.21,1425.0
5847251.855,76457.0,100.0,695.19,1515.0
5847252.358,76457.0,100.0,695.6,1575.0
5847252.858,76457.0,100.0,694.19,1605.0
5847253.358,76457.0,100.0,692.22,1515.0
5847253.859,76457.0,100.0,694.01,1500.0
5847254.359,76457.0,100.0,695.65,1455.0
5847254.859,76457.0,100.0,697.5,1500.0
5847255.359,76457.0,100.0,697.38,1410.0
5847255.859,76457.0,100.0,691.92,1530.0
5847256.360,76457.0,100.0,689.58,1485.0
5847256.860,76457.0,100.0,691.78,1485.0
5847257.360,76457.0,100.0,692.95,1395.0
5847257.860,76457.0,100.0,696.14,1455.0
5847258.360,76457.0,100.0,673.38,1965.0
5847258.927,76457.0,100.0,615.44,1980.0
5847259.427,76457.0,100.0,606.95,1980.0
5847259.927,76457.0,100.0,606.78,1980.0
5847260.428,76457.0,100.0,606.79,1980.0
5847260.928,76457.0,100.0,606.58,1980.0
5847261.440,76457.0,100.0,605.05,1980.0
5847261.928,76457.0,100.0,661.05,1545.0
5847262.428,76457.0,100.0,692.09,1440.0
5847262.929,76457.0,100.0,686.62,1575.0
5847263.460,76457.0,100.0,690.99,1485.0
5847263.960,76457.0,100.0,694.55,1635.0
5847264.461,76457.0,100.0,699.09,1650.0
5847264.961,76457.0,100.0,694.62,1560.0
5847265.461,76457.0,100.0,698.56,1425.0
5847265.961,76457.0,100.0,692.79,1560.0
5847266.461,76457.0,100.0,695.4,1500.0
5847266.978,76457.0,100.0,695.01,1515.0
5847267.462,76457.0,100.0,692.91,1455.0
5847268.025,76457.0,100.0,697.51,1650.0
5847268.525,76457.0,100.0,695.82,1455.0
5847269.025,76457.0,100.0,695.17,1425.0
5847269.526,76457.0,100.0,694.85,1410.0
5847270.026,76457.0,100.0,691.08,1500.0
5847270.527,76457.0,100.0,677.75,1695.0
5847271.026,76457.0,100.0,635.09,1980.0
5847271.527,76457.0,100.0,605.52,1980.0
5847272.027,76457.0,100.0,607.83,1980.0
5847272.527,76457.0,100.0,609.94,1980.0
5847273.027,76457.0,100.0,609.05,1980.0
5847273.528,76457.0,100.0,605.76,1980.0
5847274.027,76457.0,100.0,633.28,1545.0
5847274.528,76457.0,100.0,688.26,1485.0
5847275.028,76457.0,100.0,690.5,1515.0
5847275.535,76457.0,100.0,689.83,1485.0
5847276.028,76457.0,100.0,691.04,1590.0
5847276.528,76457.0,100.0,692.86,1530.0
5847277.028,76457.0,100.0,696.75,1560.0
5847277.529,76457.0,100.0,694.19,1605.0
5847278.029,76457.0,100.0,693.48,1470.0
5847278.533,76457.0,100.0,690.23,1410.0
5847279.033,76457.0,100.0,691.87,1515.0
5847279.534,76457.0,100.0,690.43,1485.0
5847280.034,76457.0,100.0,694.55,1470.0
5847280.534,76457.0,100.0,696.28,1500.0
5847281.034,76457.0,100.0,698.77,1485.0
5847281.534,76457.0,100.0,693.72,1395.0
5847282.034,76457.0,100.0,693.21,1620.0
5847282.535,76457.0,100.0,698.51,1560.0
5847283.035,76457.0,100.0,666.88,1965.0
5847283.535,76457.0,100.0,622.57,1980.0
5847284.035,76457.0,100.0,608.78,1980.0
5847284.536,76457.0,100.0,608.19,1980.0
5847285.036,76457.0,100.0,605.91,1980.0
5847285.536,76457.0,100.0,607.98,1980.0
5847286.036,76457.0,100.0,607.67,1980.0
5847286.537,76457.0,100.0,652.21,1665.0
5847287.037,76457.0,100.0,691.42,1410.0
5847287.537,76457.0,100.0,694.38,1515.0
5847288.038,76457.0,100.0,699.9,1350.0
5847288.538,76457.0,100.0,696.57,1560.0
5847289.038,76457.0,100.0,694.99,1365.0
5847289.538,76457.0,100.0,697.71,1470.0
5847290.038,76457.0,100.0,693.22,1425.0
5847290.544,76457.0,100.0,691.85,1470.0
5847291.039,76457.0,100.0,694.48,1560.0
5847291.539,76457.0,100.0,694.58,1635.0
5847292.039,76457.0,100.0,692.24,1620.0
5847292.540,76457.0,100.0,694.11,1560.0
5847293.040,76457.0,100.0,694.88,1440.0
5847293.540,76457.0,100.0,696.26,1455.0
5847294.040,76457.0,100.0,696.14,1425.0
5847294.541,76457.0,100.0,698.37,1425.0
5847295.041,76457.0,100.0,692.85,1500.0
5847295.541,76457.0,100.0,661.42,1980.0
5847296.041,76457.0,100.0,616.45,1980.0
5847296.541,76457.0,100.0,607.21,1980.0
5847297.041,76457.0,100.0,608.4,1980.0
5847297.541,76457.0,100.0,608.43,1980.0
5847298.042,76457.0,100.0,605.93,1980.0
5847298.542,76457.0,100.0,605.6,1980.0
5847299.042,76457.0,34.0,509.98,1980.0
5847299.543,76457.0,0.0,274.33,1980.0
5847300.043,76457.0,0.0,123.43,1980.0
5847300.543,76457.0,0.0,122.41,1980.0
5847301.043,76457.0,0.0,122.05,1980.0
5847301.543,76457.0,0.0,121.75,1980.0
5847302.043,76457.0,0.0,177.42,1620.0
5847302.543,76457.0,100.0,479.16,1695.0
5847303.044,76457.0,100.0,698.98,1440.0
5847303.544,76457.0,100.0,692.29,1500.0
5847304.044,76457.0,100.0,697.85,1590.0
5847304.544,76457.0,100.0,696.87,1470.0
5847305.044,76457.0,100.0,694.04,1515.0
5847305.545,76457.0,100.0,696.17,1500.0
5847306.045,76457.0,100.0,699.78,1830.0
5847306.545,76457.0,100.0,622.99,1980.0
5847307.045,76457.0,100.0,564.07,1980.0
5847307.545,76457.0,100.0,566.4,1980.0
5847308.046,76457.0,100.0,566.28,1980.0
5847308.546,76457.0,100.0,567.72,1980.0
5847309.046,76457.0,100.0,566.62,1980.0
5847309.546,76457.0,0.0,367.23,1980.0
5847310.046,76457.0,0.0,149.3,1980.0
5847310.546,76457.0,0.0,122.44,1980.0
5847311.046,76457.0,0.0,122.01,1980.0
5847311.547,76457.0,0.0,121.72,1980.0
5847312.047,76457.0,100.0,396.94,1695.0
5847312.547,76457.0,100.0,679.94,1590.0
5847313.047,76457.0,100.0,697.28,1650.0
5847313.547,76457.0,100.0,696.13,1470.0
5847314.048,76457.0,100.0,696.01,1605.0
5847314.548,76457.0,100.0,699.83,1350.0
5847315.048,76457.0,100.0,690.55,1500.0
5847315.548,76457.0,100.0,689.42,1575.0
5847316.048,76457.0,100.0,692.4,1635.0
5847316.549,76457.0,100.0,694.06,1485.0
5847317.049,76457.0,100.0,693.77,1560.0
5847317.550,76457.0,100.0,675.42,1905.0
5847318.051,76457.0,100.0,625.16,1980.0
5847318.551,76457.0,100.0,586.11,1980.0
5847319.051,76457.0,100.0,587.91,1980.0
5847319.551,76457.0,100.0,586.35,1980.0
5847320.051,76457.0,100.0,586.72,1980.0
5847320.552,76457.0,100.0,590.5,1980.0
5847321.052,76457.0,19.0,482.68,1980.0
5847321.552,76457.0,0.0,249.0,1980.0
5847322.052,76457.0,0.0,120.96,1980.0
5847322.552,76457.0,0.0,120.43,1980.0
5847323.052,76457.0,0.0,120.08,1980.0
5847323.553,76457.0,98.0,278.93,1680.0
5847324.053,76457.0,100.0,585.8,1680.0
5847324.553,76457.0,100.0,696.58,1545.0
5847325.053,76457.0,100.0,698.88,1515.0
5847325.554,76457.0,100.0,694.78,1635.0
5847326.054,76457.0,100.0,685.71,1605.0
5847326.554,76457.0,100.0,695.38,1545.0
5847327.054,76457.0,100.0,688.24,1455.0
5847327.554,76457.0,100.0,693.69,1530.0
5847328.055,76457.0,100.0,691.28,1545.0
5847328.646,76457.0,100.0,690.4,1635.0
5847329.146,76457.0,100.0,663.12,1965.0
5847329.646,76457.0,100.0,627.8,1980.0
5847330.146,76457.0,100.0,603.74,1980.0
5847330.646,76457.0,100.0,605.79,1980.0
5847331.146,76457.0,100.0,605.5,1980.0
5847331.646,76457.0,100.0,602.19,1980.0
5847332.146,76457.0,100.0,603.19,1980.0
5847332.646,76457.0,100.0,596.04,1980.0
5847333.147,76457.0,0.0,360.64,1980.0
5847333.647,76457.0,0.0,127.1,1980.0
5847334.147,76457.0,0.0,121.08,1980.0
5847334.647,76457.0,0.0,120.72,1980.0
5847335.147,76457.0,25.0,167.61,1860.0
5847335.647,76457.0,100.0,471.29,1665.0
5847336.148,76457.0,100.0,702.47,1530.0
5847336.648,76457.0,100.0,697.68,1590.0
5847337.148,76457.0,100.0,699.56,1515.0
5847337.648,76457.0,100.0,684.71,1605.0
5847338.148,76457.0,100.0,692.18,1470.0
5847338.649,76457.0,100.0,696.85,1665.0
5847339.149,76457.0,100.0,692.41,1515.0
5847339.649,76457.0,100.0,693.88,1575.0
5847340.149,76457.0,100.0,691.7,1620.0
5847340.649,76457.0,100.0,691.1,1560.0
5847341.149,76457.0,100.0,682.12,1950.0
5847341.649,76457.0,100.0,641.94,1980.0
5847342.149,76457.0,100.0,618.73,1980.0
5847342.650,76457.0,100.0,624.32,1980.0
5847343.150,76457.0,100.0,625.32,1980.0
5847343.650,76457.0,100.0,626.24,1980.0
5847344.150,76457.0,100.0,623.51,1980.0
5847344.650,76457.0,100.0,625.91,1980.0
5847345.150,76457.0,100.0,600.46,1980.0
5847345.650,76457.0,0.0,354.0,1980.0
5847346.151,76457.0,0.0,122.28,1980.0
5847346.651,76457.0,0.0,120.86,1980.0
5847347.151,76457.0,0.0,120.51,1980.0
5847347.651,76457.0,0.0,189.32,1980.0
5847348.151,76457.0,100.0,498.29,1650.0
5847348.652,76457.0,100.0,704.61,1455.0
5847349.152,76457.0,100.0,692.03,1650.0
5847349.652,76457.0,100.0,699.52,1500.0
5847350.152,76457.0,100.0,664.73,1965.0
5847350.652,76457.0,100.0,631.13,1965.0
5847351.152,76457.0,100.0,621.45,1965.0
5847351.652,76457.0,100.0,626.06,1965.0
5847352.153,76457.0,100.0,622.8,1965.0
5847352.653,76457.0,100.0,627.82,1965.0
5847353.153,76457.0,100.0,641.33,1965.0
5847353.653,76457.0,100.0,648.11,1965.0
5847354.153,76457.0,100.0,655.98,1965.0
5847354.653,76457.0,100.0,629.47,1965.0
5847355.154,76457.0,98.0,615.77,1665.0
5847355.654,76457.0,100.0,610.2,1950.0
5847356.154,76457.0,100.0,589.93,1965.0
5847356.654,76457.0,100.0,625.83,1650.0
5847357.154,76457.0,100.0,632.57,1680.0
5847357.654,76457.0,100.0,597.6,1965.0
5847358.155,76457.0,100.0,598.71,1965.0
5847358.654,76457.0,100.0,632.29,1665.0
5847359.155,76457.0,100.0,621.08,1935.0
5847359.655,76457.0,100.0,603.21,1965.0
5847360.155,76457.0,94.0,635.75,1650.0
5847360.655,76457.0,100.0,694.38,1695.0
5847361.156,76457.0,100.0,701.59,1485.0
5847361.655,76457.0,100.0,690.28,1545.0
5847362.156,76457.0,100.0,694.45,1515.0
5847362.656,76457.0,100.0,694.33,1530.0
5847363.156,76457.0,100.0,695.64,1500.0
5847363.656,76457.0,100.0,692.47,1470.0
5847364.156,76457.0,100.0,694.0,1575.0
5847364.656,76457.0,100.0,694.83,1470.0
5847365.157,76457.0,100.0,697.23,1590.0
5847365.657,76457.0,100.0,690.13,1470.0
5847366.157,76457.0,100.0,694.25,1680.0
5847366.657,76457.0,100.0,689.81,1485.0
5847367.157,76457.0,100.0,695.34,1440.0
5847367.657,76457.0,100.0,696.06,1485.0
5847368.158,76457.0,100.0,694.55,1350.0
5847368.658,76457.0,100.0,694.24,1560.0
5847369.158,76457.0,100.0,692.48,1395.0
5847369.658,76457.0,100.0,693.23,1620.0
5847370.158,76457.0,100.0,694.35,1425.0
5847370.658,76457.0,100.0,693.18,1650.0
5847371.159,76457.0,100.0,695.06,1410.0
5847371.659,76457.0,100.0,695.2,1605.0
5847372.159,76457.0,100.0,691.71,1425.0
5847372.659,76457.0,100.0,697.1,1470.0
5847373.159,76457.0,100.0,692.88,1425.0
5847373.659,76457.0,100.0,695.64,1440.0
5847374.159,76457.0,100.0,695.68,1485.0
5847374.659,76457.0,100.0,695.0,1500.0
5847375.160,76457.0,100.0,694.6,1515.0
5847375.660,76457.0,100.0,672.16,1965.0
5847376.160,76457.0,100.0,655.24,1980.0
5847376.660,76457.0,98.0,658.03,1650.0
5847377.160,76457.0,100.0,681.38,1935.0
5847377.660,76457.0,100.0,671.72,1980.0
5847378.160,76457.0,100.0,637.45,1980.0
5847378.660,76457.0,100.0,625.49,1980.0
5847379.161,76457.0,100.0,676.64,1665.0
5847379.661,76457.0,100.0,695.45,1350.0
5847380.161,76457.0,98.0,650.67,1965.0
5847380.661,76457.0,100.0,688.72,1650.0
5847381.161,76457.0,100.0,700.19,1500.0
5847381.661,76457.0,100.0,692.54,1560.0
5847382.161,76457.0,100.0,700.13,1485.0
5847382.662,76457.0,100.0,691.01,1545.0
5847383.162,76457.0,100.0,686.97,1650.0
5847383.662,76457.0,100.0,673.79,1965.0
5847384.162,76457.0,100.0,604.24,1980.0
5847384.662,76457.0,100.0,521.13,1980.0
5847385.162,76457.0,100.0,510.04,1980.0
5847385.662,76457.0,100.0,504.47,1980.0
5847386.162,76457.0,100.0,435.49,1980.0
5847386.663,76455.0,0.0,254.58,1980.0
5847387.163,4.0,32.0,131.91,1980.0
5847387.663,0.0,28.0,135.1,1980.0
5847388.163,0.0,0.0,130.76,1980.0
5847388.663,0.0,0.0,126.38,1980.0
5847389.164,0.0,0.0,126.17,1980.0
5847389.664,0.0,0.0,103.98,435.0
5847390.164,0.0,0.0,77.03,345.0
5847390.664,0.0,0.0,70.0,345.0
5847391.164,0.0,0.0,69.79,345.0
5847391.664,0.0,0.0,69.71,345.0
5847392.165,0.0,0.0,69.65,345.0
5847392.665,0.0,0.0,69.56,345.0
5847393.165,0.0,0.0,69.54,345.0
5847393.665,0.0,0.0,69.53,345.0
5847394.165,0.0,0.0,69.64,345.0
5847394.665,0.0,0.0,69.68,345.0
5847395.166,0.0,0.0,69.58,345.0
5847395.666,0.0,0.0,69.6,345.0
5847396.166,0.0,0.0,69.53,345.0
5847396.666,0.0,0.0,69.45,345.0
5847397.166,0.0,0.0,69.45,345.0
5847397.666,0.0,0.0,69.41,345.0
5847398.167,0.0,0.0,69.36,345.0
5847398.667,0.0,0.0,69.35,345.0
5847399.167,0.0,0.0,69.32,345.0
5847399.667,0.0,0.0,69.26,345.0
5847400.167,0.0,0.0,69.27,345.0
5847400.668,0.0,0.0,69.27,345.0
5847401.168,0.0,0.0,69.21,345.0
5847401.668,0.0,0.0,69.19,345.0
5847402.168,0.0,0.0,69.17,345.0
5847402.668,0.0,0.0,69.12,345.0
5847403.169,0.0,0.0,69.07,345.0
5847403.669,0.0,0.0,69.02,345.0
5847404.169,0.0,0.0,69.01,345.0
5847404.669,0.0,0.0,68.97,345.0
5847405.169,0.0,0.0,68.91,345.0
5847405.670,0.0,0.0,69.0,345.0
5847406.170,0.0,0.0,69.07,345.0
5847406.670,0.0,0.0,69.06,345.0
5847407.170,0.0,0.0,69.07,345.0
5847407.670,0.0,0.0,69.04,345.0
5847408.199,1.0,0.0,69.04,345.0
5847408.699,4.0,0.0,69.06,345.0
5847409.199,4.0,0.0,69.02,345.0
5847409.700,4.0,0.0,68.98,345.0
5847410.200,4.0,0.0,69.01,345.0
5847410.700,4.0,0.0,68.98,345.0
5847411.200,4.0,0.0,68.92,345.0
5847411.700,4.0,0.0,68.96,345.0
5847412.200,4.0,0.0,68.93,345.0
5847412.701,4.0,0.0,68.86,345.0
5847413.201,4.0,0.0,68.89,345.0
5847413.701,4.0,0.0,68.89,345.0
5847414.201,4.0,0.0,68.87,345.0
5847414.702,4.0,0.0,68.91,345.0
5847415.202,4.0,0.0,68.89,345.0
5847415.702,4.0,0.0,68.79,345.0
5847416.202,4.0,0.0,68.77,345.0
5847416.703,4.0,0.0,68.73,345.0
5847417.203,4.0,0.0,68.78,345.0
5847417.703,4.0,0.0,68.93,345.0
5847418.203,4.0,0.0,68.92,345.0
5847418.703,4.0,0.0,68.91,345.0
5847419.204,4.0,0.0,68.87,345.0
5847419.704,4.0,0.0,68.83,345.0
5847420.204,4.0,0.0,68.88,345.0
5847420.704,4.0,0.0,68.86,345.0
5847421.204,4.0,0.0,68.79,345.0
5847421.705,4.0,0.0,68.84,345.0
5847422.205,4.0,0.0,68.84,345.0
5847422.705,4.0,0.0,68.81,345.0
5847423.205,4.0,0.0,68.81,345.0
5847423.705,4.0,0.0,68.82,345.0
5847424.206,4.0,0.0,68.78,345.0
5847424.706,4.0,0.0,68.73,345.0
5847425.206,4.0,0.0,68.71,345.0
5847425.706,689.0,0.0,89.46,1980.0
5847426.206,689.0,0.0,112.63,1980.0
5847426.707,709.0,0.0,115.92,1980.0
5847427.207,5549.0,0.0,116.14,1980.0
5847427.707,5549.0,0.0,116.16,1980.0
5847428.207,5549.0,0.0,116.0,1980.0
5847428.707,5549.0,0.0,116.02,1980.0
5847429.208,14087.0,0.0,115.99,1980.0
5847429.708,19325.0,0.0,115.98,1980.0
5847430.208,18793.0,0.0,122.02,1980.0
5847430.708,19127.0,1.0,122.02,1980.0
5847431.208,19127.0,0.0,115.91,1980.0
5847431.709,19127.0,0.0,115.89,1980.0
5847432.209,19127.0,0.0,115.96,1980.0
5847432.709,19127.0,0.0,115.97,1980.0
5847433.209,19127.0,0.0,116.02,1980.0
5847433.710,19127.0,0.0,116.0,1980.0
5847434.210,19127.0,0.0,115.98,1980.0
5847434.710,19127.0,0.0,115.99,1980.0
5847435.210,19127.0,0.0,115.93,1980.0
5847435.710,19127.0,0.0,115.9,1980.0
5847436.211,19571.0,0.0,126.29,1980.0
5847436.711,19571.0,0.0,140.94,1980.0
5847437.211,19767.0,0.0,131.61,1980.0
5847437.711,19767.0,0.0,116.69,1980.0
5847438.211,19767.0,0.0,115.95,1980.0
5847438.712,19767.0,0.0,115.92,1980.0
5847439.212,19767.0,0.0,115.9,1980.0
5847439.712,19767.0,0.0,115.87,1980.0
5847440.212,19767.0,0.0,115.88,1980.0
5847440.712,19767.0,0.0,115.88,1980.0
5847441.212,19767.0,0.0,115.87,1980.0
5847441.713,19767.0,0.0,115.85,1980.0
5847442.213,19767.0,0.0,115.83,1980.0
5847442.713,19767.0,0.0,115.85,1980.0
5847443.213,20385.0,0.0,127.59,1980.0
5847443.714,20683.0,0.0,197.76,1980.0
5847444.214,19215.0,4.0,191.59,1980.0
5847444.714,24537.0,2.0,116.53,1980.0
5847445.214,24537.0,0.0,116.34,1980.0
5847445.714,24537.0,0.0,115.85,1980.0
5847446.214,24537.0,0.0,115.9,1980.0
5847446.715,24537.0,0.0,115.93,1980.0
5847447.215,24537.0,0.0,115.89,1980.0
5847447.715,23595.0,86.0,176.49,1980.0
5847448.215,24695.0,88.0,273.65,1980.0
5847448.715,23905.0,77.0,297.34,1980.0
5847449.215,23873.0,61.0,267.0,1980.0
5847449.716,23875.0,30.0,221.01,1980.0
5847450.216,23809.0,22.0,186.94,1980.0
5847450.716,23921.0,17.0,175.52,1980.0
5847451.216,24101.0,14.0,164.82,1980.0
5847451.716,24107.0,0.0,145.66,1980.0
5847452.217,72065.0,22.0,128.4,1980.0
5847452.717,72065.0,0.0,120.86,1980.0
5847453.217,74433.0,100.0,214.11,1950.0
5847453.717,73677.0,0.0,233.99,1980.0
5847454.217,73041.0,93.0,268.07,1980.0
5847454.718,72849.0,90.0,361.21,1980.0
5847455.218,72209.0,78.0,339.8,1980.0
5847455.718,72207.0,31.0,299.75,1980.0
5847456.218,72293.0,24.0,246.1,1980.0
5847456.718,72259.0,19.0,210.83,1980.0
5847457.218,72213.0,15.0,182.4,1980.0
5847457.719,72493.0,28.0,193.93,1980.0
5847458.219,72481.0,27.0,220.31,1980.0
5847458.719,72509.0,0.0,182.11,1980.0
5847459.219,72509.0,0.0,130.03,1980.0
5847459.719,72509.0,0.0,115.7,1980.0
5847460.220,72509.0,0.0,115.59,1980.0
5847460.720,72509.0,0.0,115.56,1980.0
5847461.220,72509.0,0.0,115.54,1980.0
5847461.731,72509.0,0.0,115.54,1980.0
5847462.221,72509.0,0.0,115.5,1980.0
5847462.721,73835.0,95.0,303.2,1680.0
5847463.221,74197.0,99.0,614.27,1695.0
5847463.721,74197.0,100.0,596.18,1980.0
5847464.221,74197.0,100.0,576.87,1845.0
5847464.722,74197.0,100.0,669.65,1950.0
5847465.222,74197.0,79.0,506.67,1980.0
5847465.723,74197.0,0.0,239.55,1980.0
5847466.222,74197.0,0.0,117.82,1980.0
5847466.723,74197.0,0.0,117.25,1980.0
5847467.223,74197.0,0.0,117.07,1980.0
5847467.723,74197.0,0.0,116.97,1980.0
5847468.223,74197.0,0.0,116.94,1980.0
5847468.723,74197.0,0.0,116.93,1980.0
5847469.224,74197.0,0.0,116.86,1980.0
5847469.724,74197.0,0.0,116.76,1980.0
5847470.224,74197.0,37.0,211.91,1905.0
5847470.724,74197.0,100.0,508.32,1920.0
5847471.224,74197.0,99.0,675.8,1920.0
5847471.724,74197.0,100.0,667.4,1890.0
5847472.225,74197.0,100.0,683.74,1905.0
5847472.725,74197.0,100.0,650.63,1965.0
5847473.225,74197.0,100.0,553.2,1980.0
5847473.725,74197.0,100.0,489.57,1980.0
5847474.226,74197.0,100.0,489.65,1980.0
5847474.726,74197.0,100.0,486.36,1980.0
5847475.226,74197.0,45.0,401.41,1980.0
5847475.728,74197.0,0.0,222.41,1980.0
5847476.226,74197.0,0.0,118.14,1980.0
5847476.726,74197.0,0.0,117.78,1980.0
5847477.227,74197.0,2.0,224.7,1695.0
5847477.727,75325.0,49.0,478.68,1710.0
5847478.227,75325.0,100.0,681.19,1755.0
5847478.727,75325.0,100.0,693.07,1770.0
5847479.228,75325.0,100.0,691.85,1695.0
5847479.728,75325.0,100.0,696.64,1770.0
5847480.228,75325.0,100.0,615.79,1965.0
5847480.728,75325.0,100.0,531.18,1980.0
5847481.229,75325.0,100.0,511.76,1980.0
5847481.729,75325.0,100.0,516.46,1980.0
5847482.229,75325.0,100.0,506.26,1980.0
5847482.729,75325.0,100.0,460.76,1980.0
5847483.229,75325.0,0.0,265.86,1980.0
5847483.730,75325.0,0.0,120.16,1980.0
5847484.230,75325.0,0.0,119.63,1980.0
5847484.730,75325.0,0.0,119.37,1980.0
5847485.230,75325.0,0.0,126.82,1980.0
5847485.730,75325.0,100.0,416.29,1755.0
5847486.231,75325.0,100.0,701.95,1590.0
5847486.732,75325.0,100.0,693.04,1800.0
5847487.231,75325.0,100.0,696.69,1560.0
5847487.732,75325.0,100.0,695.2,1710.0
5847488.232,75325.0,100.0,627.98,1965.0
5847488.732,75325.0,100.0,544.79,1980.0
5847489.232,75325.0,100.0,511.65,1980.0
5847489.732,75325.0,100.0,513.1,1980.0
5847490.233,75325.0,100.0,513.2,1980.0
5847490.733,75325.0,100.0,512.62,1980.0
5847491.233,75325.0,0.0,332.12,1980.0
5847491.733,75325.0,0.0,134.97,1980.0
5847492.233,75325.0,0.0,118.8,1980.0
5847492.733,75325.0,0.0,118.57,1980.0
5847493.239,75325.0,0.0,118.44,1980.0
5847493.734,75325.0,0.0,118.29,1980.0
5847494.234,75325.0,0.0,118.1,1980.0
5847494.734,75325.0,0.0,118.04,1980.0
5847495.235,75325.0,0.0,118.0,1980.0
5847495.735,75325.0,0.0,204.96,1740.0
5847496.235,75325.0,100.0,521.23,1635.0
5847496.737,75325.0,100.0,699.5,1680.0
5847497.235,75325.0,100.0,691.28,1575.0
5847497.736,75325.0,100.0,699.31,1560.0
5847498.238,75325.0,100.0,689.57,1650.0
5847498.738,75325.0,100.0,692.46,1575.0
5847499.239,75325.0,100.0,691.61,1740.0
5847499.739,75325.0,100.0,693.24,1530.0
5847500.239,75325.0,100.0,696.22,1800.0
5847500.740,75325.0,100.0,694.45,1605.0
5847501.240,75325.0,100.0,697.84,1560.0
5847501.740,75325.0,100.0,698.95,1605.0
5847502.240,75325.0,100.0,699.3,1560.0
5847502.740,75325.0,100.0,694.74,1650.0
5847503.240,75325.0,100.0,693.2,1620.0
5847503.741,75325.0,100.0,695.18,1710.0
5847504.241,75325.0,100.0,689.64,1620.0
5847504.742,75325.0,12.0,636.74,1755.0
5847505.242,75325.0,100.0,657.95,1740.0
5847505.743,75325.0,100.0,702.74,1680.0
5847506.243,75325.0,100.0,695.72,1680.0
5847506.743,75325.0,74.0,679.99,1695.0
5847507.245,75325.0,100.0,685.68,1725.0
5847507.744,75325.0,100.0,696.45,1635.0
5847508.245,75325.0,100.0,691.29,1545.0
5847508.745,75325.0,100.0,640.46,1980.0
5847509.245,75325.0,73.0,541.17,1770.0
5847509.745,75325.0,100.0,627.01,1680.0
5847510.246,75325.0,100.0,701.06,1620.0
5847510.746,75325.0,100.0,693.15,1605.0
5847511.246,75325.0,100.0,673.4,1965.0
5847511.747,75325.0,100.0,662.8,1770.0
5847512.246,75325.0,100.0,692.47,1425.0
5847512.747,75325.0,100.0,692.87,1725.0
5847513.247,75325.0,100.0,682.56,1965.0
5847513.747,75325.0,94.0,654.28,1680.0
5847514.247,75325.0,100.0,675.32,1680.0
5847514.747,75325.0,100.0,697.8,1665.0
5847515.249,75325.0,100.0,692.7,1680.0
5847515.748,75325.0,100.0,693.97,1680.0
5847516.248,75325.0,100.0,688.05,1530.0
5847516.748,75325.0,100.0,694.66,1500.0
5847517.248,75325.0,100.0,692.27,1800.0
5847517.749,75325.0,100.0,695.38,1740.0
5847518.249,75325.0,100.0,688.56,1500.0
5847518.749,75325.0,100.0,696.42,1635.0
5847519.249,75325.0,91.0,678.29,1740.0
5847519.749,75325.0,100.0,691.46,1665.0
5847520.250,75325.0,100.0,695.44,1620.0
5847520.750,75325.0,100.0,694.18,1635.0
5847521.250,75325.0,100.0,691.79,1695.0
5847521.750,75325.0,100.0,694.81,1665.0
5847522.250,75325.0,100.0,690.67,1665.0
5847522.751,75325.0,100.0,690.31,1515.0
5847523.251,75325.0,100.0,694.69,1650.0
5847523.751,75325.0,100.0,695.06,1500.0
5847524.251,75325.0,100.0,699.28,1500.0
5847524.751,75325.0,100.0,693.26,1935.0
5847525.251,75325.0,100.0,691.67,1740.0
5847525.752,75325.0,100.0,687.11,1470.0
5847526.252,75325.0,100.0,695.17,1725.0
5847526.752,75325.0,100.0,688.79,1725.0
5847527.252,75325.0,100.0,691.71,1500.0
5847527.752,75325.0,100.0,695.54,1455.0
5847528.252,75325.0,100.0,696.83,1680.0
5847528.753,75325.0,99.0,691.01,1725.0
5847529.253,75325.0,100.0,695.13,1590.0
5847529.753,75325.0,100.0,697.44,1725.0
5847530.253,75325.0,100.0,691.23,1620.0
5847530.753,75325.0,95.0,689.64,1650.0
5847531.253,75325.0,100.0,686.71,1755.0
5847531.754,75325.0,100.0,693.88,1590.0
5847532.254,75325.0,100.0,699.09,1425.0
5847532.754,75325.0,92.0,688.23,1665.0
5847533.254,75325.0,100.0,696.54,1545.0
5847533.754,75325.0,100.0,700.28,1650.0
5847534.254,75325.0,100.0,692.54,1455.0
5847534.755,75325.0,100.0,659.72,1980.0
5847535.255,75325.0,100.0,614.09,1980.0
5847535.755,75325.0,100.0,613.49,1980.0
5847536.255,75325.0,100.0,602.01,1980.0
5847536.755,75325.0,100.0,595.16,1980.0
5847537.255,75325.0,100.0,608.04,1980.0
5847537.756,75325.0,100.0,590.1,1980.0
5847538.256,75325.0,89.0,517.73,1980.0
5847538.756,75325.0,0.0,304.96,1980.0
5847539.256,75325.0,0.0,124.18,1980.0
5847539.756,75325.0,0.0,122.56,1980.0
5847540.256,75325.0,0.0,121.73,1980.0
5847540.756,75325.0,0.0,121.45,1980.0
5847541.256,75325.0,0.0,121.25,1980.0
5847541.756,75325.0,0.0,120.94,1980.0
5847542.257,75325.0,0.0,120.72,1980.0
5847542.757,75325.0,0.0,120.6,1980.0
5847543.266,75325.0,0.0,120.47,1980.0
5847543.760,75325.0,0.0,120.29,1980.0
5847544.260,75325.0,0.0,120.12,1980.0
5847544.757,75325.0,0.0,119.95,1980.0
5847545.258,75325.0,0.0,119.79,1980.0
5847545.758,75325.0,0.0,119.67,1980.0
5847546.258,75325.0,0.0,119.6,1980.0
5847546.758,75325.0,0.0,119.53,1980.0
5847547.269,75325.0,0.0,119.43,1980.0
5847547.758,75325.0,0.0,119.29,1980.0
5847548.259,75325.0,96.0,330.33,1800.0
5847548.759,75325.0,100.0,629.46,1650.0
5847549.259,75325.0,100.0,696.3,1635.0
5847549.759,75325.0,100.0,688.16,1530.0
5847550.259,75325.0,100.0,693.06,1470.0
5847550.759,75325.0,100.0,687.53,1650.0
5847551.259,75325.0,100.0,694.29,1500.0
5847551.760,75325.0,100.0,619.1,1965.0
5847552.260,75325.0,100.0,531.8,1980.0
5847552.760,75325.0,100.0,518.42,1980.0
5847553.260,75325.0,100.0,519.68,1980.0
5847553.760,75325.0,100.0,520.41,1980.0
5847554.260,75325.0,100.0,550.61,1635.0
5847554.760,75325.0,100.0,641.23,1620.0
5847555.261,75325.0,100.0,684.81,1590.0
5847555.761,75325.0,100.0,694.83,1635.0
5847556.261,75325.0,100.0,703.8,1410.0
5847556.761,75325.0,100.0,697.05,1575.0
5847557.261,75325.0,100.0,692.17,1440.0
5847557.761,75325.0,96.0,638.47,1965.0
5847558.262,75325.0,100.0,552.42,1980.0
5847558.762,75325.0,100.0,516.96,1980.0
5847559.262,75325.0,100.0,518.2,1980.0
5847559.762,75325.0,100.0,519.08,1980.0
5847560.267,75325.0,100.0,571.95,1560.0
5847560.763,75325.0,100.0,670.99,1785.0
5847561.263,75325.0,100.0,693.38,1560.0
5847561.763,75325.0,100.0,686.27,1515.0
5847562.263,75325.0,100.0,690.37,1575.0
5847562.763,75325.0,100.0,688.69,1485.0
5847563.264,75325.0,100.0,692.51,1530.0
5847563.764,75325.0,100.0,634.96,1965.0
5847564.264,75325.0,100.0,556.21,1980.0
5847564.764,75325.0,100.0,520.32,1980.0
5847565.264,75325.0,100.0,520.34,1980.0
5847565.764,75325.0,100.0,517.82,1980.0
5847566.264,75325.0,90.0,548.18,1605.0
5847566.765,75325.0,100.0,648.09,1605.0
5847567.265,75325.0,100.0,693.73,1545.0
5847567.765,75325.0,100.0,690.21,1740.0
5847568.265,75325.0,100.0,699.05,1485.0
5847568.766,75325.0,100.0,696.36,1500.0
5847569.266,75325.0,100.0,695.68,1575.0
5847569.766,75325.0,100.0,642.74,1965.0
5847570.266,75325.0,100.0,556.34,1980.0
5847570.766,75325.0,100.0,519.68,1980.0
5847571.266,75325.0,100.0,519.18,1980.0
5847571.766,75325.0,100.0,519.74,1980.0
5847572.266,75325.0,100.0,537.83,1650.0
5847572.767,75325.0,98.0,635.61,1590.0
5847573.267,75325.0,100.0,699.25,1545.0
5847573.767,75325.0,100.0,691.55,1740.0
5847574.267,75325.0,100.0,698.32,1545.0
5847574.767,75325.0,100.0,697.05,1500.0
5847575.268,75325.0,100.0,699.32,1500.0
5847575.768,75325.0,99.0,653.16,1965.0
5847576.268,75325.0,100.0,566.43,1980.0
5847576.768,75325.0,100.0,520.03,1980.0
5847577.269,75325.0,100.0,520.71,1980.0
5847577.769,75325.0,100.0,520.34,1980.0
5847578.283,75325.0,43.0,496.29,1980.0
5847578.769,75325.0,100.0,605.43,1740.0
5847579.270,75325.0,100.0,708.49,1485.0
5847579.770,75325.0,100.0,698.13,1575.0
5847580.270,75325.0,100.0,699.93,1455.0
5847580.770,75325.0,100.0,694.06,1440.0
5847581.270,75325.0,100.0,694.34,1620.0
5847581.771,75325.0,100.0,676.85,1920.0
5847582.271,75325.0,100.0,587.71,1980.0
5847582.771,75325.0,100.0,516.06,1980.0
5847583.274,75325.0,100.0,519.53,1980.0
5847583.771,75325.0,100.0,520.43,1980.0
5847584.271,75325.0,100.0,514.11,1980.0
5847584.778,75325.0,0.0,329.66,1980.0
5847585.272,75325.0,0.0,137.98,1980.0
5847585.773,75325.0,0.0,121.09,1980.0
5847586.273,75325.0,0.0,120.76,1980.0
5847586.776,75325.0,0.0,120.42,1980.0
5847587.274,75325.0,0.0,120.24,1980.0
5847587.774,75325.0,0.0,120.12,1980.0
5847588.276,75325.0,0.0,119.97,1980.0
5847588.775,75325.0,0.0,119.83,1980.0
5847589.275,75325.0,0.0,119.63,1980.0
5847589.775,75325.0,100.0,347.47,1770.0
5847590.275,75325.0,100.0,658.52,1590.0
5847590.779,75325.0,100.0,704.97,1545.0
5847591.276,75325.0,100.0,690.25,1710.0
5847591.776,75325.0,100.0,691.37,1635.0
5847592.276,75327.0,100.0,691.59,1605.0
5847592.777,75327.0,100.0,693.57,1875.0
5847593.280,75327.0,100.0,696.44,1470.0
5847593.780,75327.0,100.0,625.92,1980.0
5847594.280,75327.0,100.0,539.66,1980.0
5847594.781,75327.0,100.0,538.35,1980.0
5847595.281,75327.0,100.0,538.05,1980.0
5847595.781,75327.0,100.0,540.42,1980.0
5847596.281,75327.0,100.0,535.7,1980.0
5847596.783,75327.0,0.0,360.0,1980.0
5847597.283,75327.0,0.0,162.13,1980.0
5847597.783,75327.0,0.0,120.96,1980.0
5847598.284,75327.0,0.0,120.63,1980.0
5847598.788,75327.0,0.0,120.34,1980.0
5847599.285,75327.0,93.0,315.33,1740.0
5847599.785,75327.0,100.0,619.05,1740.0
5847600.286,75327.0,100.0,696.39,1695.0
5847600.786,75327.0,100.0,690.43,1665.0
5847601.286,75327.0,100.0,692.32,1740.0
5847601.787,75327.0,100.0,688.51,1665.0
5847602.287,75327.0,100.0,694.95,1695.0
5847602.787,75327.0,100.0,689.66,1710.0
5847603.287,75327.0,100.0,694.69,1500.0
5847603.787,75327.0,100.0,696.2,1650.0
5847604.287,75327.0,100.0,692.07,1620.0
5847604.788,75327.0,100.0,653.96,1965.0
5847605.288,75327.0,100.0,591.44,1980.0
5847605.788,75327.0,100.0,557.3,1980.0
5847606.289,75327.0,100.0,555.45,1980.0
5847606.789,75327.0,100.0,554.39,1980.0
5847607.289,75327.0,100.0,556.41,1980.0
5847607.789,75327.0,100.0,559.23,1980.0
5847608.289,75327.0,0.0,396.38,1980.0
5847608.790,75327.0,0.0,180.77,1980.0
5847609.290,75327.0,0.0,120.83,1980.0
5847609.790,75327.0,0.0,120.44,1980.0
5847610.290,75327.0,0.0,120.2,1980.0
5847610.790,75327.0,100.0,386.41,1770.0
5847611.290,75327.0,100.0,680.75,1380.0
5847611.791,75327.0,100.0,693.53,1740.0
5847612.291,75327.0,100.0,690.84,1515.0
5847612.791,75327.0,100.0,689.77,1770.0
5847613.291,75327.0,100.0,693.84,1560.0
5847613.791,75327.0,100.0,692.37,1680.0
5847614.292,75327.0,100.0,692.25,1605.0
5847614.792,75327.0,100.0,699.12,1680.0
5847615.292,75327.0,100.0,696.7,1680.0
5847615.792,75327.0,100.0,671.91,1965.0
5847616.292,75327.0,100.0,606.91,1980.0
5847616.792,75327.0,100.0,573.02,1980.0
5847617.292,75327.0,100.0,573.63,1980.0
5847617.793,75327.0,100.0,574.49,1980.0
5847618.293,75327.0,100.0,573.37,1980.0
5847618.793,75327.0,100.0,573.48,1980.0
5847619.293,75327.0,100.0,573.99,1980.0
5847619.793,75327.0,0.0,378.31,1980.0
5847620.293,75327.0,0.0,159.98,1980.0
5847620.794,75327.0,0.0,120.65,1980.0
5847621.294,75327.0,0.0,120.22,1980.0
5847621.794,75327.0,0.0,119.91,1980.0
5847622.294,75327.0,100.0,385.45,1785.0
5847622.794,75327.0,100.0,683.11,1380.0
5847623.294,75327.0,100.0,694.95,1740.0
5847623.794,75327.0,100.0,690.49,1530.0
5847624.294,75327.0,100.0,695.46,1725.0
5847624.795,75327.0,100.0,694.42,1665.0
5847625.294,75327.0,100.0,693.09,1725.0
5847625.795,75327.0,100.0,692.54,1575.0
5847626.295,75327.0,100.0,696.12,1665.0
5847626.795,75327.0,100.0,691.05,1665.0
5847627.295,75327.0,100.0,692.78,1740.0
5847627.795,75327.0,100.0,650.38,1965.0
5847628.295,75327.0,100.0,602.11,1980.0
5847628.795,75327.0,100.0,585.28,1980.0
5847629.295,75327.0,100.0,581.84,1980.0
5847629.795,75327.0,100.0,581.18,1980.0
5847630.296,75327.0,100.0,586.52,1980.0
5847630.796,75327.0,100.0,589.35,1980.0
5847631.296,75327.0,100.0,593.55,1980.0
5847631.796,75327.0,25.0,524.82,1980.0
5847632.296,75327.0,0.0,285.43,1980.0
5847632.796,75327.0,0.0,121.4,1980.0
5847633.296,75327.0,0.0,120.74,1980.0
5847633.796,75327.0,0.0,120.42,1980.0
5847634.297,75327.0,0.0,214.8,1785.0
5847634.797,75327.0,100.0,516.61,1770.0
5847635.297,75327.0,100.0,695.71,1620.0
5847635.806,75327.0,100.0,689.78,1725.0
5847636.297,75327.0,100.0,690.48,1800.0
5847636.797,75327.0,100.0,634.53,1815.0
5847637.298,75327.0,100.0,593.55,1890.0
5847637.798,75327.0,100.0,593.84,1905.0
5847638.298,75327.0,100.0,604.49,1935.0
5847638.798,75327.0,100.0,602.85,1935.0
5847639.298,75327.0,100.0,599.51,1935.0
5847639.798,75327.0,100.0,605.56,1920.0
5847640.299,75327.0,100.0,609.35,1920.0
5847640.799,75327.0,98.0,586.16,1890.0
5847641.299,75327.0,98.0,572.15,1965.0
5847641.799,75327.0,100.0,568.52,1965.0
5847642.299,75327.0,100.0,556.83,1965.0
5847642.800,75327.0,100.0,566.95,1785.0
5847643.300,75327.0,100.0,586.95,1950.0
5847643.800,75327.0,100.0,587.8,1965.0
5847644.300,75327.0,100.0,563.91,1965.0
5847644.800,75327.0,100.0,560.45,1860.0
5847645.301,75327.0,100.0,573.02,1800.0
5847645.801,75327.0,100.0,589.44,1965.0
5847646.301,75327.0,98.0,575.92,1965.0
5847646.801,75327.0,100.0,561.19,1965.0
5847647.301,75327.0,100.0,566.09,1770.0
5847647.802,75327.0,100.0,647.07,1740.0
5847648.302,75327.0,100.0,701.49,1590.0
5847648.802,75327.0,100.0,691.49,1695.0
5847649.302,75327.0,100.0,701.03,1635.0
5847649.802,75327.0,100.0,694.6,1770.0
5847650.303,75327.0,100.0,697.45,1590.0
5847650.803,75327.0,100.0,693.09,1620.0
5847651.303,75327.0,100.0,693.75,1620.0
5847651.803,75327.0,100.0,696.12,1635.0
5847652.304,75327.0,100.0,689.83,1635.0
5847652.804,75327.0,100.0,693.28,1560.0
5847653.304,75327.0,100.0,695.02,1635.0
5847653.804,75327.0,100.0,693.29,1680.0
5847654.304,75327.0,100.0,695.34,1635.0
5847654.805,75327.0,100.0,697.56,1575.0
5847655.306,75327.0,100.0,698.59,1620.0
5847655.805,75327.0,100.0,696.32,1530.0
5847656.305,75327.0,100.0,694.05,1605.0
5847656.805,75327.0,100.0,698.04,1680.0
5847657.306,75327.0,100.0,696.31,1665.0
5847657.806,75327.0,100.0,688.1,1650.0
5847658.306,75327.0,100.0,698.14,1560.0
5847658.806,75327.0,100.0,697.74,1695.0
5847659.306,75327.0,100.0,691.69,1635.0
5847659.806,75327.0,100.0,695.45,1620.0
5847660.306,75327.0,100.0,692.4,1680.0
5847660.807,75327.0,100.0,693.4,1545.0
5847661.307,75327.0,100.0,696.09,1620.0
5847661.807,75327.0,100.0,690.43,1560.0
5847662.307,75327.0,100.0,697.33,1575.0
5847662.807,75327.0,100.0,696.33,1710.0
5847663.307,75327.0,100.0,645.48,1980.0
5847663.808,75327.0,100.0,604.21,1980.0
5847664.308,75327.0,100.0,604.91,1980.0
5847664.808,75327.0,100.0,603.47,1980.0
5847665.308,75327.0,100.0,595.29,1980.0
5847665.808,75327.0,100.0,590.19,1980.0
5847666.308,75327.0,97.0,620.11,1740.0
5847666.808,75327.0,100.0,684.92,1620.0
5847667.309,75327.0,100.0,696.43,1770.0
5847667.809,75327.0,100.0,692.62,1695.0
5847668.309,75327.0,100.0,699.19,1485.0
5847668.809,75327.0,100.0,693.14,1650.0
5847669.309,75327.0,100.0,694.6,1485.0
5847669.810,75327.0,100.0,660.61,1965.0
5847670.310,75327.0,100.0,575.45,1980.0
5847670.810,75327.0,100.0,496.95,1980.0
5847671.310,75327.0,100.0,477.48,1980.0
5847671.810,75327.0,100.0,476.49,1980.0
5847672.310,75327.0,64.0,427.15,1980.0
5847672.811,75325.0,3.0,256.54,1980.0
5847673.311,4.0,100.0,130.37,1980.0
