5834088.472,0.0,0.0,115.94,1980.0
5834088.973,0.0,0.0,118.07,1980.0
5834089.473,0.0,0.0,118.6,1980.0
5834089.973,0.0,0.0,107.17,405.0
5834090.473,0.0,0.0,81.79,345.0
5834090.973,0.0,0.0,68.14,345.0
5834091.474,0.0,0.0,68.01,345.0
5834091.974,0.0,0.0,68.03,345.0
5834092.474,0.0,0.0,68.05,345.0
5834092.974,0.0,0.0,67.99,345.0
5834093.474,0.0,0.0,67.95,345.0
5834093.974,0.0,0.0,67.98,345.0
5834094.475,0.0,0.0,68.0,345.0
5834094.975,0.0,0.0,68.03,345.0
5834095.475,0.0,0.0,68.03,345.0
5834095.975,0.0,0.0,67.99,345.0
5834096.475,0.0,0.0,67.97,345.0
5834096.975,0.0,0.0,67.96,345.0
5834097.476,0.0,0.0,67.95,345.0
5834097.976,0.0,0.0,67.97,345.0
5834098.476,0.0,0.0,67.96,345.0
5834098.976,0.0,0.0,68.0,345.0
5834099.476,0.0,0.0,68.01,345.0
5834099.977,0.0,0.0,67.99,345.0
5834100.477,0.0,0.0,67.98,345.0
5834100.977,0.0,0.0,67.98,345.0
5834101.477,0.0,0.0,67.99,345.0
5834101.977,0.0,0.0,67.95,345.0
5834102.477,0.0,0.0,67.92,345.0
5834102.978,0.0,0.0,67.93,345.0
5834103.478,0.0,0.0,67.92,345.0
5834103.978,0.0,0.0,67.94,345.0
5834104.478,0.0,0.0,67.97,345.0
5834104.978,0.0,0.0,67.97,345.0
5834105.478,0.0,0.0,67.96,345.0
5834105.979,0.0,0.0,67.97,345.0
5834106.479,0.0,0.0,67.98,345.0
5834106.979,0.0,0.0,67.95,345.0
5834107.479,0.0,0.0,67.93,345.0
5834107.980,0.0,0.0,67.93,345.0
5834108.480,0.0,0.0,67.93,345.0
5834108.980,0.0,0.0,67.96,345.0
5834109.480,0.0,0.0,67.99,345.0
5834109.980,0.0,0.0,67.99,345.0
5834110.481,0.0,0.0,67.97,345.0
5834110.981,0.0,0.0,67.98,345.0
5834111.481,0.0,0.0,67.99,345.0
5834111.981,0.0,0.0,67.96,345.0
5834112.517,0.0,0.0,67.92,345.0
5834113.018,0.0,0.0,67.94,345.0
5834113.518,0.0,0.0,67.97,345.0
5834114.018,0.0,0.0,67.94,345.0
5834114.518,0.0,0.0,67.94,345.0
5834115.018,0.0,0.0,67.97,345.0
5834115.518,0.0,0.0,67.95,345.0
5834116.019,0.0,0.0,67.93,345.0
5834116.519,4.0,0.0,67.99,345.0
5834117.019,4.0,0.0,67.99,345.0
5834117.519,4.0,0.0,67.96,345.0
5834118.020,0.0,0.0,67.95,345.0
5834118.520,0.0,0.0,67.93,345.0
5834119.020,0.0,0.0,67.89,345.0
5834119.524,4.0,0.0,67.93,345.0
5834120.024,4.0,0.0,67.94,345.0
5834120.524,4.0,0.0,67.89,345.0
5834121.024,4.0,0.0,67.86,345.0
5834121.524,4.0,0.0,67.88,345.0
5834122.025,4.0,0.0,67.9,345.0
5834122.525,4.0,0.0,67.9,345.0
5834123.025,4.0,0.0,67.88,345.0
5834123.525,4.0,0.0,67.87,345.0
5834124.025,4.0,0.0,67.89,345.0
5834124.526,4.0,0.0,67.9,345.0
5834125.026,4.0,0.0,67.88,345.0
5834125.526,4.0,0.0,67.86,345.0
5834126.026,4.0,0.0,67.89,345.0
5834126.526,4.0,0.0,67.92,345.0
5834127.027,4.0,0.0,67.92,345.0
5834127.527,4.0,0.0,67.89,345.0
5834128.027,4.0,0.0,67.9,345.0
5834128.527,4.0,0.0,67.86,345.0
5834129.027,4.0,0.0,67.86,345.0
5834129.527,4.0,0.0,67.87,345.0
5834130.028,4.0,0.0,67.88,345.0
5834130.528,4.0,0.0,67.92,345.0
5834131.028,4.0,0.0,67.9,345.0
5834131.528,4.0,0.0,67.84,345.0
5834132.028,4.0,0.0,67.86,345.0
5834132.529,4.0,0.0,67.92,345.0
5834133.029,4.0,0.0,67.93,345.0
5834133.529,4.0,0.0,67.87,345.0
5834134.029,4.0,0.0,67.85,345.0
5834134.530,4.0,0.0,67.89,345.0
5834135.030,4.0,0.0,67.79,345.0
5834135.530,4.0,0.0,67.71,345.0
5834136.030,4.0,0.0,67.75,345.0
5834136.530,4.0,0.0,67.76,345.0
5834137.032,4.0,0.0,67.73,345.0
5834137.532,4.0,0.0,67.75,345.0
5834138.032,689.0,2.0,86.37,1980.0
5834138.532,689.0,0.0,108.99,1980.0
5834139.033,689.0,0.0,114.68,1980.0
5834139.533,5549.0,2.0,114.88,1980.0
5834140.033,5549.0,0.0,114.85,1980.0
5834140.533,5549.0,0.0,114.75,1980.0
5834141.033,5549.0,0.0,114.77,1980.0
5834141.533,5549.0,0.0,114.75,1980.0
5834142.034,5549.0,0.0,114.77,1980.0
5834142.534,19325.0,0.0,114.74,1980.0
5834143.034,19325.0,11.0,114.96,1980.0
5834143.534,19325.0,12.0,115.43,1980.0
5834144.034,19325.0,4.0,115.6,1980.0
5834144.534,19325.0,10.0,115.54,1980.0
5834145.035,19325.0,2.0,116.37,1980.0
5834145.535,19325.0,13.0,118.66,1980.0
5834146.035,19325.0,10.0,119.0,1980.0
5834146.535,19325.0,6.0,116.67,1980.0
5834147.036,18793.0,1.0,115.25,1980.0
5834147.536,19127.0,0.0,114.87,1980.0
5834148.036,19127.0,0.0,114.84,1980.0
5834148.536,19127.0,0.0,114.83,1980.0
5834149.036,19127.0,0.0,114.87,1980.0
5834149.536,19127.0,0.0,114.87,1980.0
5834150.037,19127.0,0.0,114.88,1980.0
5834150.537,19127.0,0.0,114.9,1980.0
5834151.037,19127.0,0.0,114.94,1980.0
5834151.537,19127.0,0.0,114.93,1980.0
5834152.038,19127.0,0.0,114.94,1980.0
5834152.538,19127.0,0.0,114.93,1980.0
5834153.038,19127.0,0.0,114.94,1980.0
5834153.538,19253.0,0.0,114.87,1980.0
5834154.038,19571.0,30.0,140.91,1980.0
5834154.538,19571.0,0.0,140.85,1980.0
5834155.039,19571.0,0.0,114.57,1980.0
5834155.539,19571.0,0.0,114.48,1980.0
5834156.039,19571.0,0.0,114.55,1980.0
5834156.539,19571.0,0.0,114.52,1980.0
5834157.039,19571.0,0.0,114.51,1980.0
5834157.540,19571.0,0.0,114.58,1980.0
5834158.040,19571.0,0.0,114.55,1980.0
5834158.540,19571.0,0.0,114.57,1980.0
5834159.040,19571.0,0.0,114.57,1980.0
5834159.540,19213.0,23.0,133.2,1980.0
5834160.041,19393.0,0.0,147.31,1980.0
5834160.541,19585.0,0.0,129.72,1980.0
5834161.041,19585.0,0.0,116.99,1980.0
5834161.541,19585.0,0.0,134.71,1980.0
5834162.042,19585.0,0.0,134.78,1980.0
5834162.542,19585.0,0.0,114.6,1980.0
5834163.042,20161.0,61.0,180.12,1980.0
5834163.542,20161.0,2.0,182.62,1980.0
5834164.042,20161.0,0.0,115.82,1980.0
5834164.542,20625.0,0.0,115.51,1980.0
5834165.042,20161.0,49.0,144.64,1980.0
5834165.543,20161.0,0.0,153.9,1980.0
5834166.043,20625.0,0.0,127.53,1980.0
5834166.543,20625.0,0.0,117.28,1980.0
5834167.043,20625.0,3.0,116.22,1980.0
5834167.544,20625.0,3.0,117.73,1980.0
5834168.044,20625.0,0.0,116.14,1980.0
5834168.544,20625.0,0.0,115.81,1980.0
5834169.044,20625.0,0.0,117.36,1980.0
5834169.544,20625.0,0.0,117.21,1980.0
5834170.044,20625.0,0.0,116.35,1980.0
5834170.545,20625.0,0.0,115.49,1980.0
5834171.045,20625.0,0.0,130.94,1980.0
5834171.545,20625.0,0.0,130.15,1980.0
5834172.045,20625.0,0.0,114.72,1980.0
5834172.545,20625.0,1.0,115.06,1980.0
5834173.046,20627.0,0.0,115.09,1980.0
5834173.546,20627.0,0.0,114.75,1980.0
5834174.046,20627.0,0.0,114.71,1980.0
5834174.546,20627.0,0.0,114.72,1980.0
5834175.046,20627.0,0.0,114.76,1980.0
5834175.547,20627.0,0.0,114.75,1980.0
5834176.047,20627.0,0.0,114.71,1980.0
5834176.547,20627.0,0.0,114.68,1980.0
5834177.047,20627.0,0.0,114.72,1980.0
5834177.547,20627.0,0.0,114.79,1980.0
5834178.048,20627.0,0.0,114.79,1980.0
5834178.548,20627.0,0.0,114.77,1980.0
5834179.048,20627.0,0.0,114.75,1980.0
5834179.548,20627.0,0.0,114.74,1980.0
5834180.048,20681.0,36.0,190.01,1980.0
5834180.549,20681.0,0.0,201.9,1980.0
5834181.049,20681.0,0.0,134.05,1980.0
5834181.549,19213.0,0.0,114.4,1980.0
5834182.049,23437.0,0.0,114.57,1980.0
5834182.549,24535.0,0.0,114.39,1980.0
5834183.050,24535.0,0.0,114.17,1980.0
5834183.550,24535.0,0.0,114.22,1980.0
5834184.050,24535.0,0.0,114.21,1980.0
5834184.551,24535.0,0.0,114.24,1980.0
5834185.051,24535.0,0.0,114.26,1980.0
5834185.551,23585.0,9.0,131.85,1980.0
5834186.051,23835.0,8.0,182.18,1980.0
5834186.551,23971.0,89.0,259.91,1980.0
5834187.052,23651.0,81.0,292.56,1980.0
5834187.552,23779.0,50.0,268.23,1980.0
5834188.052,23695.0,10.0,201.86,1980.0
5834188.552,23867.0,2.0,144.26,1980.0
5834189.053,23783.0,23.0,154.06,1980.0
5834189.553,23907.0,18.0,173.87,1980.0
5834190.053,23939.0,10.0,160.24,1980.0
5834190.553,24105.0,4.0,151.09,1980.0
5834191.053,24105.0,0.0,131.59,1980.0
5834191.554,72061.0,5.0,120.9,1980.0
5834192.054,72061.0,0.0,120.87,1980.0
5834192.554,72061.0,0.0,115.55,1980.0
5834193.054,72061.0,0.0,115.52,1980.0
5834193.554,73405.0,3.0,143.52,1980.0
5834194.054,73407.0,0.0,193.95,1980.0
5834194.555,74431.0,0.0,181.66,1980.0
5834195.055,74431.0,0.0,144.11,1980.0
5834195.555,74431.0,2.0,144.23,1980.0
5834196.055,74431.0,2.0,116.49,1980.0
5834196.556,74433.0,0.0,132.37,1980.0
5834197.056,73143.0,90.0,207.19,1980.0
5834197.556,73283.0,92.0,299.69,1980.0
5834198.056,72901.0,90.0,337.21,1980.0
5834198.556,72207.0,53.0,309.15,1980.0
5834199.057,72205.0,31.0,252.74,1980.0
5834199.557,72205.0,24.0,215.98,1980.0
5834200.057,72211.0,19.0,188.15,1980.0
5834200.557,72343.0,18.0,172.32,1980.0
5834201.057,72485.0,31.0,214.63,1980.0
5834201.557,72507.0,18.0,227.16,1980.0
5834202.057,72507.0,0.0,155.64,1980.0
5834202.558,72507.0,0.0,117.21,1980.0
5834203.058,72507.0,0.0,115.79,1980.0
5834203.558,72507.0,0.0,115.78,1980.0
5834204.058,72507.0,0.0,115.75,1980.0
5834204.558,72507.0,0.0,115.72,1980.0
5834205.058,72507.0,0.0,115.68,1980.0
5834205.559,72507.0,0.0,115.61,1980.0
5834206.059,72507.0,0.0,115.57,1980.0
5834206.559,72507.0,0.0,115.61,1980.0
5834207.059,72507.0,0.0,115.64,1980.0
5834207.677,72507.0,0.0,115.61,1980.0
5834208.060,72507.0,0.0,115.61,1980.0
5834208.562,72507.0,0.0,115.56,1980.0
5834209.069,72507.0,0.0,115.58,1980.0
5834209.596,72507.0,0.0,115.56,1980.0
5834210.060,72507.0,0.0,115.56,1980.0
5834210.561,73367.0,15.0,143.24,1965.0
5834211.061,74301.0,100.0,435.38,1695.0
5834211.561,74301.0,100.0,664.91,1965.0
5834212.061,74301.0,83.0,574.16,1560.0
5834212.561,74301.0,99.0,616.14,1695.0
5834213.062,74301.0,100.0,638.15,1965.0
5834213.562,74301.0,0.0,399.26,1980.0
5834214.062,74301.0,0.0,183.4,1980.0
5834214.562,74301.0,0.0,116.72,1980.0
5834215.062,74301.0,0.0,116.43,1980.0
5834215.562,74301.0,0.0,116.31,1980.0
5834216.062,74301.0,0.0,116.17,1980.0
5834216.563,74301.0,0.0,116.12,1980.0
5834217.063,74301.0,0.0,116.12,1980.0
5834217.563,74301.0,0.0,116.05,1980.0
5834218.063,74301.0,0.0,116.02,1980.0
5834218.584,74301.0,0.0,115.98,1980.0
5834219.072,74301.0,0.0,115.9,1980.0
5834219.564,74301.0,0.0,115.86,1980.0
5834220.064,74301.0,0.0,115.85,1980.0
5834220.564,74301.0,0.0,115.88,1980.0
5834221.064,74301.0,0.0,115.88,1980.0
5834221.564,74301.0,0.0,115.79,1980.0
5834222.065,74301.0,0.0,115.72,1980.0
5834222.574,74301.0,0.0,115.75,1980.0
5834223.065,74673.0,16.0,187.87,1500.0
5834223.565,74673.0,100.0,488.66,1650.0
5834224.065,74673.0,100.0,702.98,1530.0
5834224.566,74673.0,100.0,695.98,1515.0
5834225.066,74673.0,100.0,695.05,1455.0
5834225.566,74673.0,100.0,691.93,1500.0
5834226.066,75047.0,100.0,688.58,1470.0
5834226.566,75047.0,100.0,672.52,1875.0
5834227.066,75047.0,100.0,592.93,1980.0
5834227.567,75047.0,100.0,520.78,1980.0
5834228.067,75047.0,100.0,524.95,1980.0
5834228.567,75047.0,100.0,527.11,1980.0
5834229.074,75047.0,100.0,523.97,1980.0
5834229.567,75047.0,100.0,603.91,1545.0
5834230.068,75047.0,100.0,686.0,1410.0
5834230.568,75047.0,100.0,695.9,1605.0
5834231.068,75047.0,100.0,698.95,1425.0
5834231.568,75047.0,100.0,692.66,1515.0
5834232.068,75047.0,100.0,695.09,1470.0
5834232.569,75047.0,100.0,695.08,1515.0
5834233.069,75047.0,100.0,608.24,1980.0
5834233.569,75047.0,100.0,525.68,1980.0
5834234.069,75047.0,100.0,523.58,1980.0
5834234.569,75047.0,100.0,524.58,1980.0
5834235.083,75047.0,100.0,523.86,1980.0
5834235.569,75047.0,100.0,596.74,1605.0
5834236.070,75047.0,100.0,686.48,1425.0
5834236.570,75047.0,100.0,695.51,1440.0
5834237.070,75047.0,100.0,691.59,1425.0
5834237.570,75047.0,100.0,697.54,1575.0
5834238.070,75047.0,100.0,696.62,1530.0
5834238.570,75047.0,100.0,691.46,1590.0
5834239.071,75047.0,100.0,617.35,1965.0
5834239.571,75047.0,100.0,536.28,1980.0
5834240.071,75047.0,100.0,526.65,1980.0
5834240.571,75047.0,100.0,526.19,1980.0
5834241.071,75047.0,100.0,524.99,1980.0
5834241.572,75047.0,73.0,552.85,1560.0
5834242.072,75047.0,100.0,640.7,1575.0
5834242.572,75047.0,100.0,685.75,1305.0
5834243.072,75047.0,100.0,692.17,1590.0
5834243.572,75047.0,100.0,697.59,1470.0
5834244.073,75047.0,100.0,698.67,1635.0
5834244.573,75047.0,100.0,695.54,1530.0
5834245.073,75047.0,100.0,657.37,1965.0
5834245.573,75047.0,100.0,580.24,1980.0
5834246.073,75047.0,100.0,526.4,1980.0
5834246.573,75047.0,100.0,527.45,1980.0
5834247.074,75047.0,100.0,529.8,1980.0
5834247.574,75047.0,100.0,534.82,1650.0
5834248.074,75047.0,100.0,639.84,1590.0
5834248.574,75047.0,100.0,710.96,1455.0
5834249.074,75047.0,100.0,693.78,1680.0
5834249.575,75047.0,100.0,697.37,1545.0
5834250.075,75047.0,100.0,694.1,1425.0
5834250.575,75047.0,100.0,694.27,1545.0
5834251.075,75047.0,100.0,687.96,1965.0
5834251.575,75047.0,100.0,609.08,1980.0
5834252.076,75047.0,100.0,525.64,1980.0
5834252.576,75047.0,100.0,527.51,1980.0
5834253.076,75047.0,100.0,525.87,1980.0
5834253.593,75047.0,100.0,523.93,1980.0
5834254.076,75047.0,100.0,608.62,1635.0
5834254.577,75047.0,100.0,693.48,1470.0
5834255.077,75047.0,100.0,691.75,1530.0
5834255.577,75047.0,100.0,697.02,1485.0
5834256.077,75047.0,100.0,698.42,1515.0
5834256.577,75047.0,100.0,694.85,1485.0
5834257.077,75047.0,100.0,693.64,1650.0
5834257.578,75047.0,100.0,615.52,1980.0
5834258.078,75047.0,100.0,533.8,1980.0
5834258.578,75047.0,100.0,531.21,1980.0
5834259.078,75047.0,100.0,528.17,1980.0
5834259.578,75047.0,100.0,527.38,1980.0
5834260.079,75047.0,0.0,395.01,1980.0
5834260.579,75047.0,0.0,188.78,1980.0
5834261.079,75047.0,0.0,119.19,1980.0
5834261.579,75047.0,0.0,118.73,1980.0
5834262.080,75047.0,0.0,118.47,1980.0
5834262.580,75047.0,60.0,222.04,1500.0
5834263.080,75047.0,100.0,520.99,1710.0
5834263.580,75047.0,100.0,701.08,1635.0
5834264.080,75047.0,100.0,693.72,1560.0
5834264.581,75049.0,100.0,704.11,1455.0
5834265.081,75049.0,100.0,693.92,1680.0
5834265.581,75049.0,100.0,695.47,1380.0
5834266.081,75049.0,100.0,696.51,1485.0
5834266.581,75049.0,100.0,686.45,1485.0
5834267.081,75049.0,100.0,609.78,1980.0
5834267.581,75049.0,100.0,558.6,1980.0
5834268.082,75049.0,100.0,563.87,1980.0
5834268.582,75049.0,100.0,562.48,1980.0
5834269.082,75049.0,100.0,562.21,1980.0
5834269.582,75049.0,100.0,556.56,1980.0
5834270.082,75049.0,0.0,331.52,1980.0
5834270.582,75049.0,0.0,122.15,1980.0
5834271.082,75049.0,0.0,119.28,1980.0
5834271.582,75049.0,0.0,118.89,1980.0
5834272.083,75049.0,23.0,137.18,1980.0
5834272.583,75049.0,100.0,449.66,1695.0
5834273.083,75049.0,100.0,702.49,1440.0
5834273.583,75049.0,100.0,690.94,1605.0
5834274.084,75049.0,100.0,701.35,1545.0
5834274.584,75049.0,100.0,690.3,1680.0
5834275.084,75049.0,100.0,694.43,1515.0
5834275.584,75049.0,100.0,696.67,1560.0
5834276.084,75049.0,100.0,694.08,1530.0
5834276.584,75049.0,100.0,689.94,1605.0
5834277.084,75049.0,100.0,691.96,1500.0
5834277.584,75049.0,100.0,693.01,1500.0
5834278.085,75049.0,100.0,656.09,1965.0
5834278.585,75049.0,100.0,600.65,1980.0
5834279.085,75049.0,100.0,586.13,1980.0
5834279.585,75049.0,100.0,587.84,1980.0
5834280.085,75049.0,100.0,588.7,1980.0
5834280.585,75049.0,100.0,590.17,1980.0
5834281.085,75049.0,100.0,587.79,1980.0
5834281.586,75049.0,0.0,375.69,1980.0
5834282.086,75049.0,0.0,151.05,1980.0
5834282.586,75049.0,0.0,119.98,1980.0
5834283.086,75049.0,0.0,119.57,1980.0
5834283.588,75049.0,0.0,119.33,1980.0
5834284.087,75049.0,100.0,396.09,1695.0
5834284.748,75049.0,100.0,676.69,1335.0
5834285.087,75049.0,100.0,692.1,1680.0
5834285.587,75049.0,100.0,690.02,1545.0
5834286.087,75049.0,100.0,692.91,1545.0
5834286.587,75049.0,100.0,693.62,1425.0
5834287.087,75049.0,100.0,697.06,1620.0
5834287.587,75049.0,100.0,694.1,1515.0
5834288.088,75049.0,100.0,693.13,1635.0
5834288.588,75049.0,100.0,691.64,1620.0
5834289.088,75049.0,100.0,693.17,1665.0
5834289.588,75049.0,100.0,659.64,1965.0
5834290.088,75049.0,100.0,619.42,1980.0
5834290.588,75049.0,100.0,608.42,1980.0
5834291.088,75049.0,100.0,606.41,1980.0
5834291.589,75049.0,100.0,604.54,1980.0
5834292.089,75049.0,100.0,608.18,1980.0
5834292.589,75049.0,100.0,609.57,1980.0
5834293.089,75049.0,100.0,517.46,1980.0
5834293.589,75049.0,0.0,281.16,1980.0
5834294.089,75049.0,0.0,120.58,1980.0
5834294.590,75049.0,0.0,119.7,1980.0
5834295.090,75049.0,0.0,119.33,1980.0
5834295.590,75049.0,0.0,215.6,1680.0
5834296.090,75049.0,100.0,511.05,1560.0
5834296.590,75049.0,100.0,690.66,1500.0
5834297.091,75049.0,100.0,687.95,1695.0
5834297.591,75049.0,100.0,694.78,1455.0
5834298.091,75049.0,100.0,695.16,1635.0
5834298.591,75049.0,100.0,694.88,1530.0
5834299.091,75049.0,100.0,696.02,1635.0
5834299.591,75049.0,100.0,693.03,1590.0
5834300.091,75049.0,100.0,690.7,1665.0
5834300.592,75049.0,100.0,690.43,1620.0
5834301.092,75049.0,100.0,694.77,1575.0
5834301.592,75049.0,100.0,674.24,1965.0
5834302.092,75049.0,100.0,633.93,1980.0
5834302.592,75049.0,100.0,625.32,1980.0
5834303.092,75049.0,100.0,622.52,1980.0
5834303.593,75049.0,100.0,617.8,1980.0
5834304.093,75049.0,100.0,620.98,1980.0
5834304.593,75049.0,100.0,622.23,1980.0
5834305.093,75049.0,100.0,621.09,1980.0
5834305.593,75049.0,45.0,505.95,1980.0
5834306.093,75049.0,0.0,259.53,1980.0
5834306.593,75049.0,0.0,119.68,1980.0
5834307.093,75049.0,0.0,119.12,1980.0
5834307.594,75049.0,0.0,118.86,1980.0
5834308.094,75049.0,0.0,265.44,1620.0
5834308.594,75049.0,100.0,584.44,1545.0
5834309.094,75049.0,100.0,701.45,1605.0
5834309.594,75049.0,100.0,677.96,1680.0
5834310.095,75049.0,100.0,693.24,1635.0
5834310.595,75049.0,100.0,659.34,1680.0
5834311.095,75049.0,100.0,633.03,1590.0
5834311.595,75049.0,100.0,621.25,1590.0
5834312.095,75049.0,100.0,605.31,1680.0
5834312.596,75049.0,100.0,608.82,1785.0
5834313.096,75049.0,100.0,624.68,1695.0
5834313.596,75049.0,100.0,633.03,1770.0
5834314.096,75049.0,100.0,642.22,1695.0
5834314.596,75049.0,100.0,654.2,1725.0
5834315.097,75049.0,100.0,622.7,1830.0
5834315.597,75049.0,100.0,610.65,1890.0
5834316.097,75049.0,100.0,612.95,1965.0
5834316.597,75049.0,100.0,583.05,1965.0
5834317.097,75049.0,100.0,580.63,1635.0
5834317.598,75049.0,100.0,609.82,1650.0
5834318.098,75049.0,100.0,620.25,1815.0
5834318.598,75049.0,100.0,592.01,1965.0
5834319.098,75049.0,100.0,579.21,1965.0
5834319.598,75049.0,99.0,594.07,1845.0
5834320.099,75049.0,98.0,614.95,1560.0
5834320.599,75049.0,100.0,599.9,1965.0
5834321.099,75049.0,100.0,626.74,1575.0
5834321.599,75049.0,100.0,691.04,1425.0
5834322.099,75049.0,100.0,690.86,1545.0
5834322.600,75049.0,100.0,693.62,1395.0
5834323.100,75049.0,100.0,690.35,1635.0
5834323.600,75049.0,100.0,687.99,1395.0
5834324.100,75049.0,100.0,700.01,1590.0
5834324.601,75049.0,100.0,696.99,1335.0
5834325.101,75049.0,100.0,696.21,1530.0
5834325.601,75049.0,100.0,692.63,1395.0
5834326.101,75425.0,100.0,695.01,1560.0
5834326.601,75425.0,100.0,692.44,1515.0
5834327.101,75807.0,100.0,693.82,1470.0
5834327.602,75807.0,100.0,696.4,1575.0
5834328.102,75807.0,100.0,695.26,1500.0
5834328.602,75807.0,100.0,692.62,1635.0
5834329.102,75807.0,100.0,693.77,1485.0
5834329.603,75807.0,100.0,700.6,1575.0
5834330.103,75807.0,100.0,696.6,1515.0
5834330.603,75807.0,100.0,692.16,1635.0
5834331.103,75807.0,100.0,699.61,1425.0
5834331.603,75807.0,100.0,697.2,1590.0
5834332.103,75807.0,100.0,692.52,1530.0
5834332.604,75807.0,100.0,694.81,1470.0
5834333.104,75807.0,100.0,692.38,1515.0
5834333.604,75807.0,100.0,693.71,1515.0
5834334.104,75807.0,100.0,697.22,1620.0
5834334.605,75807.0,100.0,694.44,1530.0
5834335.105,75807.0,100.0,694.17,1575.0
5834335.605,75807.0,100.0,691.76,1485.0
5834336.105,75807.0,100.0,692.5,1605.0
5834336.605,75807.0,100.0,687.09,1635.0
5834337.105,75807.0,100.0,661.53,1980.0
5834337.605,75807.0,100.0,641.77,1980.0
5834338.106,75807.0,100.0,639.43,1980.0
5834338.606,75807.0,100.0,634.8,1980.0
5834339.106,75807.0,100.0,589.06,1980.0
5834339.606,75807.0,100.0,606.87,1980.0
5834340.106,75807.0,100.0,687.97,1470.0
5834340.606,75807.0,100.0,699.0,1470.0
5834341.107,75807.0,100.0,693.5,1485.0
5834341.607,75807.0,100.0,694.37,1575.0
5834342.107,75807.0,100.0,695.55,1485.0
5834342.607,75807.0,100.0,693.45,1650.0
5834343.107,75807.0,100.0,691.93,1380.0
5834343.607,75807.0,100.0,692.82,1620.0
5834344.108,75807.0,100.0,647.78,1965.0
5834344.608,75807.0,100.0,599.83,1980.0
5834345.108,75807.0,100.0,540.43,1980.0
5834345.608,75807.0,100.0,506.62,1980.0
5834346.108,75807.0,100.0,505.72,1980.0
5834346.609,75807.0,0.0,420.85,1980.0
5834347.110,75807.0,0.0,233.35,1980.0
5834347.609,75807.0,0.0,120.8,1980.0
5834348.109,75807.0,0.0,120.25,1980.0
5834348.610,75807.0,0.0,119.91,1980.0
5834349.110,75807.0,0.0,119.59,1980.0
5834349.610,75807.0,0.0,119.49,1980.0
5834350.110,75807.0,0.0,119.44,1980.0
5834350.610,75807.0,0.0,119.24,1980.0
5834351.110,75807.0,0.0,119.12,1980.0
5834351.611,75807.0,0.0,119.0,1980.0
5834352.111,75807.0,90.0,376.13,1650.0
5834352.611,75807.0,100.0,649.97,1650.0
5834353.111,75807.0,100.0,676.46,1875.0
5834353.611,75807.0,100.0,682.0,1800.0
5834354.112,75807.0,100.0,690.9,1620.0
5834354.612,75807.0,100.0,611.92,1965.0
5834355.112,75807.0,100.0,524.73,1980.0
5834355.612,75807.0,93.0,504.74,1980.0
5834356.112,75807.0,100.0,508.54,1980.0
5834356.612,75807.0,100.0,499.06,1980.0
5834357.113,75807.0,0.0,331.82,1980.0
5834357.613,75807.0,0.0,145.45,1980.0
5834358.113,75807.0,0.0,119.06,1980.0
5834358.613,75807.0,0.0,118.75,1980.0
5834359.113,75807.0,100.0,314.27,1635.0
5834359.613,75807.0,100.0,612.11,1530.0
5834360.114,75807.0,100.0,688.93,1695.0
5834360.614,75807.0,100.0,687.59,1590.0
5834361.114,75807.0,100.0,697.58,1560.0
5834361.614,75807.0,100.0,689.46,1680.0
5834362.114,75807.0,100.0,622.99,1965.0
5834362.614,75807.0,100.0,531.1,1980.0
5834363.114,75807.0,100.0,523.86,1980.0
5834363.615,75807.0,100.0,518.88,1980.0
5834364.115,75807.0,100.0,523.56,1980.0
5834364.615,75807.0,80.0,453.95,1980.0
5834365.115,75807.0,0.0,252.71,1980.0
5834365.615,75807.0,0.0,119.87,1980.0
5834366.116,75807.0,0.0,119.24,1980.0
5834366.616,75807.0,0.0,118.97,1980.0
5834367.116,75807.0,58.0,203.8,1890.0
5834367.616,76611.0,72.0,491.15,1680.0
5834368.116,76611.0,100.0,699.05,1605.0
5834368.616,76611.0,100.0,687.1,1695.0
5834369.117,76611.0,100.0,694.47,1695.0
5834369.617,76611.0,100.0,698.21,1530.0
5834370.117,76611.0,100.0,649.28,1965.0
5834370.617,76611.0,100.0,574.14,1980.0
5834371.117,76611.0,100.0,547.44,1980.0
5834371.617,76611.0,100.0,546.43,1980.0
5834372.118,76611.0,100.0,546.06,1980.0
5834372.618,76611.0,100.0,546.13,1980.0
5834373.118,76611.0,0.0,366.16,1980.0
5834373.618,76611.0,0.0,149.08,1980.0
5834374.118,76611.0,0.0,120.1,1980.0
5834374.618,76611.0,0.0,119.82,1980.0
5834375.119,76611.0,0.0,119.58,1980.0
5834375.619,76611.0,94.0,329.42,1650.0
5834376.119,76611.0,100.0,621.2,1590.0
5834376.619,76611.0,100.0,690.77,1485.0
5834377.119,76611.0,100.0,691.16,1620.0
5834377.619,76611.0,100.0,698.61,1605.0
5834378.120,76611.0,100.0,686.29,1515.0
5834378.620,76611.0,100.0,644.79,1965.0
5834379.120,76611.0,100.0,571.59,1980.0
5834379.620,76611.0,100.0,558.03,1980.0
5834380.120,76611.0,100.0,558.75,1980.0
5834380.621,76611.0,100.0,561.34,1980.0
5834381.121,76611.0,100.0,560.34,1980.0
5834381.621,76611.0,0.0,469.82,1980.0
5834382.121,76611.0,0.0,259.33,1980.0
5834382.621,76611.0,0.0,119.42,1980.0
5834383.121,76611.0,0.0,118.84,1980.0
5834383.622,76611.0,0.0,118.55,1980.0
5834384.122,76611.0,100.0,201.64,1680.0
5834384.622,76611.0,100.0,504.37,1695.0
5834385.122,76611.0,100.0,701.36,1455.0
5834385.622,76611.0,100.0,690.15,1530.0
5834386.122,76611.0,100.0,695.26,1470.0
5834386.623,76611.0,100.0,689.54,1485.0
5834387.123,76611.0,100.0,649.8,1965.0
5834387.623,76611.0,100.0,584.65,1980.0
5834388.123,76611.0,100.0,572.04,1980.0
5834388.623,76611.0,100.0,570.49,1980.0
5834389.123,76611.0,100.0,569.29,1980.0
5834389.624,76611.0,100.0,574.39,1980.0
5834390.124,76611.0,41.0,541.12,1980.0
5834390.624,76611.0,0.0,311.82,1980.0
5834391.124,76611.0,0.0,119.41,1980.0
5834391.624,76611.0,0.0,118.8,1980.0
5834392.124,76611.0,0.0,118.46,1980.0
5834392.625,76611.0,0.0,118.2,1860.0
5834393.125,76611.0,100.0,414.67,1605.0
5834393.625,76611.0,100.0,698.3,1575.0
5834394.125,76611.0,100.0,693.02,1680.0
5834394.626,76611.0,100.0,697.29,1590.0
5834395.126,76611.0,100.0,692.27,1605.0
5834395.626,76611.0,100.0,688.2,1890.0
5834396.126,76611.0,100.0,630.74,1980.0
5834396.626,76611.0,100.0,571.94,1980.0
5834397.127,76611.0,100.0,574.41,1980.0
5834397.627,76611.0,100.0,575.4,1980.0
5834398.127,76611.0,100.0,573.11,1980.0
5834398.627,76611.0,100.0,571.6,1980.0
5834399.127,76611.0,50.0,542.32,1980.0
5834399.627,76611.0,0.0,319.94,1980.0
5834400.128,76611.0,0.0,120.21,1980.0
5834400.628,76611.0,0.0,119.65,1980.0
5834401.128,76611.0,0.0,119.26,1980.0
5834401.628,76611.0,0.0,119.0,1980.0
5834402.128,76611.0,100.0,430.26,1530.0
5834402.629,76611.0,100.0,712.31,1425.0
5834403.129,76611.0,100.0,687.01,1695.0
5834403.629,76611.0,100.0,700.01,1425.0
5834404.129,76611.0,100.0,702.62,1455.0
5834404.629,76611.0,100.0,678.93,1935.0
5834405.129,76611.0,100.0,621.8,1980.0
5834405.629,76611.0,100.0,590.97,1980.0
5834406.130,76611.0,100.0,587.95,1980.0
5834406.630,76611.0,100.0,584.26,1980.0
5834407.130,76611.0,100.0,582.84,1980.0
5834407.630,76611.0,100.0,583.02,1980.0
5834408.131,76611.0,90.0,564.91,1980.0
5834408.631,76611.0,0.0,334.69,1980.0
5834409.131,76611.0,0.0,124.0,1980.0
5834409.631,76611.0,0.0,123.27,1980.0
5834410.132,76611.0,0.0,122.91,1980.0
5834410.632,76611.0,0.0,122.68,1980.0
5834411.132,76611.0,100.0,406.42,1695.0
5834411.632,76611.0,100.0,687.05,1470.0
5834412.132,76611.0,100.0,690.25,1635.0
5834412.633,76611.0,100.0,694.32,1500.0
5834413.133,76611.0,100.0,697.06,1590.0
5834413.633,76611.0,100.0,694.6,1485.0
5834414.133,76611.0,100.0,644.37,1965.0
5834414.633,76611.0,100.0,596.35,1980.0
5834415.133,76611.0,100.0,601.47,1980.0
5834415.633,76611.0,100.0,601.03,1980.0
5834416.133,76611.0,100.0,599.84,1980.0
5834416.634,76611.0,100.0,599.49,1980.0
5834417.134,76611.0,100.0,599.85,1980.0
5834417.634,76611.0,75.0,512.69,1980.0
5834418.134,76611.0,0.0,279.5,1980.0
5834418.635,76611.0,0.0,119.56,1980.0
5834419.135,76611.0,0.0,118.96,1980.0
5834419.635,76611.0,0.0,118.58,1980.0
5834420.135,76611.0,11.0,158.41,1980.0
5834420.635,76611.0,100.0,462.42,1680.0
5834421.135,76611.0,100.0,699.0,1500.0
5834421.636,76611.0,100.0,696.24,1515.0
5834422.136,76611.0,100.0,701.38,1425.0
5834422.636,76611.0,100.0,686.63,1695.0
5834423.136,76611.0,100.0,665.16,1815.0
5834423.636,76611.0,100.0,634.1,1965.0
5834424.136,76611.0,100.0,647.71,1755.0
5834424.637,76611.0,100.0,636.72,1980.0
5834425.137,76611.0,100.0,609.29,1980.0
5834425.637,76611.0,100.0,612.85,1980.0
5834426.137,76611.0,100.0,613.76,1980.0
5834426.637,76611.0,100.0,614.17,1980.0
5834427.137,76611.0,100.0,567.22,1980.0
5834427.638,76611.0,49.0,421.48,1980.0
5834428.138,76611.0,0.0,226.53,1980.0
5834428.638,76611.0,0.0,119.87,1980.0
5834429.138,76611.0,0.0,119.28,1980.0
5834429.639,76611.0,0.0,118.89,1980.0
5834430.139,76611.0,0.0,118.65,1980.0
5834430.639,76611.0,100.0,279.31,1965.0
5834431.139,76611.0,100.0,466.79,1980.0
5834431.639,76611.0,100.0,513.15,1965.0
5834432.139,76611.0,100.0,545.24,1905.0
5834432.639,76611.0,100.0,520.25,1980.0
5834433.140,76611.0,100.0,529.4,1965.0
5834433.640,76611.0,100.0,574.56,1800.0
5834434.140,76611.0,100.0,531.52,1980.0
5834434.640,76611.0,100.0,537.35,1965.0
5834435.141,76611.0,100.0,530.66,1980.0
5834435.641,76611.0,100.0,530.48,1965.0
5834436.141,76611.0,100.0,571.98,1770.0
5834436.641,76611.0,100.0,528.95,1980.0
5834437.141,76611.0,100.0,529.97,1965.0
5834437.641,76611.0,95.0,555.36,1965.0
5834438.141,76611.0,100.0,532.25,1980.0
5834438.642,76611.0,100.0,546.18,1965.0
5834439.142,76611.0,95.0,525.16,1980.0
5834439.642,76611.0,100.0,537.58,1965.0
5834440.145,76611.0,100.0,582.69,1650.0
5834440.645,76611.0,100.0,535.75,1980.0
5834441.145,76611.0,100.0,530.32,1965.0
5834441.645,76611.0,100.0,561.73,1965.0
5834442.145,76611.0,100.0,571.32,1965.0
5834442.646,76611.0,100.0,544.14,1980.0
5834443.146,76611.0,100.0,541.89,1965.0
5834443.646,76611.0,100.0,579.7,1695.0
5834444.146,76611.0,100.0,551.48,1980.0
5834444.646,76611.0,100.0,545.34,1965.0
5834445.146,76611.0,100.0,567.15,1800.0
5834445.646,76611.0,100.0,533.6,1980.0
5834446.147,76611.0,95.0,541.92,1800.0
5834446.647,76611.0,100.0,530.71,1980.0
5834447.147,76611.0,100.0,540.12,1965.0
5834447.647,76611.0,100.0,537.1,1980.0
5834448.147,76611.0,100.0,524.56,1965.0
5834448.647,76611.0,100.0,555.47,1740.0
5834449.147,76611.0,100.0,529.52,1980.0
5834449.648,76611.0,100.0,546.26,1890.0
5834450.148,76611.0,100.0,527.07,1980.0
5834450.648,76611.0,100.0,526.18,1965.0
5834451.148,76611.0,100.0,526.51,1980.0
5834451.648,76611.0,100.0,521.41,1965.0
5834452.148,76611.0,100.0,524.41,1980.0
5834452.648,76611.0,100.0,524.41,1965.0
5834453.149,76611.0,100.0,528.86,1725.0
5834453.649,76611.0,100.0,525.5,1980.0
5834454.149,76611.0,95.0,555.98,1935.0
5834454.649,76611.0,100.0,526.82,1980.0
5834455.149,76611.0,100.0,527.34,1965.0
5834455.649,76611.0,100.0,524.57,1980.0
5834456.149,76611.0,100.0,523.44,1965.0
5834456.650,76611.0,100.0,523.23,1770.0
5834457.150,76611.0,100.0,528.02,1965.0
5834457.650,76611.0,95.0,547.87,1680.0
5834458.150,76611.0,100.0,524.14,1980.0
5834458.650,76611.0,100.0,549.99,1935.0
5834459.150,76611.0,100.0,529.1,1980.0
5834459.650,76611.0,100.0,522.97,1965.0
5834460.151,76611.0,100.0,525.88,1980.0
5834460.651,76611.0,100.0,526.96,1965.0
5834461.151,76611.0,100.0,528.5,1680.0
5834461.651,76611.0,100.0,525.88,1980.0
5834462.151,76611.0,100.0,545.0,1605.0
5834462.652,76611.0,100.0,531.34,1980.0
5834463.152,76611.0,95.0,556.9,1935.0
5834463.652,76611.0,100.0,533.93,1980.0
5834464.152,76611.0,94.0,528.49,1950.0
5834464.652,76611.0,100.0,528.91,1980.0
5834465.153,76611.0,100.0,531.6,1965.0
5834465.653,76611.0,100.0,534.03,1980.0
5834466.153,76611.0,100.0,529.18,1965.0
5834466.653,76611.0,100.0,530.51,1980.0
5834467.153,76611.0,100.0,530.12,1965.0
5834467.654,76611.0,100.0,528.55,1980.0
5834468.154,76611.0,100.0,534.67,1965.0
5834468.654,76611.0,100.0,533.01,1980.0
5834469.154,76611.0,100.0,526.28,1965.0
5834469.654,76611.0,100.0,525.82,1980.0
5834470.154,76611.0,100.0,529.44,1965.0
5834470.654,76611.0,100.0,530.91,1980.0
5834471.155,76611.0,100.0,526.96,1965.0
5834471.655,76611.0,100.0,525.87,1980.0
5834472.155,76611.0,100.0,530.83,1965.0
5834472.655,76611.0,100.0,534.38,1980.0
5834473.155,76611.0,100.0,528.11,1965.0
5834473.655,76611.0,99.0,536.19,1980.0
5834474.155,76611.0,100.0,529.62,1965.0
5834474.656,76611.0,94.0,548.62,1980.0
5834475.156,76611.0,100.0,540.81,1980.0
5834475.656,76611.0,94.0,544.92,1785.0
5834476.156,76611.0,100.0,528.21,1980.0
5834476.656,76611.0,96.0,533.27,1770.0
5834477.156,76611.0,100.0,525.84,1980.0
5834477.657,76611.0,100.0,535.46,1770.0
5834478.157,76611.0,100.0,535.45,1980.0
5834478.657,76611.0,100.0,529.41,1890.0
5834479.157,76611.0,100.0,528.08,1980.0
5834479.657,76611.0,100.0,524.5,1920.0
5834480.157,76611.0,100.0,526.39,1980.0
5834480.657,76611.0,100.0,529.28,1965.0
5834481.158,76611.0,100.0,528.32,1980.0
5834481.658,76611.0,100.0,533.12,1965.0
5834482.158,76611.0,100.0,533.32,1980.0
5834482.658,76611.0,100.0,532.79,1965.0
5834483.158,76611.0,100.0,533.35,1980.0
5834483.658,76611.0,100.0,526.23,1965.0
5834484.158,76611.0,100.0,523.21,1980.0
5834484.659,76611.0,100.0,522.31,1845.0
5834485.159,76611.0,100.0,523.36,1980.0
5834485.659,76611.0,100.0,522.74,1605.0
5834486.159,76611.0,100.0,523.47,1980.0
5834486.659,76611.0,94.0,510.28,1740.0
5834487.159,76611.0,100.0,526.76,1980.0
5834487.660,76611.0,94.0,513.58,1980.0
5834488.160,76611.0,100.0,523.44,1965.0
5834488.660,76611.0,100.0,518.91,1980.0
5834489.160,76611.0,100.0,523.46,1965.0
5834489.660,76611.0,100.0,525.9,1980.0
5834490.160,76611.0,100.0,527.45,1965.0
5834490.661,76611.0,100.0,528.94,1980.0
5834491.161,76611.0,100.0,527.2,1965.0
5834491.661,76611.0,100.0,528.24,1980.0
5834492.161,76611.0,100.0,523.68,1920.0
5834492.661,76611.0,100.0,522.95,1980.0
5834493.161,76611.0,100.0,524.9,1890.0
5834493.662,76611.0,100.0,528.68,1980.0
5834494.162,76611.0,95.0,523.17,1575.0
5834494.662,76611.0,100.0,524.31,1980.0
5834495.162,76611.0,100.0,513.91,1980.0
5834495.662,76611.0,100.0,526.45,1980.0
5834496.163,76611.0,100.0,511.89,1980.0
5834496.663,76611.0,100.0,521.88,1965.0
5834497.163,76611.0,100.0,519.4,1980.0
5834497.663,76611.0,100.0,516.23,1965.0
5834498.163,76611.0,100.0,519.44,1980.0
5834498.663,76611.0,100.0,525.6,1965.0
5834499.164,76611.0,100.0,525.36,1980.0
5834499.664,76611.0,100.0,523.49,1935.0
5834500.164,76611.0,100.0,523.14,1980.0
5834500.664,76611.0,100.0,529.78,1935.0
5834501.164,76611.0,100.0,531.82,1980.0
5834501.664,76611.0,100.0,524.79,1680.0
5834502.165,76611.0,100.0,526.66,1980.0
5834502.665,76611.0,100.0,519.04,1695.0
5834503.165,76611.0,100.0,522.19,1980.0
5834503.665,76611.0,100.0,506.27,1980.0
5834504.165,76611.0,100.0,524.92,1980.0
5834504.665,76611.0,100.0,515.42,1980.0
5834505.166,76611.0,100.0,525.91,1965.0
5834505.666,76611.0,100.0,528.3,1980.0
5834506.166,76611.0,100.0,522.6,1890.0
5834506.666,76611.0,100.0,522.67,1980.0
5834507.166,76611.0,92.0,527.89,1605.0
5834507.666,76611.0,100.0,529.31,1980.0
5834508.167,76611.0,100.0,490.89,1980.0
5834508.667,76611.0,97.0,523.64,1965.0
5834509.167,76611.0,100.0,522.68,1980.0
5834509.667,76611.0,100.0,534.98,1800.0
5834510.167,76611.0,100.0,534.59,1980.0
5834510.668,76611.0,100.0,492.41,1980.0
5834511.168,76611.0,100.0,527.94,1965.0
5834511.668,76611.0,100.0,521.81,1980.0
5834512.168,76611.0,100.0,533.54,1965.0
5834512.668,76611.0,100.0,535.27,1980.0
5834513.169,76611.0,100.0,532.56,1905.0
5834513.669,76611.0,100.0,532.35,1980.0
5834514.169,76611.0,100.0,501.65,1860.0
5834514.669,76611.0,100.0,530.05,1965.0
5834515.169,76611.0,100.0,516.48,1980.0
5834515.669,76611.0,100.0,529.56,1965.0
5834516.170,76611.0,100.0,530.19,1980.0
5834516.670,76611.0,94.0,526.86,1935.0
5834517.170,76611.0,100.0,529.43,1980.0
5834517.670,76611.0,100.0,526.49,1620.0
5834518.170,76611.0,100.0,529.32,1980.0
5834518.671,76611.0,100.0,500.15,1980.0
5834519.171,76611.0,100.0,528.89,1965.0
5834519.671,76611.0,100.0,517.66,1980.0
5834520.171,76611.0,100.0,527.11,1965.0
5834520.671,76611.0,100.0,529.49,1980.0
5834521.171,76611.0,100.0,526.08,1905.0
5834521.672,76611.0,100.0,526.73,1980.0
5834522.172,76611.0,100.0,515.31,1800.0
5834522.672,76611.0,100.0,526.74,1980.0
5834523.172,76611.0,100.0,503.71,1980.0
5834523.672,76611.0,100.0,529.47,1965.0
5834524.173,76611.0,100.0,526.63,1980.0
5834524.673,76611.0,100.0,534.24,1965.0
5834525.173,76611.0,100.0,535.03,1980.0
5834525.673,76611.0,93.0,527.05,1650.0
5834526.173,76611.0,100.0,530.14,1980.0
5834526.673,76611.0,100.0,508.22,1785.0
5834527.174,76611.0,100.0,529.21,1980.0
5834527.674,76611.0,100.0,526.95,1980.0
5834528.174,76611.0,100.0,522.25,1965.0
5834528.674,76611.0,100.0,526.66,1980.0
5834529.174,76611.0,100.0,485.54,1980.0
5834529.675,76611.0,100.0,528.38,1980.0
5834530.175,76611.0,100.0,528.5,1980.0
5834530.675,76611.0,100.0,528.71,1965.0
5834531.175,76611.0,100.0,527.45,1980.0
5834531.675,76611.0,100.0,481.74,1695.0
5834532.175,76611.0,100.0,514.23,1980.0
5834532.676,76611.0,100.0,521.09,1980.0
5834533.176,76611.0,100.0,525.29,1965.0
5834533.676,76611.0,100.0,524.47,1980.0
5834534.176,76611.0,100.0,491.06,1650.0
5834534.677,76611.0,100.0,516.46,1980.0
5834535.177,76611.0,100.0,518.85,1980.0
5834535.677,76611.0,100.0,518.95,1965.0
5834536.177,76611.0,100.0,510.73,1980.0
5834536.677,76611.0,100.0,477.22,1725.0
5834537.177,76611.0,100.0,519.03,1980.0
5834537.678,76611.0,100.0,516.07,1980.0
5834538.178,76611.0,100.0,526.89,1965.0
5834538.678,76611.0,100.0,524.2,1980.0
5834539.178,76611.0,100.0,486.98,1695.0
5834539.678,76611.0,100.0,525.97,1980.0
5834540.178,76611.0,100.0,522.16,1980.0
5834540.679,76611.0,94.0,521.48,1965.0
5834541.179,76611.0,100.0,519.82,1980.0
5834541.679,76611.0,100.0,482.77,1980.0
5834542.179,76611.0,100.0,514.25,1965.0
5834542.679,76611.0,100.0,521.47,1980.0
5834543.179,76611.0,100.0,522.59,1905.0
5834543.680,76611.0,100.0,516.77,1980.0
5834544.180,76611.0,100.0,478.98,1980.0
5834544.680,76611.0,100.0,522.46,1965.0
5834545.180,76611.0,100.0,529.2,1980.0
5834545.680,76611.0,94.0,526.33,1680.0
5834546.181,76611.0,100.0,524.02,1980.0
5834546.681,76611.0,100.0,483.63,1980.0
5834547.181,76611.0,100.0,526.98,1965.0
5834547.681,76611.0,100.0,527.77,1980.0
5834548.181,76611.0,100.0,528.75,1665.0
5834548.682,76611.0,100.0,528.62,1980.0
5834549.182,76611.0,100.0,489.72,1980.0
5834549.682,76611.0,100.0,526.18,1965.0
5834550.182,76611.0,100.0,524.13,1980.0
5834550.682,76611.0,91.0,521.21,1680.0
5834551.182,76611.0,100.0,515.55,1980.0
5834551.683,76611.0,100.0,477.38,1980.0
5834552.183,76611.0,100.0,530.05,1965.0
5834552.683,76611.0,100.0,530.5,1980.0
5834553.183,76611.0,89.0,496.38,1830.0
5834553.683,76611.0,100.0,521.84,1965.0
5834554.183,76611.0,100.0,511.96,1980.0
5834554.684,76611.0,100.0,523.54,1905.0
5834555.184,76611.0,100.0,521.38,1980.0
5834555.684,76611.0,100.0,483.56,1980.0
5834556.184,76611.0,100.0,518.47,1965.0
5834556.684,76611.0,100.0,526.31,1980.0
5834557.184,76611.0,99.0,507.52,1800.0
5834557.684,76611.0,100.0,519.33,1965.0
5834558.185,76611.0,100.0,512.26,1980.0
5834558.685,76611.0,100.0,531.64,1890.0
5834559.185,76611.0,100.0,525.14,1980.0
5834559.685,76611.0,100.0,478.62,1980.0
5834560.185,76611.0,100.0,521.26,1965.0
5834560.685,76611.0,100.0,525.64,1980.0
5834561.186,76611.0,100.0,518.33,1800.0
5834561.686,76611.0,100.0,527.93,1980.0
5834562.186,76611.0,100.0,496.65,1980.0
5834562.686,76611.0,100.0,519.31,1965.0
5834563.186,76611.0,100.0,514.53,1980.0
5834563.687,76611.0,100.0,480.1,1980.0
5834564.187,76611.0,100.0,526.92,1965.0
5834564.687,76611.0,100.0,523.63,1980.0
5834565.187,76611.0,100.0,519.85,1635.0
5834565.687,76611.0,100.0,526.92,1980.0
5834566.187,76611.0,100.0,484.42,1980.0
5834566.688,76611.0,100.0,525.16,1965.0
5834567.188,76611.0,100.0,537.91,1980.0
5834567.688,76611.0,100.0,482.08,1980.0
5834568.188,76611.0,100.0,515.58,1965.0
5834568.688,76611.0,100.0,528.89,1980.0
5834569.188,76611.0,100.0,515.41,1755.0
5834569.689,76611.0,100.0,523.39,1980.0
5834570.189,76611.0,100.0,485.92,1980.0
5834570.689,76611.0,100.0,514.83,1965.0
5834571.189,76611.0,100.0,525.52,1980.0
5834571.689,76611.0,100.0,500.7,1980.0
5834572.189,76611.0,100.0,526.63,1965.0
5834572.690,76611.0,100.0,518.86,1980.0
5834573.190,76611.0,100.0,527.98,1665.0
5834573.690,76611.0,100.0,520.18,1980.0
5834574.190,76611.0,100.0,484.62,1980.0
5834574.690,76611.0,100.0,525.76,1965.0
5834575.190,76611.0,100.0,520.88,1980.0
5834575.690,76611.0,100.0,515.1,1980.0
5834576.191,76611.0,100.0,546.66,1965.0
5834576.691,76611.0,100.0,515.72,1980.0
5834577.191,76611.0,100.0,516.66,1935.0
5834577.691,76611.0,100.0,508.04,1980.0
5834578.191,76611.0,100.0,473.07,1980.0
5834578.692,76611.0,100.0,514.65,1965.0
5834579.192,76611.0,100.0,511.83,1980.0
5834579.692,76611.0,100.0,474.03,1980.0
5834580.192,76611.0,100.0,525.72,1965.0
5834580.692,76611.0,100.0,529.64,1980.0
5834581.192,76611.0,91.0,498.57,1875.0
5834581.693,76611.0,100.0,523.43,1980.0
5834582.193,76611.0,100.0,517.86,1980.0
5834582.693,76611.0,90.0,521.83,1620.0
5834583.193,76611.0,100.0,519.72,1980.0
5834583.693,76611.0,100.0,489.25,1980.0
5834584.193,76611.0,100.0,519.64,1965.0
5834584.694,76611.0,100.0,518.11,1980.0
5834585.194,76611.0,100.0,483.21,1980.0
5834585.694,76611.0,100.0,523.0,1965.0
5834586.194,76611.0,100.0,529.78,1980.0
5834586.694,76611.0,100.0,484.17,1980.0
5834587.195,76611.0,100.0,525.0,1965.0
5834587.695,76611.0,100.0,527.76,1980.0
5834588.195,76611.0,90.0,499.53,1875.0
5834588.695,76611.0,100.0,511.21,1980.0
5834589.195,76611.0,100.0,496.07,1980.0
5834589.696,76611.0,91.0,525.42,1605.0
5834590.196,76611.0,100.0,526.8,1980.0
5834590.696,76611.0,100.0,487.67,1980.0
5834591.196,76611.0,92.0,513.98,1965.0
5834591.699,76611.0,100.0,512.73,1980.0
5834592.196,76611.0,100.0,482.77,1980.0
5834592.697,76611.0,100.0,514.59,1965.0
5834593.197,76611.0,100.0,516.8,1980.0
5834593.697,76611.0,100.0,480.28,1980.0
5834594.197,76611.0,100.0,523.04,1965.0
5834594.697,76611.0,100.0,531.21,1980.0
5834595.198,76611.0,100.0,516.44,1665.0
5834595.698,76611.0,100.0,523.25,1980.0
5834596.198,76611.0,100.0,501.89,1980.0
5834596.698,76611.0,92.0,518.82,1890.0
5834597.198,76611.0,100.0,514.06,1980.0
5834597.698,76611.0,100.0,483.25,1980.0
5834598.198,76611.0,90.0,509.43,1965.0
5834598.699,76611.0,100.0,511.61,1980.0
5834599.199,76611.0,100.0,489.02,1980.0
5834599.699,76611.0,100.0,512.06,1965.0
5834600.199,76611.0,100.0,514.52,1980.0
5834600.699,76611.0,100.0,476.8,1980.0
5834601.200,76611.0,100.0,501.43,1980.0
5834601.700,76611.0,100.0,514.19,1980.0
5834602.200,76611.0,100.0,478.45,1665.0
5834602.700,76611.0,100.0,521.25,1980.0
5834603.200,76611.0,100.0,531.89,1980.0
5834603.700,76611.0,100.0,498.97,1710.0
5834604.201,76611.0,100.0,509.86,1980.0
5834604.701,76611.0,100.0,499.68,1980.0
5834605.201,76611.0,92.0,507.12,1965.0
5834605.701,76611.0,100.0,505.52,1980.0
5834606.201,76611.0,100.0,482.69,1980.0
5834606.702,76611.0,100.0,518.86,1965.0
5834607.202,76611.0,100.0,522.49,1980.0
5834607.702,76611.0,100.0,484.78,1980.0
5834608.202,76611.0,100.0,523.16,1965.0
5834608.702,76611.0,100.0,525.91,1980.0
5834609.202,76611.0,100.0,482.6,1980.0
5834609.702,76611.0,100.0,521.47,1965.0
5834610.203,76611.0,100.0,524.78,1980.0
5834610.703,76611.0,100.0,484.09,1980.0
5834611.203,76611.0,100.0,518.37,1965.0
5834611.703,76611.0,100.0,522.32,1980.0
5834612.203,76611.0,100.0,482.8,1980.0
5834612.703,76611.0,100.0,518.62,1965.0
5834613.204,76611.0,100.0,525.35,1980.0
5834613.704,76611.0,100.0,484.93,1980.0
5834614.204,76611.0,100.0,521.48,1965.0
5834614.704,76611.0,100.0,527.0,1980.0
5834615.204,76611.0,100.0,485.46,1980.0
5834615.704,76611.0,100.0,520.97,1965.0
5834616.205,76611.0,100.0,525.7,1980.0
5834616.705,76611.0,100.0,481.63,1980.0
5834617.205,76611.0,100.0,515.72,1965.0
5834617.705,76611.0,100.0,523.12,1980.0
5834618.205,76611.0,100.0,483.3,1980.0
5834618.705,76611.0,100.0,521.12,1965.0
5834619.206,76611.0,100.0,527.99,1980.0
5834619.706,76611.0,100.0,482.94,1980.0
5834620.206,76611.0,100.0,518.25,1965.0
5834620.706,76611.0,100.0,524.31,1980.0
5834621.206,76611.0,100.0,483.81,1980.0
5834621.706,76611.0,100.0,524.39,1965.0
5834622.206,76611.0,100.0,528.93,1980.0
5834622.707,76611.0,100.0,482.47,1980.0
5834623.207,76611.0,100.0,522.48,1965.0
5834623.707,76611.0,100.0,527.73,1980.0
5834624.207,76611.0,100.0,480.54,1980.0
5834624.707,76611.0,100.0,518.24,1965.0
5834625.207,76611.0,100.0,526.96,1980.0
5834625.708,76611.0,100.0,484.14,1980.0
5834626.208,76611.0,100.0,523.96,1965.0
5834626.708,76611.0,100.0,530.02,1980.0
5834627.208,76611.0,100.0,480.3,1980.0
5834627.708,76611.0,100.0,515.17,1965.0
5834628.208,76611.0,100.0,524.86,1980.0
5834628.709,76611.0,100.0,481.8,1980.0
5834629.209,76611.0,100.0,523.61,1965.0
5834629.709,76611.0,100.0,533.39,1980.0
5834630.209,76611.0,100.0,483.62,1980.0
5834630.709,76611.0,100.0,521.31,1965.0
5834631.209,76611.0,100.0,530.37,1980.0
5834631.710,76611.0,100.0,482.13,1980.0
5834632.210,76611.0,100.0,520.38,1965.0
5834632.710,76611.0,100.0,528.47,1980.0
5834633.210,76611.0,100.0,482.11,1980.0
5834633.710,76611.0,100.0,516.58,1965.0
5834634.211,76611.0,100.0,527.52,1980.0
5834634.711,76611.0,100.0,484.99,1980.0
5834635.211,76611.0,100.0,516.55,1965.0
5834635.711,76611.0,100.0,524.56,1980.0
5834636.211,76611.0,100.0,482.17,1980.0
5834636.712,76611.0,100.0,520.14,1965.0
5834637.212,76611.0,100.0,527.25,1980.0
5834637.712,76611.0,100.0,483.2,1980.0
5834638.212,76611.0,100.0,496.37,1845.0
5834638.712,76611.0,100.0,519.59,1980.0
5834639.213,76611.0,100.0,508.81,1980.0
5834639.713,76611.0,100.0,473.39,1980.0
5834640.213,76611.0,100.0,520.42,1965.0
5834640.713,76611.0,100.0,530.81,1980.0
5834641.213,76611.0,100.0,477.55,1980.0
5834641.714,76611.0,100.0,511.95,1590.0
5834642.214,76611.0,100.0,522.24,1980.0
5834642.714,76611.0,100.0,480.29,1980.0
5834643.214,76611.0,100.0,476.67,1980.0
5834643.714,76611.0,100.0,523.58,1965.0
5834644.215,76611.0,100.0,530.11,1980.0
5834644.715,76611.0,100.0,475.97,1980.0
5834645.215,76611.0,100.0,517.43,1950.0
5834645.715,76611.0,100.0,530.67,1980.0
5834646.215,76611.0,100.0,481.07,1980.0
5834646.715,76611.0,91.0,512.54,1800.0
5834647.216,76611.0,100.0,531.28,1980.0
5834647.716,76611.0,100.0,503.05,1980.0
5834648.216,76611.0,100.0,474.98,1980.0
5834648.716,76611.0,100.0,521.5,1965.0
5834649.216,76611.0,100.0,532.99,1980.0
5834649.717,76611.0,100.0,478.11,1980.0
5834650.217,76611.0,89.0,516.08,1605.0
5834650.717,76611.0,100.0,525.71,1980.0
5834651.217,76611.0,100.0,483.41,1980.0
5834651.717,76611.0,100.0,470.71,1980.0
5834652.217,76611.0,100.0,520.08,1965.0
5834652.717,76611.0,100.0,531.89,1980.0
5834653.218,76611.0,100.0,476.55,1980.0
5834653.718,76611.0,100.0,524.69,1875.0
5834654.218,76611.0,100.0,539.49,1980.0
5834654.718,76611.0,100.0,482.36,1980.0
5834655.218,76611.0,100.0,487.74,1815.0
5834655.719,76611.0,100.0,525.7,1965.0
5834656.219,76611.0,100.0,517.88,1980.0
5834656.719,76611.0,100.0,471.96,1980.0
5834657.219,76611.0,100.0,512.13,1965.0
5834657.719,76611.0,100.0,524.24,1980.0
5834658.220,76611.0,100.0,476.97,1980.0
5834658.720,76611.0,100.0,517.93,1560.0
5834659.220,76611.0,100.0,529.45,1980.0
5834659.720,76611.0,100.0,483.3,1980.0
5834660.220,76611.0,100.0,469.61,1980.0
5834660.720,76611.0,100.0,523.74,1965.0
5834661.221,76611.0,100.0,538.24,1980.0
5834661.721,76611.0,100.0,477.51,1980.0
5834662.221,76611.0,100.0,513.74,1950.0
5834662.721,76611.0,100.0,526.92,1980.0
5834663.221,76611.0,100.0,481.94,1980.0
5834663.722,76611.0,100.0,486.21,1800.0
5834664.222,76611.0,100.0,524.87,1965.0
5834664.722,76611.0,100.0,518.01,1980.0
5834665.222,76611.0,100.0,473.93,1980.0
5834665.722,76611.0,100.0,514.62,1965.0
5834666.222,76611.0,100.0,527.58,1980.0
5834666.722,76611.0,100.0,480.53,1980.0
5834667.223,76611.0,90.0,508.65,1800.0
5834667.723,76611.0,100.0,524.54,1980.0
5834668.223,76611.0,100.0,485.09,1980.0
5834668.723,76611.0,100.0,469.52,1980.0
5834669.223,76611.0,100.0,515.92,1965.0
5834669.724,76611.0,100.0,525.88,1980.0
5834670.224,76611.0,100.0,476.73,1980.0
5834670.724,76611.0,89.0,515.68,1860.0
5834671.224,76611.0,100.0,529.03,1980.0
5834671.724,76611.0,100.0,506.07,1980.0
5834672.224,76611.0,100.0,475.5,1980.0
5834672.725,76611.0,100.0,514.61,1965.0
5834673.225,76611.0,100.0,525.03,1980.0
5834673.725,76611.0,100.0,478.51,1980.0
5834674.225,76611.0,91.0,476.48,1755.0
5834674.725,76611.0,100.0,519.64,1980.0
5834675.226,76611.0,100.0,523.37,1980.0
5834675.726,76611.0,100.0,473.91,1980.0
5834676.226,76611.0,100.0,520.74,1965.0
5834676.726,76611.0,100.0,532.02,1980.0
5834677.226,76611.0,100.0,479.26,1980.0
5834677.727,76611.0,97.0,514.78,1965.0
5834678.227,76611.0,100.0,528.01,1980.0
5834678.727,76611.0,100.0,486.23,1980.0
5834679.227,76611.0,94.0,470.29,1800.0
5834679.727,76611.0,100.0,517.4,1980.0
5834680.228,76611.0,100.0,527.04,1980.0
5834680.728,76611.0,100.0,477.41,1980.0
5834681.228,76611.0,100.0,514.93,1965.0
5834681.728,76611.0,100.0,530.95,1980.0
5834682.228,76611.0,100.0,484.15,1980.0
5834682.729,76611.0,89.0,514.61,1920.0
5834683.229,76611.0,100.0,525.18,1980.0
5834683.729,76611.0,100.0,491.95,1980.0
5834684.229,76611.0,100.0,475.65,1980.0
5834684.729,76611.0,100.0,517.04,1965.0
5834685.229,76611.0,100.0,525.95,1980.0
5834685.730,76611.0,100.0,477.57,1980.0
5834686.230,76611.0,100.0,501.24,1665.0
5834686.730,76611.0,100.0,521.53,1980.0
5834687.230,76611.0,100.0,496.92,1980.0
5834687.730,76611.0,100.0,471.94,1980.0
5834688.230,76611.0,100.0,516.5,1965.0
5834688.731,76611.0,100.0,529.18,1980.0
5834689.231,76611.0,100.0,480.07,1980.0
5834689.731,76611.0,100.0,489.29,1710.0
5834690.231,76611.0,100.0,526.34,1980.0
5834690.731,76611.0,100.0,508.62,1980.0
5834691.231,76611.0,100.0,472.76,1980.0
5834691.732,76611.0,100.0,511.38,1935.0
5834692.232,76611.0,100.0,523.54,1980.0
5834692.732,76611.0,100.0,479.11,1980.0
5834693.232,76611.0,88.0,476.14,1980.0
5834693.732,76611.0,100.0,523.41,1965.0
5834694.233,76611.0,100.0,527.22,1980.0
5834694.733,76611.0,100.0,474.69,1980.0
5834695.233,76611.0,100.0,513.09,1935.0
5834695.733,76611.0,100.0,524.72,1980.0
5834696.234,76611.0,100.0,481.72,1980.0
5834696.734,76611.0,100.0,496.66,1770.0
5834697.234,76611.0,100.0,524.35,1980.0
5834697.734,76611.0,100.0,511.19,1980.0
5834698.234,76611.0,100.0,476.88,1980.0
5834698.735,76611.0,100.0,518.68,1965.0
5834699.235,76611.0,100.0,529.91,1980.0
5834699.735,76611.0,100.0,480.09,1980.0
5834700.235,76611.0,88.0,490.72,1860.0
5834700.735,76611.0,100.0,521.35,1965.0
5834701.235,76611.0,100.0,510.66,1980.0
5834701.736,76611.0,100.0,473.06,1980.0
5834702.236,76611.0,100.0,521.59,1965.0
5834702.736,76611.0,100.0,534.58,1980.0
5834703.236,76611.0,100.0,479.51,1980.0
5834703.736,76611.0,90.0,509.69,1710.0
5834704.236,76611.0,100.0,523.15,1980.0
5834704.737,76611.0,100.0,486.37,1980.0
5834705.237,76611.0,100.0,481.95,1980.0
5834705.737,76611.0,100.0,521.62,1965.0
5834706.237,76611.0,100.0,574.83,1545.0
5834706.737,76611.0,100.0,653.91,1575.0
5834707.238,76611.0,100.0,695.02,1530.0
5834707.738,76611.0,100.0,692.46,1545.0
5834708.238,76611.0,100.0,696.59,1395.0
5834708.738,76611.0,100.0,696.29,1515.0
5834709.238,76611.0,100.0,693.3,1485.0
5834709.738,76611.0,100.0,696.56,1410.0
5834710.239,76611.0,100.0,693.47,1530.0
5834710.739,76611.0,100.0,692.01,1500.0
5834711.239,76611.0,100.0,695.8,1590.0
5834711.739,76611.0,100.0,696.12,1455.0
5834712.239,76611.0,100.0,698.42,1620.0
5834712.739,76611.0,100.0,693.34,1485.0
5834713.240,76611.0,100.0,699.7,1485.0
5834713.740,76611.0,100.0,689.72,1485.0
5834714.240,76611.0,100.0,694.77,1485.0
5834714.740,76611.0,100.0,691.48,1425.0
5834715.240,76611.0,100.0,691.57,1470.0
5834715.740,76611.0,100.0,694.33,1425.0
5834716.241,76611.0,100.0,697.55,1470.0
5834716.741,76611.0,100.0,692.16,1560.0
5834717.241,76611.0,100.0,694.05,1485.0
5834717.741,76611.0,100.0,695.76,1590.0
5834718.241,76611.0,100.0,695.9,1470.0
5834718.741,76611.0,100.0,697.14,1545.0
5834719.242,76611.0,100.0,692.57,1470.0
5834719.742,76611.0,100.0,693.02,1635.0
5834720.242,76611.0,100.0,694.1,1470.0
5834720.742,76611.0,100.0,698.42,1515.0
5834721.243,76611.0,100.0,693.6,1395.0
5834721.743,76611.0,100.0,697.14,1425.0
5834722.243,76611.0,100.0,693.88,1410.0
5834722.743,76611.0,100.0,698.17,1395.0
5834723.243,76611.0,100.0,694.5,1545.0
5834723.743,76611.0,100.0,694.23,1470.0
5834724.243,76611.0,100.0,693.6,1530.0
5834724.744,76611.0,100.0,692.34,1500.0
5834725.244,76611.0,100.0,692.21,1620.0
5834725.744,76611.0,100.0,693.63,1470.0
5834726.244,76611.0,100.0,695.68,1560.0
5834726.744,76611.0,100.0,692.91,1470.0
5834727.244,76611.0,100.0,695.11,1590.0
5834727.744,76611.0,100.0,696.72,1440.0
5834728.245,76611.0,100.0,701.22,1590.0
5834728.745,76611.0,100.0,696.62,1365.0
5834729.245,76611.0,100.0,688.15,1605.0
5834729.745,76611.0,100.0,665.01,1980.0
5834730.245,76611.0,100.0,645.2,1980.0
5834730.745,76611.0,100.0,640.19,1980.0
5834731.245,76611.0,100.0,640.34,1980.0
5834731.745,76611.0,100.0,648.79,1980.0
5834732.246,76611.0,100.0,657.65,1980.0
5834732.746,76611.0,100.0,657.14,1980.0
5834733.246,76611.0,100.0,623.13,1980.0
5834733.750,76611.0,0.0,403.52,1980.0
5834734.246,76611.0,0.0,173.24,1980.0
5834734.746,76611.0,0.0,120.91,1980.0
5834735.247,76611.0,100.0,388.36,1620.0
5834735.747,76611.0,100.0,679.9,1215.0
5834736.247,76611.0,100.0,637.42,1965.0
5834736.747,76611.0,100.0,560.14,1965.0
5834737.247,76611.0,100.0,517.56,1980.0
5834737.748,76611.0,100.0,522.03,1965.0
5834738.248,76611.0,100.0,530.19,1980.0
5834738.748,76611.0,100.0,545.86,1965.0
5834739.248,76611.0,100.0,543.71,1980.0
5834739.748,76611.0,100.0,537.18,1965.0
5834740.249,76611.0,100.0,539.03,1980.0
5834740.749,76611.0,100.0,538.43,1965.0
5834741.249,76611.0,100.0,537.6,1980.0
5834741.749,76611.0,100.0,534.29,1965.0
5834742.249,76611.0,100.0,535.6,1980.0
5834742.750,76611.0,100.0,534.73,1965.0
5834743.250,76611.0,100.0,552.16,1905.0
5834743.750,76611.0,100.0,534.83,1965.0
5834744.250,76611.0,100.0,537.16,1800.0
5834744.750,76611.0,100.0,538.74,1980.0
5834745.251,76611.0,100.0,553.47,1755.0
5834745.751,76611.0,100.0,535.11,1980.0
5834746.251,76611.0,100.0,552.74,1815.0
5834746.751,76611.0,100.0,541.42,1980.0
5834747.251,76611.0,100.0,542.81,1665.0
5834747.752,76611.0,100.0,535.27,1980.0
5834748.252,76611.0,94.0,535.13,1740.0
5834748.752,76611.0,100.0,536.9,1980.0
5834749.252,76611.0,94.0,537.69,1875.0
5834749.753,76611.0,100.0,536.28,1980.0
5834750.253,76611.0,94.0,532.73,1950.0
5834750.753,76611.0,100.0,535.04,1980.0
5834751.253,76611.0,94.0,541.29,1965.0
5834751.753,76611.0,100.0,542.28,1980.0
5834752.254,76611.0,100.0,542.5,1965.0
5834752.754,76611.0,100.0,539.41,1980.0
5834753.254,76611.0,100.0,535.0,1965.0
5834753.754,76611.0,100.0,535.99,1980.0
5834754.255,76611.0,100.0,533.62,1965.0
5834754.755,76611.0,100.0,532.79,1980.0
5834755.255,76611.0,100.0,536.69,1965.0
5834755.755,76611.0,100.0,534.68,1980.0
5834756.255,76611.0,94.0,528.03,1845.0
5834756.756,76611.0,100.0,529.25,1980.0
5834757.256,76611.0,100.0,508.53,1695.0
5834757.756,76611.0,100.0,531.23,1980.0
5834758.256,76611.0,100.0,515.97,1980.0
5834758.757,76611.0,100.0,535.56,1980.0
5834759.257,76611.0,100.0,536.88,1980.0
5834759.757,76611.0,100.0,530.72,1965.0
5834760.257,76611.0,100.0,529.18,1980.0
5834760.757,76611.0,100.0,527.29,1965.0
5834761.258,76611.0,100.0,532.83,1980.0
5834761.758,76611.0,100.0,529.43,1965.0
5834762.258,76611.0,100.0,529.91,1980.0
5834762.758,76611.0,100.0,534.38,1935.0
5834763.258,76611.0,100.0,531.84,1980.0
5834763.759,76611.0,93.0,514.75,1785.0
5834764.259,76611.0,100.0,525.86,1980.0
5834764.759,76611.0,100.0,511.34,1620.0
5834765.259,76611.0,100.0,538.36,1980.0
5834765.759,76611.0,100.0,532.24,1860.0
5834766.260,76611.0,100.0,529.2,1965.0
5834766.760,76611.0,100.0,532.23,1980.0
5834767.260,76611.0,100.0,531.19,1965.0
5834767.760,76611.0,100.0,531.34,1980.0
5834768.261,76611.0,100.0,531.97,1965.0
5834768.761,76611.0,100.0,533.01,1980.0
5834769.261,76611.0,93.0,529.49,1965.0
5834769.761,76611.0,100.0,532.56,1980.0
5834770.261,76611.0,100.0,522.26,1920.0
5834770.761,76611.0,100.0,528.05,1980.0
5834771.261,76611.0,100.0,515.51,1560.0
5834771.762,76611.0,100.0,532.75,1980.0
5834772.262,76611.0,100.0,515.33,1980.0
5834772.762,76611.0,100.0,533.14,1980.0
5834773.262,76611.0,100.0,534.85,1980.0
5834773.762,76611.0,100.0,528.82,1965.0
5834774.263,76611.0,100.0,529.53,1980.0
5834774.763,76611.0,100.0,534.74,1950.0
5834775.263,76611.0,100.0,534.28,1980.0
5834775.763,76611.0,100.0,531.21,1845.0
5834776.263,76611.0,100.0,529.93,1980.0
5834776.763,76611.0,92.0,520.51,1740.0
5834777.264,76611.0,100.0,527.74,1980.0
5834777.764,76611.0,100.0,498.2,1980.0
5834778.264,76611.0,100.0,529.67,1965.0
5834778.764,76611.0,100.0,526.32,1980.0
5834779.264,76611.0,100.0,529.36,1920.0
5834779.765,76611.0,100.0,527.66,1980.0
5834780.265,76611.0,100.0,512.53,1875.0
5834780.765,76611.0,100.0,526.19,1980.0
5834781.265,76611.0,100.0,502.14,1980.0
5834781.765,76611.0,100.0,541.03,1965.0
5834782.265,76611.0,100.0,528.95,1980.0
5834782.766,76611.0,100.0,531.71,1800.0
5834783.266,76611.0,100.0,533.0,1980.0
5834783.766,76611.0,93.0,506.72,1980.0
5834784.266,76611.0,100.0,529.89,1980.0
5834784.766,76611.0,100.0,511.87,1980.0
5834785.266,76611.0,100.0,538.05,1965.0
5834785.767,76611.0,100.0,540.45,1980.0
5834786.267,76611.0,94.0,528.48,1875.0
5834786.767,76611.0,100.0,520.17,1980.0
5834787.267,76611.0,100.0,510.52,1800.0
5834787.767,76611.0,100.0,530.71,1980.0
5834788.267,76611.0,100.0,505.03,1980.0
5834788.768,76611.0,100.0,532.32,1965.0
5834789.268,76611.0,100.0,536.16,1980.0
5834789.768,76611.0,100.0,528.37,1950.0
5834790.268,76611.0,100.0,523.49,1980.0
5834790.768,76611.0,100.0,521.66,1845.0
5834791.268,76611.0,100.0,526.09,1980.0
5834791.769,76611.0,92.0,492.05,1980.0
5834792.269,76611.0,100.0,533.01,1965.0
5834792.769,76611.0,100.0,546.73,1980.0
5834793.269,76611.0,100.0,544.84,1965.0
5834793.770,76611.0,100.0,529.01,1980.0
5834794.270,76611.0,100.0,521.23,1755.0
5834794.770,76611.0,100.0,533.72,1980.0
5834795.270,76611.0,100.0,509.02,1980.0
5834795.770,76611.0,100.0,524.91,1965.0
5834796.271,76611.0,100.0,526.3,1980.0
5834796.771,76611.0,100.0,531.45,1965.0
5834797.271,76611.0,100.0,517.21,1980.0
5834797.771,76611.0,100.0,528.63,1860.0
5834798.271,76611.0,100.0,538.09,1980.0
5834798.772,76611.0,95.0,513.37,1800.0
5834799.272,76611.0,100.0,537.39,1965.0
5834799.772,76611.0,100.0,506.69,1980.0
5834800.272,76611.0,100.0,528.7,1965.0
5834800.772,76611.0,100.0,545.44,1980.0
5834801.273,76611.0,100.0,485.35,1980.0
5834801.773,76611.0,100.0,467.41,1980.0
5834802.273,76611.0,100.0,444.0,1980.0
5834802.773,76611.0,0.0,273.33,1980.0
5834803.274,76611.0,0.0,119.88,1980.0
5834803.774,76611.0,0.0,119.19,1980.0
5834804.274,76611.0,0.0,118.97,1980.0
5834804.774,76611.0,0.0,118.8,1980.0
5834805.274,76611.0,0.0,118.57,1980.0
5834805.776,76611.0,0.0,118.43,1980.0
5834806.275,76611.0,0.0,118.41,1980.0
5834806.775,76611.0,0.0,118.31,1980.0
5834807.275,76611.0,100.0,236.7,1725.0
5834807.775,76611.0,100.0,537.52,1710.0
5834808.275,76611.0,100.0,694.8,1785.0
5834808.775,76611.0,100.0,689.84,1830.0
5834809.276,76611.0,100.0,694.25,1785.0
5834809.776,76611.0,100.0,644.19,1965.0
5834810.276,76611.0,100.0,568.96,1980.0
5834810.776,76611.0,100.0,519.5,1980.0
5834811.276,76611.0,100.0,520.49,1980.0
5834811.776,76611.0,100.0,513.25,1980.0
5834812.276,76611.0,0.0,389.81,1980.0
5834812.777,76611.0,0.0,193.18,1980.0
5834813.277,76611.0,0.0,119.62,1980.0
5834813.777,76611.0,0.0,119.21,1980.0
5834814.277,76611.0,80.0,245.08,1695.0
5834814.777,76611.0,100.0,540.28,1590.0
5834815.277,76611.0,100.0,694.79,1635.0
5834815.777,76611.0,100.0,688.34,1665.0
5834816.278,76611.0,100.0,698.37,1410.0
5834816.778,76611.0,100.0,693.87,1590.0
5834817.278,76611.0,100.0,650.91,1965.0
5834817.778,76611.0,100.0,561.59,1980.0
5834818.278,76611.0,100.0,531.52,1980.0
5834818.778,76611.0,100.0,533.36,1980.0
5834819.278,76611.0,100.0,533.62,1980.0
5834819.779,76611.0,0.0,481.57,1980.0
5834820.279,76611.0,0.0,281.41,1980.0
5834820.779,76611.0,0.0,120.04,1980.0
5834821.279,76611.0,0.0,119.22,1980.0
5834821.779,76611.0,0.0,118.94,1980.0
5834822.279,76611.0,0.0,153.51,1980.0
5834822.779,76611.0,100.0,473.17,1695.0
5834823.280,76611.0,100.0,704.36,1605.0
5834823.780,76611.0,100.0,687.52,1665.0
5834824.280,76611.0,100.0,696.74,1470.0
5834824.780,76611.0,100.0,695.77,1590.0
5834825.281,76611.0,100.0,659.37,1965.0
5834825.780,76611.0,100.0,577.48,1980.0
5834826.281,76611.0,100.0,556.11,1980.0
5834826.781,76611.0,100.0,558.6,1980.0
5834827.281,76611.0,100.0,554.33,1980.0
5834827.781,76611.0,100.0,554.96,1980.0
5834828.281,76611.0,0.0,370.13,1980.0
5834828.781,76611.0,0.0,153.89,1980.0
5834829.281,76611.0,0.0,119.69,1980.0
5834829.782,76611.0,0.0,119.27,1980.0
5834830.284,76611.0,0.0,119.02,1980.0
5834830.782,76611.0,100.0,359.1,1710.0
5834831.282,76611.0,100.0,660.14,1425.0
5834831.782,76611.0,100.0,695.1,1515.0
5834832.283,76611.0,100.0,686.37,1425.0
5834832.783,76611.0,100.0,693.65,1590.0
5834833.283,76611.0,100.0,690.75,1560.0
5834833.783,76611.0,100.0,629.02,1980.0
5834834.283,76611.0,100.0,568.03,1980.0
5834834.783,76611.0,100.0,567.02,1980.0
5834835.283,76611.0,100.0,567.69,1980.0
5834835.784,76611.0,100.0,569.2,1980.0
5834836.284,76611.0,100.0,570.61,1980.0
5834836.784,76611.0,0.0,376.33,1980.0
5834837.284,76611.0,0.0,146.6,1980.0
5834837.784,76611.0,0.0,119.41,1980.0
5834838.284,76611.0,0.0,119.09,1980.0
5834838.785,76611.0,0.0,118.87,1980.0
5834839.285,76611.0,100.0,354.64,1695.0
5834839.785,76611.0,100.0,657.17,1395.0
5834840.285,76611.0,100.0,690.92,1590.0
5834840.789,76611.0,100.0,684.25,1425.0
5834841.285,76611.0,100.0,691.56,1665.0
5834841.786,76611.0,100.0,683.38,1890.0
5834842.286,76611.0,100.0,629.22,1980.0
5834842.786,76611.0,100.0,579.49,1980.0
5834843.286,76611.0,100.0,582.35,1980.0
5834843.786,76611.0,100.0,581.33,1980.0
5834844.286,76611.0,100.0,554.79,1980.0
5834844.786,76611.0,100.0,527.02,1980.0
5834845.287,76611.0,0.0,361.64,1980.0
5834845.787,76611.0,0.0,159.29,1980.0
5834846.287,76611.0,0.0,119.25,1980.0
5834846.787,76611.0,0.0,118.9,1980.0
5834847.288,76611.0,0.0,118.57,1980.0
5834847.787,76611.0,100.0,330.27,1725.0
5834848.288,76611.0,100.0,625.24,1530.0
5834848.788,76611.0,100.0,689.62,1695.0
5834849.288,76611.0,100.0,681.5,1410.0
5834849.788,76611.0,100.0,696.6,1695.0
5834850.288,76611.0,100.0,695.78,1605.0
5834850.788,76611.0,100.0,651.73,1965.0
5834851.289,76611.0,100.0,595.53,1980.0
5834851.789,76611.0,100.0,589.9,1980.0
5834852.289,76611.0,100.0,591.16,1980.0
5834852.789,76611.0,100.0,591.98,1980.0
5834853.289,76611.0,100.0,592.11,1980.0
5834853.789,76611.0,100.0,583.17,1980.0
5834854.289,76611.0,0.0,353.67,1980.0
5834854.789,76611.0,0.0,126.95,1980.0
5834855.290,76611.0,0.0,119.55,1980.0
5834855.790,76611.0,0.0,119.21,1980.0
5834856.290,76611.0,0.0,118.91,1980.0
5834856.790,76611.0,99.0,415.51,1680.0
5834857.291,76611.0,100.0,688.95,1455.0
5834857.791,76611.0,100.0,695.64,1590.0
5834858.291,76611.0,100.0,701.82,1470.0
5834858.791,76611.0,100.0,695.02,1665.0
5834859.291,76611.0,100.0,678.98,1965.0
5834859.791,76611.0,100.0,627.73,1980.0
5834860.291,76611.0,100.0,598.02,1980.0
5834860.791,76611.0,100.0,599.08,1980.0
5834861.291,76611.0,100.0,598.15,1980.0
5834861.791,76611.0,100.0,599.67,1980.0
5834862.292,76611.0,100.0,599.17,1980.0
5834862.792,76611.0,100.0,548.22,1980.0
5834863.292,76611.0,0.0,313.99,1980.0
5834863.792,76611.0,0.0,119.92,1980.0
5834864.292,76611.0,0.0,119.3,1980.0
5834864.792,76611.0,0.0,118.94,1980.0
5834865.292,76611.0,0.0,168.82,1830.0
5834865.793,76611.0,96.0,456.56,1680.0
5834866.293,76611.0,100.0,706.69,1425.0
5834866.793,76611.0,100.0,696.47,1695.0
5834867.293,76611.0,100.0,692.75,1500.0
5834867.793,76611.0,100.0,694.32,1485.0
5834868.293,76611.0,100.0,689.96,1440.0
5834868.794,76611.0,100.0,645.5,1980.0
5834869.294,76611.0,100.0,606.52,1980.0
5834869.794,76611.0,100.0,611.27,1980.0
5834870.294,76611.0,100.0,606.86,1980.0
5834870.794,76611.0,100.0,607.73,1980.0
5834871.294,76611.0,100.0,610.43,1980.0
5834871.794,76611.0,100.0,609.76,1980.0
5834872.295,76611.0,0.0,454.28,1980.0
5834872.795,76611.0,0.0,217.74,1980.0
5834873.295,76611.0,0.0,119.89,1980.0
5834873.795,76611.0,0.0,119.42,1980.0
5834874.295,76611.0,0.0,119.18,1980.0
5834874.795,76611.0,35.0,307.69,1725.0
5834875.296,76611.0,100.0,602.12,1620.0
5834875.796,76611.0,100.0,692.41,1500.0
5834876.296,76611.0,100.0,689.75,1515.0
5834876.796,76611.0,100.0,696.19,1500.0
5834877.296,76611.0,100.0,663.23,1965.0
5834877.797,76611.0,100.0,653.79,1965.0
5834878.297,76611.0,100.0,652.37,1950.0
5834878.797,76611.0,100.0,646.35,1980.0
5834879.297,76611.0,100.0,638.52,1965.0
5834879.797,76611.0,100.0,631.74,1980.0
5834880.297,76611.0,100.0,613.68,1980.0
5834880.797,76611.0,100.0,618.43,1980.0
5834881.298,76611.0,100.0,615.9,1980.0
5834881.798,76611.0,100.0,566.62,1980.0
5834882.298,76611.0,100.0,479.08,1980.0
5834882.798,76611.0,0.0,283.07,1980.0
5834883.298,76611.0,0.0,122.55,1980.0
5834883.803,76611.0,0.0,120.83,1980.0
5834884.303,76611.0,0.0,120.57,1980.0
5834884.799,76611.0,0.0,120.33,1920.0
5834885.299,76611.0,100.0,326.96,1965.0
5834885.799,76611.0,100.0,540.55,1935.0
5834886.299,76611.0,100.0,517.21,1980.0
5834886.799,76611.0,100.0,516.17,1965.0
5834887.299,76611.0,100.0,531.17,1830.0
5834887.800,76611.0,95.0,570.97,1950.0
5834888.300,76611.0,100.0,569.09,1980.0
5834888.800,76611.0,100.0,538.59,1965.0
5834889.300,76611.0,100.0,579.78,1965.0
5834889.801,76611.0,100.0,556.8,1785.0
5834890.301,76611.0,100.0,555.95,1980.0
5834890.801,76611.0,100.0,578.36,1965.0
5834891.301,76611.0,100.0,539.99,1980.0
5834891.801,76611.0,100.0,543.7,1965.0
5834892.301,76611.0,100.0,619.07,1845.0
5834892.802,76611.0,100.0,642.78,1965.0
5834893.302,76611.0,100.0,604.21,1665.0
5834893.802,76611.0,100.0,558.5,1980.0
5834894.302,76611.0,100.0,576.42,1965.0
5834894.802,76611.0,100.0,562.83,1785.0
5834895.302,76611.0,100.0,563.7,1980.0
5834895.802,76611.0,100.0,600.18,1950.0
5834896.303,76611.0,100.0,548.51,1980.0
5834896.803,76611.0,100.0,538.48,1965.0
5834897.303,76611.0,92.0,563.92,1890.0
5834897.803,76611.0,100.0,539.18,1965.0
5834898.303,76611.0,100.0,564.55,1905.0
5834898.804,76611.0,100.0,538.58,1980.0
5834899.304,76611.0,100.0,531.89,1965.0
5834899.804,76611.0,100.0,530.0,1980.0
5834900.304,76611.0,100.0,532.1,1965.0
5834900.804,76611.0,95.0,560.44,1830.0
5834901.304,76611.0,100.0,538.12,1980.0
5834901.805,76611.0,100.0,558.05,1905.0
5834902.305,76611.0,100.0,531.55,1980.0
5834902.805,76611.0,100.0,531.73,1965.0
5834903.305,76611.0,100.0,535.12,1980.0
5834903.805,76611.0,100.0,532.59,1965.0
5834904.305,76611.0,95.0,548.8,1830.0
5834904.806,76611.0,100.0,530.28,1965.0
5834905.306,76611.0,100.0,551.52,1650.0
5834905.806,76611.0,100.0,529.11,1980.0
5834906.306,76611.0,100.0,529.71,1965.0
5834906.806,76611.0,100.0,532.75,1980.0
5834907.306,76611.0,100.0,535.2,1965.0
5834907.807,76611.0,100.0,534.1,1980.0
5834908.307,76611.0,100.0,532.34,1965.0
5834908.807,76611.0,100.0,560.06,1680.0
5834909.307,76611.0,100.0,529.75,1980.0
5834909.807,76611.0,100.0,547.93,1680.0
5834910.307,76611.0,100.0,530.72,1980.0
5834910.808,76611.0,100.0,525.6,1965.0
5834911.308,76611.0,100.0,529.81,1980.0
5834911.808,76611.0,100.0,534.22,1965.0
5834912.308,76611.0,95.0,534.66,1980.0
5834912.808,76611.0,100.0,534.11,1965.0
5834913.308,76611.0,94.0,557.78,1740.0
5834913.809,76611.0,100.0,525.53,1980.0
5834914.309,76611.0,100.0,540.39,1785.0
5834914.809,76611.0,100.0,532.68,1980.0
5834915.309,76611.0,100.0,526.7,1965.0
5834915.809,76611.0,100.0,525.55,1980.0
5834916.309,76611.0,100.0,522.14,1965.0
5834916.810,76611.0,100.0,527.23,1980.0
5834917.310,76611.0,100.0,533.09,1965.0
5834917.810,76611.0,100.0,530.99,1980.0
5834918.310,76611.0,100.0,530.2,1965.0
5834918.810,76611.0,100.0,525.93,1980.0
5834919.310,76611.0,100.0,520.49,1965.0
5834919.811,76611.0,100.0,529.91,1980.0
5834920.311,76611.0,100.0,527.44,1965.0
5834920.811,76611.0,100.0,540.95,1845.0
5834921.311,76611.0,100.0,534.72,1965.0
5834921.811,76611.0,100.0,541.97,1770.0
5834922.312,76611.0,100.0,528.45,1980.0
5834922.812,76611.0,94.0,552.63,1620.0
5834923.312,76611.0,100.0,533.58,1980.0
5834923.812,76611.0,94.0,536.54,1770.0
5834924.312,76611.0,100.0,532.71,1980.0
5834924.812,76611.0,94.0,526.56,1860.0
5834925.313,76611.0,100.0,527.67,1980.0
5834925.813,76611.0,100.0,535.54,1905.0
5834926.313,76611.0,100.0,536.96,1980.0
5834926.813,76611.0,100.0,534.08,1950.0
5834927.313,76611.0,100.0,534.52,1980.0
5834927.813,76611.0,100.0,532.11,1965.0
5834928.314,76611.0,100.0,529.41,1980.0
5834928.814,76611.0,100.0,530.68,1965.0
5834929.314,76611.0,100.0,532.15,1980.0
5834929.814,76611.0,100.0,532.53,1965.0
5834930.314,76611.0,100.0,532.22,1980.0
5834930.814,76611.0,100.0,529.55,1965.0
5834931.315,76611.0,100.0,531.81,1980.0
5834931.815,76611.0,100.0,533.28,1965.0
5834932.315,76611.0,100.0,532.03,1980.0
5834932.815,76611.0,100.0,533.69,1965.0
5834933.315,76611.0,100.0,543.01,1980.0
5834933.815,76611.0,100.0,525.27,1965.0
5834934.316,76611.0,94.0,542.74,1800.0
5834934.816,76611.0,100.0,532.73,1965.0
5834935.316,76611.0,94.0,543.29,1800.0
5834935.816,76611.0,100.0,532.53,1980.0
5834936.316,76611.0,99.0,518.56,1980.0
5834936.816,76611.0,100.0,528.9,1965.0
5834937.317,76611.0,100.0,522.41,1980.0
5834937.817,76611.0,100.0,532.33,1965.0
5834938.317,76611.0,100.0,530.14,1980.0
5834938.817,76611.0,100.0,525.46,1965.0
5834939.317,76611.0,100.0,528.25,1980.0
5834939.818,76611.0,100.0,521.03,1965.0
5834940.318,76611.0,100.0,523.23,1980.0
5834940.818,76611.0,100.0,527.55,1935.0
5834941.318,76611.0,100.0,529.96,1980.0
5834941.818,76611.0,94.0,532.43,1890.0
5834942.319,76611.0,100.0,530.34,1980.0
5834942.819,76611.0,93.0,529.32,1665.0
5834943.319,76611.0,100.0,530.56,1980.0
5834943.819,76611.0,100.0,521.32,1680.0
5834944.320,76611.0,100.0,530.2,1980.0
5834944.820,76611.0,100.0,513.54,1920.0
5834945.320,76611.0,100.0,529.09,1965.0
5834945.820,76611.0,100.0,514.71,1980.0
5834946.320,76611.0,100.0,530.42,1965.0
5834946.821,76611.0,100.0,535.8,1980.0
5834947.321,76611.0,100.0,527.66,1965.0
5834947.821,76611.0,100.0,530.14,1980.0
5834948.321,76611.0,95.0,533.51,1965.0
5834948.821,76611.0,100.0,527.97,1980.0
5834949.321,76611.0,100.0,526.6,1950.0
5834949.822,76611.0,100.0,530.04,1980.0
5834950.322,76611.0,94.0,529.53,1920.0
5834950.822,76611.0,100.0,532.29,1980.0
5834951.322,76611.0,94.0,523.1,1665.0
5834951.822,76611.0,100.0,520.4,1980.0
5834952.323,76611.0,100.0,518.93,1800.0
5834952.823,76611.0,100.0,522.21,1980.0
5834953.323,76611.0,100.0,503.3,1980.0
5834953.823,76611.0,100.0,521.27,1965.0
5834954.323,76611.0,100.0,517.59,1980.0
5834954.823,76611.0,100.0,525.0,1965.0
5834955.324,76611.0,100.0,527.82,1980.0
5834955.824,76611.0,100.0,526.73,1965.0
5834956.324,76611.0,100.0,525.91,1980.0
5834956.824,76611.0,100.0,523.76,1965.0
5834957.324,76611.0,100.0,526.35,1980.0
5834957.825,76611.0,100.0,515.26,1635.0
5834958.325,76611.0,100.0,537.68,1980.0
5834958.825,76611.0,100.0,511.35,1980.0
5834959.325,76611.0,100.0,534.5,1965.0
5834959.825,76611.0,100.0,533.84,1980.0
5834960.325,76611.0,100.0,527.24,1965.0
5834960.826,76611.0,100.0,528.75,1980.0
5834961.326,76611.0,92.0,528.97,1950.0
5834961.826,76611.0,100.0,527.17,1980.0
5834962.326,76611.0,100.0,493.96,1845.0
5834962.827,76611.0,100.0,531.32,1980.0
5834963.327,76611.0,100.0,522.66,1980.0
5834963.827,76611.0,100.0,527.54,1965.0
5834964.327,76611.0,100.0,528.21,1980.0
5834964.827,76611.0,100.0,530.36,1950.0
5834965.327,76611.0,100.0,529.75,1980.0
5834965.828,76611.0,100.0,510.4,1830.0
5834966.328,76611.0,100.0,529.35,1980.0
5834966.828,76611.0,100.0,502.66,1980.0
5834967.328,76611.0,100.0,528.13,1965.0
5834967.828,76611.0,100.0,528.87,1980.0
5834968.329,76611.0,100.0,525.02,1965.0
5834968.829,76611.0,100.0,524.21,1980.0
5834969.329,76611.0,93.0,518.77,1815.0
5834969.829,76611.0,100.0,523.88,1980.0
5834970.330,76611.0,100.0,486.6,1980.0
5834970.830,76611.0,100.0,524.5,1965.0
5834971.330,76611.0,100.0,526.1,1980.0
5834971.830,76611.0,100.0,531.16,1965.0
5834972.330,76611.0,100.0,530.2,1980.0
5834972.831,76611.0,100.0,521.77,1785.0
5834973.331,76611.0,100.0,519.7,1980.0
5834973.831,76611.0,93.0,490.44,1980.0
5834974.331,76611.0,100.0,525.34,1965.0
5834974.831,76611.0,100.0,515.18,1980.0
5834975.331,76611.0,100.0,530.17,1965.0
5834975.832,76611.0,100.0,529.66,1980.0
5834976.332,76611.0,94.0,525.98,1710.0
5834976.832,76611.0,100.0,527.9,1980.0
5834977.332,76611.0,100.0,486.78,1980.0
5834977.832,76611.0,100.0,525.49,1965.0
5834978.333,76611.0,100.0,525.47,1980.0
5834978.833,76611.0,100.0,526.88,1965.0
5834979.333,76611.0,100.0,527.03,1980.0
5834979.833,76611.0,100.0,523.11,1815.0
5834980.333,76611.0,100.0,528.2,1980.0
5834980.834,76611.0,100.0,487.96,1980.0
5834981.338,76611.0,100.0,525.18,1965.0
5834981.834,76611.0,100.0,526.57,1980.0
5834982.334,76611.0,92.0,530.74,1575.0
5834982.834,76611.0,100.0,530.05,1980.0
5834983.334,76611.0,100.0,486.12,1980.0
5834983.834,76611.0,100.0,525.84,1965.0
5834984.335,76611.0,100.0,525.5,1980.0
5834984.835,76611.0,100.0,525.16,1860.0
5834985.335,76611.0,100.0,529.33,1980.0
5834985.835,76611.0,93.0,486.43,1980.0
5834986.335,76611.0,100.0,527.61,1965.0
5834986.835,76611.0,100.0,527.8,1980.0
5834987.335,76611.0,100.0,532.93,1830.0
5834987.836,76611.0,100.0,530.07,1980.0
5834988.336,76611.0,100.0,484.84,1980.0
5834988.836,76611.0,100.0,521.98,1965.0
5834989.336,76611.0,100.0,520.09,1980.0
5834989.836,76611.0,100.0,522.32,1905.0
5834990.336,76611.0,100.0,517.27,1980.0
5834990.836,76611.0,94.0,479.27,1980.0
5834991.337,76611.0,100.0,522.12,1965.0
5834991.837,76611.0,100.0,521.51,1980.0
5834992.337,76611.0,100.0,528.02,1950.0
5834992.837,76611.0,100.0,525.67,1980.0
5834993.337,76611.0,100.0,482.48,1980.0
5834993.838,76611.0,100.0,516.77,1965.0
5834994.338,76611.0,100.0,522.23,1980.0
5834994.838,76611.0,96.0,518.12,1665.0
5834995.338,76611.0,100.0,509.34,1980.0
5834995.838,76611.0,100.0,482.51,1980.0
5834996.338,76611.0,100.0,526.97,1965.0
5834996.838,76611.0,100.0,523.14,1980.0
5834997.338,76611.0,92.0,522.65,1635.0
5834997.839,76611.0,100.0,515.03,1980.0
5834998.339,76611.0,100.0,480.67,1980.0
5834998.839,76611.0,100.0,516.01,1965.0
5834999.339,76611.0,100.0,510.46,1980.0
5834999.839,76611.0,100.0,499.3,1710.0
5835000.339,76611.0,100.0,528.83,1980.0
5835000.839,76611.0,100.0,514.62,1980.0
5835001.340,76611.0,100.0,532.73,1965.0
5835001.840,76611.0,100.0,534.27,1980.0
5835002.340,76611.0,100.0,485.73,1980.0
5835002.840,76611.0,100.0,524.05,1965.0
5835003.340,76611.0,100.0,525.57,1980.0
5835003.840,76611.0,92.0,520.61,1845.0
5835004.341,76611.0,100.0,523.22,1980.0
5835004.841,76611.0,100.0,482.91,1980.0
5835005.341,76611.0,100.0,520.79,1965.0
5835005.841,76611.0,100.0,521.71,1980.0
5835006.341,76611.0,100.0,483.49,1890.0
5835006.841,76611.0,100.0,527.53,1980.0
5835007.342,76611.0,100.0,533.02,1980.0
5835007.842,76611.0,89.0,527.09,1905.0
5835008.342,76611.0,100.0,520.98,1980.0
5835008.842,76611.0,100.0,486.8,1980.0
5835009.342,76611.0,100.0,520.89,1965.0
5835009.842,76611.0,100.0,520.17,1980.0
5835010.342,76611.0,100.0,489.92,1980.0
5835010.843,76611.0,100.0,522.68,1965.0
5835011.343,76611.0,100.0,510.78,1980.0
5835011.843,76611.0,92.0,520.76,1830.0
5835012.343,76611.0,100.0,534.37,1980.0
5835012.843,76611.0,100.0,496.01,1980.0
5835013.343,76611.0,100.0,529.83,1965.0
5835013.844,76611.0,100.0,526.41,1980.0
5835014.344,76611.0,100.0,487.14,1755.0
5835014.844,76611.0,100.0,523.59,1980.0
5835015.344,76611.0,100.0,526.35,1980.0
5835015.844,76611.0,92.0,527.87,1905.0
5835016.344,76611.0,100.0,526.62,1980.0
5835016.845,76611.0,100.0,495.55,1980.0
5835017.345,76611.0,100.0,525.65,1965.0
5835017.845,76611.0,100.0,517.29,1980.0
5835018.345,76611.0,100.0,478.58,1725.0
5835018.845,76611.0,100.0,524.01,1965.0
5835019.345,76611.0,100.0,526.62,1980.0
5835019.846,76611.0,91.0,526.27,1935.0
5835020.346,76611.0,100.0,530.54,1980.0
5835020.846,76611.0,100.0,492.98,1980.0
5835021.346,76611.0,100.0,527.7,1965.0
5835021.846,76611.0,100.0,527.09,1980.0
5835022.346,76611.0,100.0,489.35,1980.0
5835022.847,76611.0,100.0,530.43,1965.0
5835023.347,76611.0,100.0,534.38,1980.0
5835023.847,76611.0,92.0,524.8,1635.0
5835024.347,76611.0,100.0,511.67,1980.0
5835024.847,76611.0,100.0,489.31,1980.0
5835025.347,76611.0,100.0,545.91,1965.0
5835025.847,76611.0,100.0,539.97,1980.0
5835026.348,76611.0,92.0,490.12,1980.0
5835026.848,76611.0,100.0,526.61,1965.0
5835027.348,76611.0,100.0,509.95,1980.0
5835027.848,76611.0,91.0,529.09,1605.0
5835028.348,76611.0,100.0,548.93,1980.0
5835028.849,76611.0,100.0,491.02,1980.0
5835029.349,76611.0,100.0,521.11,1965.0
5835029.849,76611.0,100.0,528.3,1980.0
5835030.349,76611.0,90.0,501.17,1980.0
5835030.849,76611.0,100.0,527.79,1965.0
5835031.349,76611.0,100.0,513.23,1980.0
5835031.850,76611.0,90.0,531.07,1875.0
5835032.350,76611.0,100.0,527.72,1980.0
5835032.850,76611.0,100.0,481.22,1980.0
5835033.350,76611.0,100.0,520.97,1965.0
5835033.850,76611.0,100.0,524.21,1980.0
5835034.351,76611.0,100.0,486.55,1980.0
5835034.851,76611.0,100.0,524.89,1965.0
5835035.351,76611.0,100.0,526.85,1980.0
5835035.851,76611.0,100.0,482.95,1980.0
5835036.351,76611.0,100.0,524.05,1965.0
5835036.851,76611.0,100.0,527.11,1980.0
5835037.352,76611.0,91.0,513.3,1665.0
5835037.852,76611.0,100.0,525.64,1980.0
5835038.352,76611.0,100.0,505.63,1980.0
5835038.852,76611.0,89.0,523.9,1665.0
5835039.352,76611.0,100.0,521.19,1980.0
5835039.852,76611.0,100.0,486.3,1980.0
5835040.353,76611.0,100.0,511.4,1965.0
5835040.853,76611.0,100.0,513.08,1980.0
5835041.353,76611.0,100.0,485.05,1980.0
5835041.853,76611.0,100.0,527.17,1965.0
5835042.353,76611.0,100.0,532.18,1980.0
5835042.853,76611.0,100.0,485.74,1980.0
5835043.353,76611.0,100.0,532.88,1965.0
5835043.854,76611.0,100.0,539.02,1980.0
5835044.354,76611.0,92.0,520.16,1590.0
5835044.854,76611.0,100.0,513.86,1980.0
5835045.354,76611.0,100.0,487.72,1980.0
5835045.854,76611.0,92.0,522.13,1905.0
5835046.354,76611.0,100.0,517.72,1980.0
5835046.855,76611.0,100.0,479.12,1980.0
5835047.355,76611.0,100.0,502.63,1965.0
5835047.855,76611.0,100.0,508.52,1980.0
5835048.355,76611.0,100.0,480.89,1980.0
5835048.855,76611.0,100.0,508.32,1965.0
5835049.355,76611.0,100.0,514.7,1980.0
5835049.856,76611.0,100.0,499.06,1980.0
5835050.356,76611.0,100.0,516.66,1980.0
5835050.856,76611.0,100.0,513.32,1980.0
5835051.356,76611.0,92.0,520.81,1695.0
5835051.856,76611.0,100.0,520.23,1980.0
5835052.356,76611.0,100.0,486.84,1980.0
5835052.857,76611.0,100.0,517.99,1905.0
5835053.357,76611.0,100.0,518.51,1980.0
5835053.857,76611.0,100.0,484.82,1980.0
5835054.357,76611.0,100.0,509.31,1965.0
5835054.857,76611.0,100.0,511.39,1980.0
5835055.357,76611.0,100.0,481.85,1980.0
5835055.858,76611.0,100.0,511.14,1965.0
5835056.358,76611.0,100.0,519.31,1980.0
5835056.858,76611.0,100.0,480.01,1980.0
5835057.358,76611.0,100.0,504.01,1980.0
5835057.858,76611.0,100.0,514.49,1980.0
5835058.358,76611.0,100.0,518.69,1605.0
5835058.859,76611.0,100.0,519.65,1980.0
5835059.359,76611.0,100.0,496.5,1980.0
5835059.859,76611.0,100.0,511.34,1935.0
5835060.359,76611.0,100.0,508.22,1980.0
5835060.859,76611.0,100.0,482.39,1980.0
5835061.360,76611.0,100.0,527.21,1845.0
5835061.860,76611.0,100.0,528.66,1980.0
5835062.360,76611.0,100.0,486.29,1980.0
5835062.860,76611.0,100.0,521.08,1950.0
5835063.360,76611.0,100.0,523.02,1980.0
5835063.861,76611.0,100.0,486.45,1980.0
5835064.361,76611.0,100.0,522.31,1815.0
5835064.861,76611.0,100.0,524.55,1980.0
5835065.361,76611.0,100.0,485.74,1980.0
5835065.861,76611.0,100.0,520.39,1935.0
5835066.361,76611.0,100.0,523.22,1980.0
5835066.862,76611.0,100.0,484.6,1980.0
5835067.362,76611.0,100.0,515.85,1890.0
5835067.862,76611.0,100.0,519.94,1980.0
5835068.362,76611.0,100.0,483.81,1980.0
5835068.862,76611.0,100.0,517.76,1935.0
5835069.363,76611.0,100.0,522.54,1980.0
5835069.863,76611.0,100.0,485.83,1980.0
5835070.363,76611.0,100.0,519.29,1920.0
5835070.863,76611.0,100.0,520.89,1980.0
5835071.363,76611.0,100.0,485.55,1980.0
5835071.864,76611.0,100.0,522.1,1950.0
5835072.364,76611.0,100.0,526.01,1980.0
5835072.864,76611.0,100.0,487.33,1980.0
5835073.364,76611.0,100.0,525.9,1935.0
5835073.864,76611.0,100.0,527.74,1980.0
5835074.365,76611.0,100.0,484.14,1980.0
5835074.865,76611.0,100.0,521.16,1965.0
5835075.365,76611.0,100.0,527.32,1980.0
5835075.865,76611.0,100.0,484.67,1980.0
5835076.365,76611.0,100.0,514.77,1935.0
5835076.866,76611.0,100.0,521.13,1980.0
5835077.366,76611.0,100.0,486.76,1980.0
5835077.866,76611.0,100.0,522.84,1935.0
5835078.366,76611.0,100.0,527.75,1980.0
5835078.866,76611.0,100.0,485.28,1980.0
5835079.367,76611.0,100.0,522.38,1965.0
5835079.867,76611.0,100.0,529.4,1980.0
5835080.367,76611.0,100.0,486.61,1980.0
5835080.867,76611.0,100.0,524.13,1935.0
5835081.367,76611.0,100.0,528.77,1980.0
5835081.868,76611.0,100.0,484.41,1980.0
5835082.368,76611.0,94.0,519.33,1965.0
5835082.868,76611.0,100.0,527.6,1980.0
5835083.368,76611.0,100.0,484.61,1980.0
5835083.868,76611.0,100.0,519.49,1920.0
5835084.369,76611.0,100.0,527.29,1980.0
5835084.869,76611.0,100.0,486.63,1980.0
5835085.369,76611.0,91.0,522.28,1965.0
5835085.869,76611.0,100.0,528.43,1980.0
5835086.370,76611.0,100.0,486.12,1980.0
5835086.870,76611.0,100.0,524.88,1965.0
5835087.370,76611.0,100.0,529.99,1980.0
5835087.870,76611.0,100.0,484.6,1980.0
5835088.370,76611.0,91.0,521.83,1965.0
5835088.871,76611.0,100.0,526.03,1980.0
5835089.371,76611.0,100.0,485.01,1980.0
5835089.871,76611.0,100.0,524.19,1965.0
5835090.371,76611.0,100.0,530.88,1980.0
5835090.871,76611.0,100.0,486.37,1980.0
5835091.371,76611.0,90.0,520.25,1860.0
5835091.871,76611.0,100.0,524.6,1980.0
5835092.372,76611.0,100.0,485.31,1980.0
5835092.872,76611.0,91.0,518.88,1620.0
5835093.372,76611.0,100.0,521.26,1980.0
5835093.872,76611.0,100.0,488.08,1980.0
5835094.372,76611.0,100.0,496.87,1815.0
5835094.872,76611.0,100.0,517.29,1965.0
5835095.373,76611.0,100.0,511.67,1980.0
5835095.873,76611.0,100.0,474.13,1980.0
5835096.373,76611.0,100.0,520.66,1965.0
5835096.873,76611.0,100.0,534.68,1980.0
5835097.373,76611.0,100.0,478.88,1980.0
5835097.873,76611.0,100.0,518.6,1965.0
5835098.373,76611.0,100.0,532.34,1980.0
5835098.874,76611.0,100.0,482.67,1980.0
5835099.376,76611.0,90.0,520.91,1965.0
5835099.874,76611.0,100.0,527.97,1980.0
5835100.374,76611.0,100.0,487.5,1980.0
5835100.874,76611.0,94.0,515.94,1890.0
5835101.374,76611.0,100.0,524.46,1980.0
5835101.874,76611.0,100.0,498.17,1980.0
5835102.375,76611.0,100.0,489.84,1785.0
5835102.875,76611.0,100.0,518.76,1980.0
5835103.375,76611.0,100.0,518.21,1980.0
5835103.875,76611.0,100.0,477.92,1725.0
5835104.375,76611.0,100.0,521.73,1965.0
5835104.876,76611.0,100.0,533.8,1980.0
5835105.376,76611.0,100.0,477.5,1980.0
5835105.876,76611.0,100.0,521.16,1965.0
5835106.376,76611.0,100.0,533.22,1980.0
5835106.876,76611.0,100.0,480.42,1980.0
5835107.376,76611.0,100.0,515.79,1965.0
5835107.876,76611.0,100.0,525.71,1980.0
5835108.376,76611.0,100.0,487.21,1980.0
5835108.877,76611.0,100.0,522.98,1950.0
5835109.377,76611.0,100.0,524.82,1980.0
5835109.877,76611.0,100.0,486.21,1980.0
5835110.377,76611.0,100.0,505.27,1830.0
5835110.877,76611.0,100.0,518.96,1980.0
5835111.377,76611.0,100.0,506.45,1980.0
5835111.878,76611.0,100.0,482.67,1800.0
5835112.378,76611.0,100.0,526.5,1980.0
5835112.878,76611.0,100.0,538.77,1980.0
5835113.378,76611.0,100.0,480.84,1980.0
5835113.878,76611.0,100.0,522.32,1965.0
5835114.378,76611.0,100.0,541.08,1980.0
5835114.878,76611.0,100.0,486.41,1980.0
5835115.379,76611.0,100.0,518.95,1965.0
5835115.879,76611.0,100.0,530.3,1980.0
5835116.379,76611.0,100.0,485.16,1980.0
5835116.879,76611.0,100.0,527.18,1860.0
5835117.379,76611.0,100.0,534.8,1980.0
5835117.879,76611.0,100.0,484.97,1980.0
5835118.380,76611.0,89.0,519.99,1650.0
5835118.880,76611.0,100.0,528.21,1980.0
5835119.380,76611.0,100.0,489.02,1980.0
5835119.880,76611.0,90.0,508.02,1800.0
5835120.380,76611.0,100.0,523.86,1980.0
5835120.881,76611.0,100.0,509.38,1980.0
5835121.381,76611.0,100.0,485.74,1980.0
5835121.881,76611.0,100.0,521.29,1965.0
5835122.381,76611.0,100.0,528.72,1980.0
5835122.881,76611.0,100.0,481.65,1980.0
5835123.382,76611.0,100.0,513.21,1815.0
5835123.882,76611.0,100.0,527.78,1980.0
5835124.382,76611.0,100.0,483.17,1980.0
5835124.882,76611.0,100.0,470.0,1980.0
5835125.382,76611.0,100.0,520.54,1965.0
5835125.883,76611.0,100.0,525.75,1980.0
5835126.383,76611.0,100.0,475.04,1980.0
5835126.883,76611.0,90.0,491.95,1950.0
5835127.383,76611.0,100.0,524.42,1965.0
5835127.883,76611.0,100.0,511.43,1980.0
5835128.384,76611.0,100.0,471.09,1980.0
5835128.884,76611.0,100.0,514.97,1665.0
5835129.384,76611.0,100.0,524.93,1980.0
5835129.884,76611.0,100.0,483.27,1980.0
5835130.384,76611.0,100.0,469.29,1980.0
5835130.885,76611.0,100.0,517.56,1875.0
5835131.385,76611.0,100.0,527.72,1980.0
5835131.885,76611.0,100.0,478.21,1980.0
5835132.385,76611.0,100.0,466.05,1980.0
5835132.885,76611.0,100.0,520.84,1965.0
5835133.386,76611.0,100.0,527.47,1980.0
5835133.886,76611.0,100.0,476.08,1980.0
5835134.386,76611.0,100.0,514.79,1830.0
5835134.886,76611.0,100.0,526.17,1980.0
5835135.386,76611.0,100.0,481.93,1980.0
5835135.887,76611.0,100.0,469.7,1980.0
5835136.387,76611.0,100.0,520.84,1965.0
5835136.887,76611.0,100.0,528.66,1980.0
5835137.387,76611.0,100.0,476.82,1980.0
5835137.887,76611.0,100.0,511.93,1710.0
5835138.388,76611.0,100.0,522.96,1980.0
5835138.888,76611.0,100.0,480.36,1980.0
5835139.388,76611.0,100.0,469.02,1980.0
5835139.888,76611.0,100.0,516.59,1965.0
5835140.388,76611.0,100.0,528.86,1980.0
5835140.892,76611.0,100.0,479.79,1980.0
5835141.389,76611.0,95.0,498.25,1725.0
5835141.889,76611.0,100.0,521.27,1980.0
5835142.389,76611.0,100.0,494.39,1980.0
5835142.889,76611.0,100.0,472.46,1980.0
5835143.390,76611.0,100.0,513.99,1965.0
5835143.890,76611.0,100.0,524.71,1980.0
5835144.390,76611.0,100.0,480.44,1980.0
5835144.890,76611.0,89.0,470.42,1980.0
5835145.391,76611.0,100.0,520.02,1965.0
5835145.891,76611.0,100.0,524.07,1980.0
5835146.391,76611.0,100.0,475.13,1980.0
5835146.891,76611.0,100.0,516.66,1890.0
5835147.391,76611.0,100.0,530.3,1980.0
5835147.892,76611.0,100.0,481.23,1980.0
5835148.392,76611.0,100.0,467.81,1980.0
5835148.892,76611.0,100.0,524.13,1965.0
5835149.392,76611.0,100.0,530.32,1980.0
5835149.892,76611.0,100.0,475.88,1980.0
5835150.393,76611.0,91.0,517.99,1680.0
5835150.893,76611.0,100.0,530.83,1980.0
5835151.393,76611.0,100.0,484.26,1980.0
5835151.893,76611.0,89.0,470.77,1980.0
5835152.394,76611.0,100.0,521.86,1965.0
5835152.894,76611.0,100.0,532.36,1980.0
5835153.394,76611.0,100.0,479.44,1980.0
5835153.894,76611.0,100.0,517.1,1965.0
5835154.394,76611.0,100.0,532.04,1980.0
5835154.894,76611.0,100.0,482.86,1980.0
5835155.395,76611.0,91.0,505.73,1770.0
5835155.895,76611.0,100.0,525.8,1980.0
5835156.395,76611.0,100.0,502.35,1980.0
5835156.895,76611.0,100.0,475.2,1980.0
5835157.395,76611.0,100.0,517.68,1965.0
5835157.896,76611.0,100.0,529.61,1980.0
5835158.396,76611.0,100.0,618.79,1695.0
5835158.896,76611.0,100.0,706.14,1275.0
5835159.396,76611.0,100.0,688.72,1545.0
5835159.896,76611.0,100.0,694.73,1440.0
5835160.397,76611.0,100.0,700.12,1455.0
5835160.897,76611.0,100.0,701.77,1560.0
5835161.397,76611.0,100.0,694.71,1500.0
5835161.897,76611.0,100.0,696.0,1515.0
5835162.398,76611.0,100.0,697.99,1425.0
5835162.898,76611.0,100.0,697.32,1425.0
5835163.398,76611.0,100.0,688.46,1515.0
5835163.898,76611.0,100.0,692.94,1470.0
5835164.398,76611.0,100.0,695.47,1605.0
5835164.899,76611.0,100.0,690.93,1470.0
5835165.399,76611.0,100.0,689.94,1665.0
5835165.899,76611.0,100.0,691.93,1455.0
5835166.399,76611.0,100.0,697.65,1590.0
5835166.899,76611.0,100.0,697.34,1380.0
5835167.400,76611.0,100.0,693.23,1665.0
5835167.900,76611.0,100.0,699.76,1320.0
5835168.400,76611.0,100.0,694.35,1575.0
5835168.900,76611.0,100.0,691.21,1380.0
5835169.401,76611.0,100.0,699.74,1665.0
5835169.901,76611.0,100.0,700.91,1335.0
5835170.401,76611.0,100.0,694.36,1665.0
5835170.901,76611.0,100.0,688.75,1365.0
5835171.401,76611.0,100.0,694.9,1530.0
5835171.902,76611.0,100.0,688.24,1500.0
5835172.402,76611.0,100.0,697.25,1425.0
5835172.902,76611.0,100.0,693.42,1545.0
5835173.402,76611.0,100.0,694.14,1440.0
5835173.902,76611.0,100.0,692.74,1590.0
5835174.402,76611.0,100.0,695.89,1500.0
5835174.903,76611.0,100.0,695.54,1590.0
5835175.403,76611.0,100.0,695.57,1470.0
5835175.903,76611.0,100.0,698.47,1605.0
5835176.403,76611.0,100.0,692.11,1485.0
5835176.903,76611.0,100.0,691.8,1560.0
5835177.403,76611.0,100.0,696.19,1350.0
5835177.903,76611.0,100.0,695.48,1650.0
5835178.404,76611.0,100.0,696.16,1335.0
5835178.904,76611.0,100.0,695.85,1575.0
5835179.404,76611.0,100.0,691.71,1425.0
5835179.904,76611.0,100.0,695.91,1590.0
5835180.404,76611.0,100.0,694.47,1410.0
5835180.905,76611.0,100.0,697.23,1425.0
5835181.405,76611.0,100.0,660.74,1980.0
5835181.905,76611.0,100.0,640.3,1980.0
5835182.405,76611.0,100.0,650.45,1980.0
5835182.905,76611.0,100.0,650.73,1980.0
5835183.405,76611.0,100.0,652.17,1980.0
5835183.906,76611.0,100.0,654.5,1980.0
5835184.406,76611.0,100.0,654.61,1980.0
5835184.906,76611.0,100.0,636.04,1980.0
5835185.406,76611.0,0.0,455.16,1980.0
5835185.906,76611.0,0.0,207.35,1980.0
5835186.406,76611.0,0.0,121.75,1980.0
5835186.906,76611.0,100.0,339.61,1590.0
5835187.412,76611.0,100.0,650.77,1455.0
5835187.907,76611.0,100.0,658.62,1920.0
5835188.407,76611.0,92.0,565.05,1575.0
5835188.907,76611.0,100.0,518.87,1980.0
5835189.408,76611.0,98.0,530.48,1950.0
5835189.908,76611.0,100.0,540.45,1980.0
5835190.408,76611.0,100.0,540.35,1890.0
5835190.908,76611.0,100.0,540.01,1980.0
5835191.408,76611.0,100.0,535.09,1965.0
5835191.909,76611.0,100.0,531.16,1980.0
5835192.409,76611.0,100.0,537.03,1965.0
5835192.909,76611.0,100.0,541.03,1980.0
5835193.409,76611.0,100.0,541.55,1965.0
5835193.909,76611.0,100.0,540.2,1980.0
5835194.410,76611.0,100.0,541.36,1965.0
5835194.910,76611.0,100.0,541.24,1980.0
5835195.414,76611.0,100.0,534.41,1965.0
5835195.910,76611.0,100.0,533.01,1980.0
5835196.410,76611.0,100.0,535.78,1965.0
5835196.911,76611.0,100.0,531.56,1980.0
5835197.411,76611.0,100.0,536.05,1965.0
5835197.911,76611.0,100.0,545.54,1980.0
5835198.411,76611.0,100.0,533.27,1965.0
5835198.911,76611.0,100.0,544.92,1815.0
5835199.412,76611.0,100.0,539.63,1965.0
5835199.912,76611.0,100.0,545.88,1860.0
5835200.412,76611.0,100.0,528.17,1980.0
5835200.912,76611.0,100.0,550.99,1815.0
5835201.412,76611.0,100.0,543.67,1980.0
5835201.912,76611.0,93.0,554.06,1650.0
5835202.413,76611.0,100.0,542.96,1980.0
5835202.913,76611.0,91.0,543.29,1590.0
5835203.413,76611.0,100.0,543.96,1980.0
5835203.913,76611.0,93.0,559.6,1950.0
5835204.414,76611.0,100.0,543.97,1980.0
5835204.914,76611.0,100.0,540.59,1950.0
5835205.414,76611.0,100.0,541.63,1980.0
5835205.914,76611.0,100.0,539.38,1965.0
5835206.414,76611.0,100.0,537.8,1980.0
5835206.915,76611.0,100.0,541.98,1965.0
5835207.415,76611.0,100.0,543.88,1980.0
5835207.915,76611.0,100.0,536.74,1965.0
5835208.415,76611.0,100.0,538.11,1980.0
5835208.915,76611.0,92.0,530.8,1710.0
5835209.416,76611.0,100.0,534.78,1980.0
5835209.917,76611.0,100.0,512.04,1845.0
5835210.416,76611.0,100.0,535.37,1980.0
5835210.916,76611.0,100.0,531.19,1770.0
5835211.416,76611.0,100.0,536.42,1980.0
5835211.917,76611.0,100.0,537.21,1980.0
5835212.417,76611.0,100.0,532.97,1965.0
5835212.917,76611.0,100.0,534.2,1980.0
5835213.417,76611.0,100.0,533.69,1965.0
5835213.917,76611.0,100.0,535.48,1980.0
5835214.417,76611.0,100.0,535.38,1965.0
5835214.918,76611.0,100.0,535.29,1980.0
5835215.418,76611.0,100.0,534.67,1935.0
5835215.918,76611.0,100.0,534.05,1980.0
5835216.418,76611.0,100.0,522.38,1605.0
5835216.918,76611.0,100.0,533.25,1980.0
5835217.418,76611.0,92.0,517.94,1665.0
5835217.918,76611.0,100.0,530.41,1965.0
5835218.419,76611.0,100.0,514.05,1980.0
5835218.919,76611.0,100.0,532.02,1965.0
5835219.419,76611.0,100.0,532.71,1980.0
5835219.919,76611.0,100.0,532.66,1965.0
5835220.419,76611.0,100.0,534.9,1980.0
5835220.919,76611.0,100.0,531.59,1965.0
5835221.419,76611.0,100.0,531.64,1980.0
5835221.920,76611.0,100.0,531.93,1950.0
5835222.420,76611.0,100.0,533.93,1980.0
5835222.920,76611.0,100.0,537.22,1830.0
5835223.420,76611.0,100.0,536.47,1980.0
5835223.920,76611.0,93.0,534.82,1605.0
5835224.420,76611.0,100.0,538.91,1980.0
5835224.920,76611.0,100.0,515.97,1935.0
5835225.421,76611.0,100.0,535.94,1965.0
5835225.921,76611.0,100.0,529.64,1980.0
5835226.421,76611.0,100.0,535.13,1965.0
5835226.921,76611.0,100.0,536.76,1980.0
5835227.421,76611.0,100.0,533.11,1965.0
5835227.921,76611.0,100.0,533.2,1980.0
5835228.421,76611.0,100.0,532.87,1965.0
5835228.921,76611.0,100.0,534.64,1980.0
5835229.422,76611.0,100.0,538.59,1650.0
5835229.922,76611.0,100.0,533.17,1980.0
5835230.422,76611.0,93.0,501.52,1980.0
5835230.922,76611.0,100.0,542.01,1965.0
5835231.422,76611.0,100.0,528.33,1980.0
5835231.922,76611.0,100.0,522.82,1965.0
5835232.422,76611.0,100.0,522.58,1980.0
5835232.923,76611.0,93.0,534.83,1650.0
5835233.423,76611.0,100.0,536.72,1980.0
5835233.923,76611.0,100.0,486.36,1980.0
5835234.423,76611.0,100.0,530.32,1965.0
5835234.923,76611.0,100.0,538.37,1980.0
5835235.424,76611.0,100.0,539.78,1965.0
5835235.924,76611.0,100.0,540.75,1980.0
5835236.424,76611.0,100.0,534.74,1785.0
5835236.924,76611.0,100.0,536.39,1980.0
5835237.424,76611.0,93.0,508.33,1830.0
5835237.924,76611.0,100.0,529.78,1965.0
5835238.424,76611.0,100.0,524.42,1980.0
5835238.925,76611.0,100.0,525.8,1965.0
5835239.425,76611.0,100.0,520.93,1980.0
5835239.925,76611.0,100.0,527.88,1890.0
5835240.425,76611.0,100.0,528.93,1980.0
5835240.925,76611.0,100.0,523.47,1800.0
5835241.425,76611.0,100.0,530.91,1980.0
5835241.925,76611.0,100.0,495.19,1980.0
5835242.426,76611.0,100.0,536.13,1965.0
5835242.926,76611.0,100.0,544.84,1980.0
5835243.426,76611.0,100.0,533.6,1965.0
5835243.926,76611.0,100.0,525.5,1980.0
5835244.426,76611.0,100.0,528.01,1635.0
5835244.926,76611.0,100.0,530.61,1980.0
5835245.426,76611.0,95.0,491.47,1980.0
5835245.927,76611.0,100.0,541.15,1965.0
5835246.427,76611.0,100.0,536.33,1980.0
5835246.927,76611.0,100.0,527.04,1965.0
5835247.427,76611.0,100.0,536.91,1980.0
5835247.927,76611.0,93.0,532.04,1845.0
5835248.427,76611.0,100.0,525.85,1980.0
5835248.927,76611.0,100.0,507.16,1815.0
5835249.427,76611.0,100.0,538.98,1980.0
5835249.927,76611.0,100.0,515.39,1980.0
5835250.427,76611.0,100.0,525.87,1965.0
5835250.928,76611.0,100.0,539.67,1980.0
5835251.428,76611.0,100.0,525.99,1860.0
5835251.928,76611.0,100.0,517.8,1980.0
5835252.428,76611.0,100.0,485.44,1980.0
5835252.928,76611.0,100.0,480.95,1980.0
5835253.428,76611.0,100.0,470.73,1980.0
5835253.928,76611.0,0.0,331.42,1980.0
5835254.429,76611.0,0.0,165.87,1980.0
5835254.929,76611.0,0.0,120.06,1980.0
5835255.429,76611.0,0.0,119.61,1980.0
5835255.929,76611.0,0.0,119.39,1980.0
5835256.429,76611.0,0.0,119.22,1980.0
5835256.930,76611.0,0.0,119.02,1980.0
5835257.430,76611.0,0.0,118.91,1980.0
5835257.930,76611.0,0.0,118.82,1980.0
5835258.430,76611.0,0.0,118.68,1980.0
5835258.930,76611.0,0.0,118.57,1980.0
5835259.430,76611.0,0.0,118.48,1980.0
5835259.931,76611.0,0.0,118.33,1980.0
5835260.431,76611.0,100.0,393.36,1605.0
5835260.931,76611.0,100.0,686.77,1230.0
5835261.432,76611.0,100.0,691.28,1650.0
5835261.932,76611.0,100.0,689.15,1545.0
5835262.432,76611.0,100.0,697.76,1530.0
5835262.932,76611.0,100.0,690.66,1410.0
5835263.432,76611.0,100.0,695.23,1620.0
5835263.932,76611.0,100.0,693.58,1425.0
5835264.432,76611.0,100.0,691.83,1650.0
5835264.933,76611.0,100.0,696.56,1425.0
5835265.433,76611.0,100.0,699.0,1560.0
5835265.933,76611.0,100.0,699.1,1320.0
5835266.433,76611.0,100.0,695.19,1530.0
5835266.933,76611.0,100.0,688.92,1470.0
5835267.433,76611.0,100.0,702.0,1410.0
5835267.934,76611.0,100.0,696.03,1575.0
5835268.434,76611.0,100.0,693.35,1410.0
5835268.934,76611.0,100.0,693.57,1545.0
5835269.434,76611.0,100.0,696.63,1350.0
5835269.934,76611.0,100.0,695.88,1500.0
5835270.434,76611.0,100.0,698.02,1380.0
5835270.935,76611.0,100.0,699.28,1410.0
5835271.435,76611.0,100.0,691.67,1515.0
5835271.935,76611.0,100.0,693.07,1425.0
5835272.435,76611.0,100.0,696.71,1530.0
5835272.935,76611.0,100.0,695.09,1425.0
5835273.435,76611.0,100.0,694.73,1515.0
5835273.936,76611.0,100.0,694.62,1530.0
5835274.436,76611.0,100.0,692.96,1410.0
5835274.936,76611.0,100.0,694.87,1635.0
5835275.436,76611.0,100.0,694.36,1410.0
5835275.936,76611.0,100.0,687.41,1665.0
5835276.436,76611.0,100.0,693.69,1425.0
5835276.937,76611.0,100.0,700.3,1395.0
5835277.437,76611.0,100.0,692.61,1470.0
5835277.937,76611.0,100.0,694.6,1440.0
5835278.437,76611.0,100.0,694.6,1620.0
5835278.937,76611.0,100.0,695.21,1440.0
5835279.438,76611.0,100.0,693.33,1590.0
5835279.938,76611.0,100.0,696.72,1515.0
5835280.438,76611.0,100.0,693.1,1440.0
5835280.938,76611.0,100.0,693.79,1545.0
5835281.438,76611.0,100.0,691.5,1455.0
5835281.938,76611.0,100.0,688.56,1590.0
5835282.439,76611.0,100.0,694.6,1425.0
5835282.939,76611.0,100.0,693.6,1545.0
5835283.439,76611.0,100.0,695.13,1455.0
5835283.939,76611.0,100.0,694.49,1485.0
5835284.439,76611.0,100.0,692.95,1650.0
5835284.939,76611.0,100.0,695.23,1440.0
5835285.440,76611.0,100.0,695.04,1575.0
5835285.940,76611.0,100.0,692.75,1395.0
5835286.440,76611.0,100.0,695.61,1425.0
5835286.940,76611.0,100.0,695.9,1425.0
5835287.441,76611.0,100.0,693.07,1455.0
5835287.941,76611.0,100.0,695.93,1635.0
5835288.441,76611.0,100.0,694.03,1455.0
5835288.941,76611.0,100.0,694.13,1515.0
5835289.441,76611.0,100.0,692.59,1485.0
5835289.941,76611.0,100.0,699.27,1440.0
5835290.442,76611.0,100.0,698.02,1590.0
5835290.942,76611.0,100.0,690.5,1455.0
5835291.442,76611.0,100.0,687.16,1590.0
5835291.942,76611.0,100.0,687.84,1410.0
5835292.442,76611.0,100.0,695.45,1440.0
5835292.942,76611.0,100.0,695.03,1650.0
5835293.442,76611.0,100.0,693.12,1410.0
5835293.942,76611.0,100.0,695.93,1560.0
5835294.443,76611.0,100.0,690.19,1470.0
5835294.943,76611.0,100.0,691.07,1425.0
5835295.443,76611.0,100.0,694.42,1530.0
5835295.943,76611.0,100.0,690.12,1425.0
5835296.443,76611.0,100.0,693.87,1605.0
5835296.943,76611.0,100.0,690.02,1530.0
5835297.443,76611.0,100.0,690.71,1455.0
5835297.944,76611.0,100.0,694.81,1410.0
5835298.444,76611.0,100.0,680.64,1965.0
5835298.944,76611.0,100.0,670.11,1980.0
5835299.444,76611.0,100.0,669.51,1980.0
5835299.944,76611.0,100.0,668.84,1980.0
5835300.444,76611.0,100.0,667.33,1980.0
5835300.944,76611.0,100.0,667.58,1980.0
5835301.444,76611.0,100.0,668.39,1980.0
5835301.945,76611.0,100.0,669.41,1980.0
5835302.445,76611.0,100.0,667.65,1980.0
5835302.945,76611.0,100.0,667.62,1980.0
5835303.445,76611.0,100.0,668.51,1980.0
5835303.945,76611.0,100.0,667.39,1980.0
5835304.445,76611.0,100.0,668.55,1980.0
5835304.945,76611.0,100.0,668.37,1980.0
5835305.445,76611.0,100.0,668.21,1980.0
5835305.946,76611.0,100.0,668.35,1980.0
5835306.446,76611.0,100.0,668.31,1980.0
5835306.946,76611.0,100.0,669.14,1980.0
5835307.446,76611.0,100.0,667.94,1980.0
5835307.946,76611.0,100.0,668.94,1980.0
5835308.446,76611.0,100.0,668.21,1980.0
5835308.946,76611.0,100.0,667.9,1980.0
5835309.447,76611.0,100.0,669.6,1980.0
5835309.947,76611.0,100.0,669.01,1980.0
5835310.447,76611.0,100.0,669.5,1980.0
5835310.947,76611.0,100.0,668.01,1980.0
5835311.447,76611.0,100.0,667.32,1980.0
5835311.947,76611.0,100.0,668.45,1980.0
5835312.447,76611.0,100.0,668.35,1980.0
5835312.948,76611.0,100.0,668.5,1980.0
5835313.448,76611.0,100.0,667.15,1980.0
5835313.948,76611.0,100.0,668.08,1980.0
5835314.448,76611.0,100.0,671.16,1980.0
5835314.948,76611.0,100.0,669.96,1980.0
5835315.448,76611.0,100.0,666.48,1980.0
5835315.948,76611.0,100.0,664.77,1980.0
5835316.448,76611.0,100.0,668.76,1980.0
5835316.948,76611.0,100.0,670.82,1980.0
5835317.449,76611.0,100.0,667.47,1980.0
5835317.949,76611.0,100.0,666.96,1980.0
5835318.449,76611.0,100.0,669.2,1980.0
5835318.949,76611.0,100.0,668.32,1980.0
5835319.449,76611.0,100.0,668.93,1980.0
5835319.949,76611.0,100.0,669.25,1980.0
5835320.449,76611.0,100.0,668.33,1980.0
5835320.950,76611.0,100.0,669.65,1980.0
5835321.450,76611.0,100.0,669.98,1980.0
5835321.950,76611.0,100.0,663.88,1980.0
5835322.450,76611.0,100.0,668.92,1980.0
5835322.950,76611.0,100.0,674.67,1980.0
5835323.450,76611.0,100.0,670.13,1980.0
5835323.950,76611.0,100.0,673.92,1980.0
5835324.450,76611.0,100.0,670.83,1980.0
5835324.951,76611.0,100.0,669.55,1980.0
5835325.451,76611.0,100.0,671.68,1980.0
5835325.951,76611.0,100.0,668.02,1980.0
5835326.451,76611.0,100.0,669.77,1980.0
5835326.951,76611.0,100.0,668.59,1980.0
5835327.451,76611.0,100.0,666.67,1980.0
5835327.952,76611.0,100.0,666.91,1980.0
5835328.452,76611.0,100.0,666.0,1980.0
5835328.952,76611.0,100.0,667.46,1980.0
5835329.452,76611.0,100.0,668.12,1980.0
5835329.952,76611.0,100.0,667.35,1980.0
5835330.452,76611.0,100.0,668.74,1980.0
5835330.952,76611.0,100.0,670.16,1980.0
5835331.452,76611.0,100.0,671.17,1980.0
5835331.953,76611.0,100.0,670.53,1980.0
5835332.453,76611.0,100.0,669.41,1980.0
5835332.953,76611.0,100.0,669.12,1980.0
5835333.453,76611.0,100.0,667.04,1980.0
5835333.953,76611.0,100.0,666.88,1980.0
5835334.453,76611.0,100.0,668.3,1980.0
5835334.953,76611.0,100.0,668.58,1980.0
5835335.454,76611.0,100.0,670.53,1980.0
5835335.954,76611.0,100.0,653.85,1980.0
5835336.454,76611.0,26.0,492.23,1980.0
5835336.954,76611.0,0.0,240.24,1980.0
5835337.454,76611.0,0.0,121.42,1980.0
5835337.955,76611.0,0.0,120.88,1980.0
5835338.461,76611.0,0.0,120.5,1980.0
5835338.955,76611.0,0.0,120.21,1980.0
5835339.455,76611.0,0.0,178.49,1980.0
5835339.955,76611.0,100.0,384.48,1965.0
5835340.456,76611.0,100.0,503.68,1980.0
5835340.956,76611.0,99.0,467.96,1980.0
5835341.456,76611.0,100.0,524.59,1965.0
5835341.956,76611.0,100.0,539.79,1980.0
5835342.456,76611.0,100.0,496.21,1980.0
5835342.957,76611.0,100.0,564.31,1965.0
5835343.457,76611.0,100.0,577.71,1980.0
5835343.957,76611.0,100.0,521.22,1980.0
5835344.457,76611.0,100.0,572.3,1965.0
5835344.957,76611.0,100.0,586.06,1980.0
5835345.457,76611.0,100.0,549.27,1980.0
5835345.957,76611.0,100.0,596.7,1905.0
5835346.458,76611.0,100.0,603.82,1980.0
5835346.958,76611.0,100.0,568.71,1980.0
5835347.458,76611.0,100.0,615.35,1605.0
5835347.958,76611.0,100.0,622.17,1980.0
5835348.458,76611.0,100.0,591.01,1980.0
5835348.958,76611.0,100.0,621.74,1590.0
5835349.458,76611.0,100.0,611.78,1980.0
5835349.958,76611.0,100.0,578.11,1980.0
5835350.459,76611.0,96.0,595.51,1785.0
5835350.959,76611.0,100.0,629.21,1965.0
5835351.459,76611.0,100.0,632.24,1980.0
5835351.959,76611.0,95.0,624.42,1980.0
5835352.459,76611.0,100.0,637.66,1965.0
5835352.959,76611.0,100.0,632.58,1980.0
5835353.459,76611.0,100.0,610.84,1980.0
5835353.960,76611.0,100.0,640.11,1965.0
5835354.460,76611.0,100.0,661.19,1980.0
5835354.960,76611.0,100.0,657.81,1980.0
5835355.460,76611.0,100.0,677.44,1935.0
5835355.960,76611.0,100.0,680.24,1980.0
5835356.461,76611.0,100.0,668.79,1980.0
5835356.961,76611.0,97.0,682.64,1560.0
5835357.461,76611.0,100.0,657.97,1980.0
5835357.961,76611.0,100.0,629.32,1980.0
5835358.461,76611.0,97.0,655.06,1590.0
5835358.961,76611.0,100.0,662.05,1965.0
5835359.462,76611.0,100.0,650.86,1980.0
5835359.962,76611.0,100.0,661.29,1980.0
5835360.462,76611.0,100.0,671.92,1965.0
5835360.962,76611.0,100.0,661.75,1980.0
5835361.463,76611.0,100.0,651.68,1980.0
5835361.963,76611.0,100.0,664.88,1965.0
5835362.464,76611.0,100.0,657.57,1980.0
5835362.964,76611.0,100.0,634.91,1980.0
5835363.464,76611.0,100.0,668.9,1965.0
5835363.964,76611.0,100.0,695.18,1800.0
5835364.464,76611.0,100.0,693.63,1965.0
5835364.964,76611.0,98.0,691.34,1470.0
5835365.465,76611.0,100.0,662.33,1980.0
5835365.965,76611.0,100.0,658.04,1980.0
5835366.465,76611.0,99.0,691.86,1440.0
5835366.965,76611.0,100.0,674.98,1980.0
5835367.465,76611.0,100.0,650.85,1980.0
5835367.966,76611.0,100.0,675.22,1740.0
5835368.466,76611.0,100.0,683.43,1965.0
5835368.966,76611.0,100.0,680.53,1980.0
5835369.466,76611.0,100.0,679.7,1980.0
5835369.966,76611.0,100.0,690.2,1545.0
5835370.466,76611.0,100.0,681.15,1980.0
5835370.967,76611.0,100.0,670.38,1980.0
5835371.467,76611.0,100.0,684.15,1980.0
5835371.967,76611.0,100.0,683.69,1980.0
5835372.467,76611.0,100.0,682.32,1980.0
5835372.967,76611.0,100.0,679.54,1980.0
5835373.467,76611.0,100.0,674.15,1980.0
5835373.967,76611.0,100.0,668.21,1980.0
5835374.467,76611.0,100.0,663.88,1980.0
5835374.968,76611.0,100.0,661.65,1980.0
5835375.468,76611.0,100.0,661.24,1980.0
5835375.968,76611.0,100.0,663.9,1980.0
5835376.468,76611.0,100.0,682.04,1980.0
5835376.968,76611.0,100.0,694.55,1875.0
5835377.468,76611.0,100.0,694.79,1965.0
5835377.968,76611.0,100.0,695.08,1875.0
5835378.468,76611.0,100.0,692.98,1965.0
5835378.969,76611.0,100.0,671.63,1980.0
5835379.469,76611.0,100.0,642.61,1980.0
5835379.969,76611.0,100.0,640.79,1980.0
5835380.469,76611.0,100.0,642.01,1980.0
5835380.969,76611.0,100.0,641.94,1980.0
5835381.469,76611.0,100.0,647.73,1980.0
5835381.969,76611.0,100.0,653.46,1980.0
5835382.469,76611.0,100.0,654.38,1980.0
5835382.970,76611.0,100.0,654.57,1980.0
5835383.470,76611.0,100.0,654.49,1980.0
5835383.970,76611.0,100.0,659.6,1980.0
5835384.470,76611.0,100.0,662.36,1980.0
5835384.970,76611.0,100.0,655.39,1980.0
5835385.470,76611.0,100.0,643.7,1980.0
5835385.970,76611.0,100.0,637.11,1980.0
5835386.470,76611.0,100.0,638.21,1980.0
5835386.971,76611.0,100.0,649.25,1980.0
5835387.471,76611.0,100.0,666.22,1980.0
5835387.971,76611.0,100.0,674.44,1980.0
5835388.471,76611.0,100.0,668.64,1980.0
5835388.971,76611.0,100.0,661.17,1980.0
5835389.471,76611.0,100.0,658.89,1980.0
5835389.971,76611.0,100.0,634.83,1980.0
5835390.471,76611.0,100.0,611.31,1980.0
5835390.972,76611.0,100.0,615.2,1980.0
5835391.472,76611.0,100.0,625.1,1980.0
5835391.972,76611.0,100.0,626.64,1980.0
5835392.472,76611.0,100.0,599.86,1980.0
5835392.972,76611.0,100.0,581.12,1980.0
5835393.472,76611.0,100.0,590.58,1980.0
5835393.972,76611.0,100.0,593.51,1980.0
5835394.472,76611.0,100.0,584.22,1980.0
5835394.972,76611.0,100.0,568.84,1980.0
5835395.472,76611.0,100.0,554.36,1980.0
5835395.972,76611.0,100.0,533.38,1980.0
5835396.473,76611.0,100.0,511.99,1980.0
5835396.973,76611.0,100.0,496.72,1980.0
5835397.473,76611.0,0.0,395.08,1980.0
5835397.974,76611.0,0.0,215.92,1980.0
5835398.474,76611.0,0.0,120.56,1980.0
5835398.974,76611.0,0.0,120.08,1980.0
5835399.474,76611.0,0.0,119.75,1980.0
5835399.975,76611.0,0.0,119.57,1980.0
5835400.474,76611.0,0.0,119.39,1980.0
5835400.974,76611.0,0.0,119.16,1980.0
5835401.474,76611.0,0.0,119.01,1980.0
5835401.975,76611.0,0.0,118.9,1980.0
5835402.475,76611.0,0.0,118.76,1980.0
5835402.975,76611.0,0.0,118.6,1980.0
5835403.475,76611.0,0.0,118.55,1980.0
5835403.975,76611.0,100.0,336.56,1575.0
5835404.476,76611.0,100.0,650.63,1455.0
5835404.976,76611.0,100.0,694.45,1455.0
5835405.476,76611.0,100.0,692.92,1320.0
5835405.976,76611.0,100.0,696.47,1620.0
5835406.476,76611.0,100.0,690.17,1455.0
5835406.976,76611.0,100.0,697.28,1515.0
5835407.477,76611.0,100.0,698.65,1320.0
5835407.977,76611.0,100.0,698.91,1410.0
5835408.477,76611.0,100.0,690.77,1455.0
5835408.977,76611.0,100.0,698.04,1410.0
5835409.477,76611.0,100.0,691.91,1605.0
5835409.978,76611.0,100.0,693.03,1500.0
5835410.478,76611.0,100.0,692.18,1635.0
5835410.978,76611.0,100.0,696.45,1500.0
5835411.478,76611.0,100.0,696.29,1425.0
5835411.978,76611.0,100.0,693.97,1470.0
5835412.479,76611.0,100.0,694.96,1395.0
5835412.979,76611.0,100.0,694.16,1545.0
5835413.479,76611.0,100.0,694.82,1470.0
5835413.979,76611.0,100.0,694.92,1575.0
5835414.479,76611.0,100.0,699.27,1470.0
5835414.979,76611.0,100.0,699.94,1425.0
5835415.480,76611.0,100.0,695.35,1470.0
5835415.980,76611.0,100.0,691.76,1410.0
5835416.480,76611.0,100.0,694.21,1545.0
5835416.980,76611.0,100.0,698.64,1485.0
5835417.480,76611.0,100.0,689.4,1620.0
5835417.981,76611.0,100.0,694.46,1425.0
5835418.481,76611.0,100.0,695.5,1500.0
5835418.981,76611.0,100.0,695.23,1395.0
5835419.481,76611.0,100.0,695.57,1485.0
5835419.981,76611.0,100.0,694.43,1470.0
5835420.481,76611.0,100.0,694.16,1455.0
5835420.982,76611.0,100.0,689.41,1605.0
5835421.482,76611.0,100.0,697.5,1410.0
5835421.982,76611.0,100.0,694.19,1515.0
5835422.482,76611.0,100.0,691.99,1485.0
5835422.982,76611.0,100.0,691.46,1425.0
5835423.482,76611.0,100.0,690.13,1635.0
5835423.983,76611.0,100.0,694.07,1455.0
5835424.483,76611.0,100.0,694.87,1455.0
5835424.983,76611.0,100.0,695.75,1485.0
5835425.483,76611.0,100.0,695.17,1485.0
5835425.984,76611.0,100.0,694.57,1560.0
5835426.484,76611.0,100.0,697.56,1470.0
5835426.984,76611.0,100.0,687.84,1665.0
5835427.484,76611.0,100.0,693.2,1425.0
5835427.984,76611.0,100.0,695.45,1410.0
5835428.485,76611.0,100.0,693.47,1410.0
5835428.985,76611.0,100.0,695.6,1455.0
5835429.485,76611.0,100.0,692.73,1590.0
5835429.985,76611.0,100.0,695.92,1425.0
5835430.485,76611.0,100.0,691.84,1635.0
5835430.986,76611.0,100.0,695.16,1470.0
5835431.486,76611.0,100.0,697.98,1395.0
5835431.986,76611.0,100.0,693.43,1590.0
5835432.486,76611.0,100.0,699.94,1455.0
5835432.986,76611.0,100.0,695.12,1545.0
5835433.486,76611.0,100.0,691.55,1485.0
5835433.987,76611.0,100.0,701.48,1425.0
5835434.487,76611.0,100.0,695.68,1485.0
5835434.987,76611.0,100.0,692.86,1410.0
5835435.487,76611.0,100.0,695.91,1605.0
5835435.987,76611.0,100.0,698.71,1380.0
5835436.487,76611.0,100.0,695.98,1530.0
5835436.987,76611.0,100.0,692.99,1455.0
5835437.488,76611.0,100.0,698.31,1425.0
5835437.988,76611.0,100.0,694.5,1515.0
5835438.488,76611.0,100.0,696.51,1410.0
5835438.988,76611.0,100.0,689.47,1650.0
5835439.488,76611.0,100.0,688.8,1440.0
5835439.988,76611.0,100.0,691.89,1455.0
5835440.488,76611.0,100.0,693.77,1515.0
5835440.989,76611.0,100.0,694.22,1455.0
5835441.489,76611.0,100.0,692.36,1635.0
5835441.989,76611.0,100.0,670.85,1965.0
5835442.489,76611.0,100.0,658.26,1980.0
5835442.989,76611.0,100.0,667.62,1980.0
5835443.489,76611.0,100.0,668.45,1980.0
5835443.989,76611.0,100.0,671.09,1980.0
5835444.489,76611.0,100.0,670.24,1980.0
5835444.990,76611.0,100.0,669.11,1980.0
5835445.490,76611.0,100.0,669.41,1980.0
5835445.990,76611.0,100.0,668.9,1980.0
5835446.490,76611.0,100.0,668.11,1980.0
5835446.990,76611.0,100.0,668.68,1980.0
5835447.490,76611.0,100.0,668.39,1980.0
5835447.990,76611.0,100.0,668.59,1980.0
5835448.490,76611.0,100.0,670.18,1980.0
5835448.991,76611.0,100.0,669.46,1980.0
5835449.491,76611.0,100.0,669.6,1980.0
5835449.991,76611.0,100.0,669.37,1980.0
5835450.491,76611.0,100.0,668.87,1980.0
5835450.991,76611.0,100.0,668.9,1980.0
5835451.491,76611.0,100.0,668.23,1980.0
5835451.991,76611.0,100.0,669.48,1980.0
5835452.492,76611.0,100.0,670.03,1980.0
5835452.992,76611.0,100.0,667.96,1980.0
5835453.492,76611.0,100.0,667.95,1980.0
5835453.992,76611.0,100.0,669.84,1980.0
5835454.492,76611.0,100.0,668.91,1980.0
5835454.992,76611.0,100.0,667.98,1980.0
5835455.492,76611.0,100.0,668.2,1980.0
5835455.992,76611.0,100.0,667.45,1980.0
5835456.493,76611.0,100.0,666.36,1980.0
5835456.993,76611.0,100.0,668.0,1980.0
5835457.493,76611.0,100.0,670.15,1980.0
5835457.993,76611.0,100.0,668.84,1980.0
5835458.493,76611.0,100.0,668.04,1980.0
5835458.994,76611.0,100.0,669.07,1980.0
5835459.494,76611.0,100.0,668.07,1980.0
5835459.994,76611.0,100.0,671.29,1980.0
5835460.494,76611.0,100.0,672.95,1980.0
5835460.994,76611.0,100.0,672.83,1980.0
5835461.494,76611.0,100.0,667.33,1980.0
5835461.994,76611.0,100.0,665.87,1980.0
5835462.494,76611.0,100.0,667.07,1980.0
5835462.994,76611.0,100.0,664.69,1980.0
5835463.494,76611.0,100.0,668.59,1980.0
5835463.995,76611.0,100.0,669.37,1980.0
5835464.495,76611.0,100.0,670.81,1980.0
5835464.995,76611.0,100.0,670.31,1980.0
5835465.495,76611.0,100.0,666.33,1980.0
5835465.995,76611.0,100.0,669.63,1980.0
5835466.495,76611.0,100.0,675.15,1980.0
5835466.995,76611.0,100.0,676.13,1980.0
5835467.495,76611.0,100.0,674.32,1980.0
5835467.996,76611.0,100.0,664.43,1980.0
5835468.496,76611.0,100.0,664.13,1980.0
5835468.996,76611.0,100.0,668.83,1980.0
5835469.496,76611.0,100.0,666.2,1980.0
5835469.996,76611.0,100.0,668.29,1980.0
5835470.496,76611.0,100.0,670.44,1980.0
5835470.997,76611.0,100.0,668.92,1980.0
5835471.497,76611.0,100.0,669.62,1980.0
5835471.997,76611.0,100.0,668.48,1980.0
5835472.497,76611.0,100.0,668.72,1980.0
5835472.997,76611.0,100.0,669.88,1980.0
5835473.497,76611.0,100.0,668.88,1980.0
5835473.997,76611.0,100.0,668.95,1980.0
5835474.497,76611.0,100.0,668.83,1980.0
5835474.998,76611.0,100.0,668.18,1980.0
5835475.498,76611.0,100.0,667.42,1980.0
5835475.998,76611.0,100.0,667.78,1980.0
5835476.498,76611.0,100.0,667.34,1980.0
5835476.998,76611.0,100.0,669.14,1980.0
5835477.498,76611.0,100.0,669.0,1980.0
5835477.998,76611.0,100.0,668.64,1980.0
5835478.498,76611.0,100.0,673.13,1980.0
5835478.999,76611.0,100.0,674.29,1980.0
5835479.499,76611.0,100.0,653.19,1980.0
5835479.999,76611.0,0.0,467.3,1980.0
5835480.499,76611.0,0.0,213.36,1980.0
5835480.999,76611.0,0.0,122.4,1980.0
5835481.500,76611.0,0.0,121.8,1980.0
5835482.000,76611.0,0.0,121.46,1980.0
5835482.500,76611.0,0.0,121.13,1980.0
5835483.000,76611.0,0.0,206.69,1740.0
5835483.500,76611.0,100.0,400.04,1965.0
5835484.001,76611.0,100.0,491.28,1980.0
5835484.501,76611.0,100.0,478.45,1980.0
5835485.001,76611.0,100.0,531.9,1965.0
5835485.501,76611.0,100.0,541.42,1980.0
5835486.001,76611.0,100.0,499.8,1980.0
5835486.501,76611.0,100.0,558.42,1965.0
5835487.002,76611.0,100.0,571.96,1980.0
5835487.502,76611.0,100.0,530.39,1980.0
5835488.002,76611.0,100.0,582.21,1965.0
5835488.502,76611.0,100.0,592.47,1980.0
5835489.002,76611.0,100.0,551.2,1980.0
5835489.503,76611.0,93.0,600.51,1905.0
5835490.003,76611.0,100.0,609.0,1980.0
5835490.503,76611.0,100.0,572.24,1980.0
5835491.003,76611.0,93.0,599.21,1530.0
5835491.503,76611.0,100.0,615.58,1980.0
5835492.004,76611.0,100.0,595.65,1980.0
5835492.504,76611.0,100.0,604.69,1605.0
5835493.004,76611.0,100.0,619.11,1965.0
5835493.504,76611.0,100.0,597.74,1980.0
5835494.004,76611.0,94.0,574.27,1770.0
5835494.505,76611.0,100.0,622.47,1965.0
5835495.005,76611.0,100.0,647.67,1980.0
5835495.505,76611.0,100.0,625.1,1980.0
5835496.005,76611.0,100.0,647.98,1965.0
5835496.505,76611.0,100.0,636.84,1980.0
5835497.005,76611.0,100.0,604.27,1980.0
5835497.505,76611.0,100.0,631.42,1965.0
5835498.006,76611.0,100.0,655.42,1980.0
5835498.506,76611.0,100.0,654.35,1980.0
5835499.006,76611.0,100.0,682.21,1920.0
5835499.506,76611.0,100.0,681.85,1980.0
5835500.006,76611.0,100.0,665.47,1980.0
5835500.506,76611.0,99.0,688.23,1695.0
5835501.007,76611.0,100.0,665.44,1980.0
5835501.507,76611.0,100.0,633.6,1980.0
5835502.007,76611.0,100.0,652.34,1545.0
5835502.507,76611.0,100.0,660.51,1980.0
5835503.007,76611.0,100.0,658.28,1980.0
5835503.508,76611.0,100.0,666.24,1590.0
5835504.008,76611.0,100.0,669.47,1965.0
5835504.508,76611.0,100.0,660.65,1980.0
5835505.008,76611.0,97.0,648.03,1980.0
5835505.508,76611.0,100.0,666.51,1965.0
5835506.008,76611.0,100.0,660.58,1980.0
5835506.509,76611.0,100.0,637.25,1980.0
5835507.009,76611.0,100.0,681.0,1965.0
5835507.509,76611.0,100.0,701.76,1845.0
5835508.009,76611.0,100.0,691.89,1980.0
5835508.510,76611.0,100.0,694.06,1875.0
5835509.010,76611.0,100.0,671.87,1980.0
5835509.510,76611.0,100.0,662.87,1980.0
5835510.010,76611.0,100.0,686.34,1455.0
5835510.510,76611.0,100.0,679.77,1980.0
5835511.010,76611.0,100.0,657.79,1980.0
5835511.511,76611.0,100.0,684.08,1575.0
5835512.011,76611.0,100.0,682.01,1980.0
5835512.511,76611.0,100.0,670.56,1980.0
5835513.011,76611.0,100.0,680.97,1980.0
5835513.511,76611.0,100.0,685.4,1935.0
5835514.011,76611.0,100.0,682.27,1980.0
5835514.512,76611.0,100.0,676.72,1980.0
5835515.012,76611.0,100.0,681.72,1980.0
5835515.512,76611.0,100.0,684.39,1980.0
5835516.012,76611.0,100.0,682.39,1980.0
5835516.512,76611.0,100.0,682.45,1980.0
5835517.012,76611.0,100.0,677.98,1980.0
5835517.512,76611.0,100.0,666.57,1980.0
5835518.013,76611.0,100.0,662.68,1980.0
5835518.513,76611.0,100.0,663.35,1980.0
5835519.013,76611.0,100.0,664.21,1980.0
5835519.513,76611.0,100.0,663.84,1980.0
5835520.013,76611.0,100.0,681.02,1980.0
5835520.513,76611.0,100.0,695.16,1875.0
5835521.013,76611.0,100.0,694.37,1965.0
5835521.513,76611.0,100.0,696.92,1845.0
5835522.014,76611.0,100.0,697.26,1965.0
5835522.514,76611.0,100.0,674.54,1980.0
5835523.014,76611.0,100.0,649.44,1980.0
5835523.514,76611.0,100.0,643.97,1980.0
5835524.014,76611.0,100.0,643.82,1980.0
5835524.514,76611.0,100.0,646.43,1980.0
5835525.014,76611.0,100.0,652.02,1980.0
5835525.514,76611.0,100.0,654.67,1980.0
5835526.014,76611.0,100.0,654.46,1980.0
5835526.514,76611.0,100.0,656.18,1980.0
5835527.015,76611.0,100.0,658.33,1980.0
5835527.515,76611.0,100.0,659.98,1980.0
5835528.015,76611.0,100.0,660.89,1980.0
5835528.515,76611.0,100.0,659.27,1980.0
5835529.015,76611.0,100.0,648.71,1980.0
5835529.515,76611.0,100.0,638.37,1980.0
5835530.015,76611.0,100.0,638.85,1980.0
5835530.515,76611.0,100.0,648.38,1980.0
5835531.016,76611.0,100.0,668.66,1980.0
5835531.516,76611.0,100.0,680.05,1980.0
5835532.016,76611.0,100.0,669.78,1980.0
5835532.516,76611.0,100.0,660.85,1980.0
5835533.016,76611.0,100.0,659.9,1980.0
5835533.516,76611.0,100.0,636.78,1980.0
5835534.016,76611.0,100.0,614.38,1980.0
5835534.516,76611.0,100.0,615.27,1980.0
5835535.017,76611.0,100.0,624.38,1980.0
5835535.517,76611.0,100.0,623.73,1980.0
5835536.017,76611.0,100.0,598.49,1980.0
5835536.517,76611.0,100.0,579.96,1980.0
5835537.017,76611.0,100.0,590.35,1980.0
5835537.517,76611.0,100.0,594.37,1980.0
5835538.017,76611.0,100.0,582.92,1980.0
5835538.517,76611.0,100.0,567.76,1980.0
5835539.017,76611.0,100.0,554.86,1980.0
5835539.517,76611.0,100.0,542.74,1980.0
5835540.017,76611.0,100.0,521.06,1980.0
5835540.518,76611.0,100.0,494.08,1980.0
5835541.048,76611.0,0.0,362.45,1980.0
5835541.560,76611.0,0.0,185.43,1980.0
5835542.018,76611.0,0.0,120.46,1980.0
5835542.518,76611.0,0.0,120.14,1980.0
5835543.018,76611.0,0.0,119.86,1980.0
5835543.520,76611.0,0.0,119.59,1980.0
5835544.019,76611.0,0.0,119.35,1980.0
5835544.519,76611.0,0.0,119.2,1980.0
5835545.019,76611.0,0.0,119.09,1980.0
5835545.519,76611.0,100.0,363.14,1605.0
5835546.019,76611.0,100.0,660.6,1470.0
5835546.519,76611.0,100.0,692.27,1575.0
5835547.019,76611.0,100.0,689.98,1365.0
5835547.520,76611.0,100.0,693.78,1545.0
5835548.020,76611.0,100.0,691.16,1455.0
5835548.520,76611.0,100.0,689.66,1680.0
5835549.020,76611.0,100.0,631.16,1965.0
5835549.520,76611.0,100.0,570.45,1980.0
5835550.020,76611.0,100.0,541.41,1980.0
5835550.520,76611.0,100.0,542.08,1980.0
5835551.020,76611.0,100.0,541.18,1980.0
5835551.521,76611.0,100.0,599.58,1710.0
5835552.021,76611.0,100.0,679.76,1395.0
5835552.521,76611.0,100.0,691.64,1575.0
5835553.021,76611.0,100.0,692.15,1455.0
5835553.521,76611.0,100.0,694.67,1515.0
5835554.021,76611.0,100.0,690.34,1425.0
5835554.521,76611.0,100.0,694.24,1470.0
5835555.022,76611.0,100.0,646.06,1965.0
5835555.522,76611.0,100.0,573.18,1980.0
5835556.022,76611.0,100.0,540.59,1980.0
5835556.522,76611.0,100.0,541.3,1980.0
5835557.022,76611.0,100.0,541.78,1980.0
5835557.522,76611.0,97.0,584.2,1575.0
5835558.023,76611.0,100.0,676.06,1605.0
5835558.523,76611.0,100.0,695.73,1455.0
5835559.023,76611.0,100.0,694.39,1425.0
5835559.523,76611.0,100.0,692.46,1515.0
5835560.023,76611.0,100.0,688.42,1440.0
5835560.523,76611.0,100.0,694.17,1500.0
5835561.024,76611.0,100.0,651.05,1965.0
5835561.524,76611.0,100.0,585.48,1980.0
5835562.024,76611.0,100.0,542.81,1980.0
5835562.524,76611.0,100.0,541.27,1980.0
5835563.024,76611.0,100.0,542.95,1980.0
5835563.524,76611.0,100.0,583.59,1545.0
5835564.024,76611.0,100.0,669.08,1575.0
5835564.525,76611.0,100.0,692.45,1545.0
5835565.025,76611.0,100.0,690.74,1560.0
5835565.525,76611.0,100.0,697.95,1425.0
5835566.025,76611.0,100.0,695.0,1410.0
5835566.525,76611.0,100.0,696.46,1440.0
5835567.025,76611.0,100.0,661.73,1965.0
5835567.525,76611.0,100.0,591.98,1980.0
5835568.026,76611.0,100.0,540.3,1980.0
5835568.526,76611.0,100.0,542.08,1980.0
5835569.026,76611.0,100.0,544.82,1980.0
5835569.526,76611.0,33.0,479.55,1980.0
5835570.062,4.0,50.0,274.97,1980.0
5835570.562,4.0,100.0,132.39,1980.0
5835571.062,0.0,0.0,131.74,1980.0
5835571.562,0.0,0.0,126.26,1980.0
5835572.063,0.0,0.0,124.54,1980.0
5835572.563,0.0,0.0,120.08,405.0
5835573.063,0.0,0.0,93.5,345.0
5835573.563,0.0,0.0,69.96,345.0
5835574.063,0.0,0.0,69.84,345.0
5835574.563,0.0,0.0,69.73,345.0
5835575.064,0.0,0.0,69.6,345.0
5835575.564,0.0,0.0,69.5,345.0
5835576.064,0.0,0.0,69.41,345.0
5835576.564,0.0,0.0,69.42,345.0
5835577.064,0.0,0.0,69.33,345.0
5835577.564,0.0,0.0,69.24,345.0
5835578.065,0.0,0.0,69.25,345.0
5835578.565,0.0,0.0,69.38,345.0
5835579.065,0.0,0.0,69.55,345.0
5835579.565,0.0,0.0,69.56,345.0
5835580.065,0.0,0.0,69.48,345.0
5835580.565,0.0,0.0,69.41,345.0
5835581.065,0.0,0.0,69.36,345.0
5835581.566,0.0,0.0,69.35,345.0
5835582.066,0.0,0.0,69.3,345.0
5835582.566,0.0,0.0,69.21,345.0
5835583.068,0.0,0.0,69.21,345.0
5835583.566,0.0,0.0,69.22,345.0
5835584.067,0.0,0.0,69.21,345.0
5835584.567,0.0,0.0,69.15,345.0
5835585.067,0.0,0.0,69.11,345.0
5835585.567,0.0,0.0,69.09,345.0
5835586.067,0.0,0.0,69.1,345.0
5835586.568,0.0,0.0,69.1,345.0
5835587.068,0.0,0.0,69.03,345.0
5835587.568,0.0,0.0,69.0,345.0
5835588.068,0.0,0.0,69.0,345.0
5835588.568,0.0,0.0,68.96,345.0
5835589.069,0.0,0.0,68.94,345.0
5835589.569,0.0,0.0,68.95,345.0
5835590.069,0.0,0.0,68.97,345.0
5835590.569,0.0,0.0,68.96,345.0
5835591.069,0.0,0.0,68.92,345.0
5835591.570,4.0,0.0,68.95,345.0
5835592.070,4.0,0.0,68.92,345.0
5835592.570,4.0,0.0,68.86,345.0
5835593.070,4.0,0.0,68.84,345.0
5835593.571,4.0,0.0,68.83,345.0
5835594.071,4.0,0.0,68.83,345.0
5835594.571,4.0,0.0,68.82,345.0
5835595.071,4.0,0.0,68.82,345.0
5835595.571,4.0,0.0,68.81,345.0
5835596.072,4.0,0.0,68.81,345.0
5835596.572,4.0,0.0,68.76,345.0
5835597.072,4.0,0.0,68.7,345.0
5835597.572,4.0,0.0,68.76,345.0
5835598.072,4.0,0.0,68.75,345.0
5835598.573,4.0,0.0,68.69,345.0
5835599.073,4.0,0.0,68.72,345.0
5835599.573,4.0,0.0,68.74,345.0
5835600.073,4.0,0.0,68.71,345.0
5835600.574,4.0,0.0,68.64,345.0
5835601.074,4.0,0.0,68.6,345.0
5835601.574,4.0,0.0,68.62,345.0
5835602.074,4.0,0.0,68.63,345.0
5835602.574,4.0,0.0,68.65,345.0
5835603.075,4.0,0.0,68.62,345.0
5835603.575,4.0,0.0,68.57,345.0
5835604.075,4.0,0.0,68.57,345.0
5835604.575,4.0,0.0,68.57,345.0
5835605.075,4.0,0.0,68.61,345.0
5835605.576,4.0,0.0,68.6,345.0
5835606.076,4.0,0.0,68.56,345.0
5835606.576,4.0,0.0,68.53,345.0
5835607.076,4.0,0.0,68.53,345.0
5835607.581,4.0,0.0,68.53,345.0
5835608.078,4.0,0.0,68.54,345.0
5835608.579,689.0,1.0,82.68,1980.0
5835609.079,689.0,0.0,105.31,1980.0
5835609.579,689.0,0.0,115.31,1980.0
5835610.079,5549.0,0.0,115.48,1980.0
5835610.579,5549.0,0.0,115.55,1980.0
5835611.080,5549.0,0.0,115.43,1980.0
5835611.580,5549.0,0.0,115.41,1980.0
5835612.080,13687.0,0.0,115.4,1980.0
5835612.580,19325.0,0.0,115.37,1980.0
5835613.081,18793.0,0.0,121.39,1980.0
5835613.581,19127.0,1.0,121.53,1980.0
5835614.081,19127.0,0.0,115.37,1980.0
5835614.581,19127.0,0.0,115.38,1980.0
5835615.081,19127.0,0.0,115.39,1980.0
5835615.582,19127.0,0.0,115.37,1980.0
5835616.082,19127.0,0.0,115.38,1980.0
5835616.582,19127.0,0.0,115.39,1980.0
5835617.082,19127.0,0.0,115.37,1980.0
5835617.582,19127.0,0.0,115.35,1980.0
5835618.083,19127.0,0.0,115.41,1980.0
5835618.583,19253.0,1.0,115.43,1980.0
5835619.083,19571.0,14.0,137.84,1980.0
5835619.583,19571.0,0.0,137.91,1980.0
5835620.083,19767.0,0.0,116.79,1980.0
5835620.584,19767.0,0.0,116.49,1980.0
5835621.084,19767.0,0.0,115.89,1980.0
5835621.584,19767.0,0.0,115.89,1980.0
5835622.084,19767.0,0.0,115.92,1980.0
5835622.584,19767.0,0.0,115.88,1980.0
5835623.084,19767.0,0.0,115.86,1980.0
5835623.585,19767.0,0.0,115.87,1980.0
5835624.085,19767.0,0.0,115.84,1980.0
5835624.585,19767.0,0.0,115.84,1980.0
5835625.085,19767.0,0.0,115.87,1980.0
5835625.585,19767.0,0.0,115.87,1980.0
5835626.086,19617.0,0.0,145.92,1980.0
5835626.586,20683.0,0.0,199.82,1980.0
5835627.086,23439.0,0.0,169.42,1980.0
5835627.586,24537.0,0.0,116.59,1980.0
5835628.086,24537.0,0.0,116.35,1980.0
5835628.586,24537.0,0.0,115.85,1980.0
5835629.087,24537.0,0.0,115.85,1980.0
5835629.587,24537.0,0.0,115.89,1980.0
5835630.087,24537.0,0.0,115.89,1980.0
5835630.587,23595.0,96.0,176.03,1980.0
5835631.087,24695.0,87.0,274.12,1980.0
5835631.587,23647.0,77.0,301.21,1980.0
5835632.088,23873.0,60.0,267.05,1980.0
5835632.588,23875.0,26.0,215.88,1980.0
5835633.088,23809.0,22.0,184.75,1980.0
5835633.588,23921.0,17.0,172.34,1980.0
5835634.088,24101.0,14.0,161.48,1980.0
5835634.589,24107.0,0.0,141.9,1980.0
5835635.089,72065.0,25.0,128.69,1980.0
5835635.589,72065.0,0.0,120.77,1980.0
5835636.089,74433.0,98.0,197.64,1890.0
5835636.589,73677.0,0.0,234.52,1980.0
5835637.089,73081.0,89.0,273.4,1980.0
5835637.590,72529.0,86.0,348.44,1980.0
5835638.090,72403.0,78.0,345.13,1980.0
5835638.590,72275.0,37.0,305.09,1980.0
5835639.090,72207.0,24.0,246.31,1980.0
5835639.590,72213.0,19.0,206.04,1980.0
5835640.090,72215.0,16.0,179.37,1980.0
5835640.591,72385.0,27.0,193.55,1980.0
5835641.091,72467.0,27.0,225.73,1980.0
5835641.591,72509.0,0.0,189.27,1980.0
5835642.091,72509.0,0.0,133.86,1980.0
5835642.592,72509.0,0.0,115.77,1980.0
5835643.092,72509.0,0.0,115.71,1980.0
5835643.592,72509.0,0.0,115.68,1980.0
5835644.092,72509.0,0.0,115.62,1980.0
5835644.592,72509.0,0.0,115.57,1980.0
5835645.093,72509.0,0.0,115.58,1980.0
5835645.593,73057.0,83.0,166.22,1905.0
5835646.093,74195.0,100.0,447.83,1785.0
5835646.593,74195.0,100.0,650.48,1965.0
5835647.093,74195.0,99.0,607.2,1710.0
5835647.593,74195.0,100.0,658.83,1695.0
5835648.094,74195.0,100.0,616.4,1965.0
5835648.594,74195.0,0.0,353.33,1980.0
5835649.094,74195.0,0.0,156.27,1980.0
5835649.594,74195.0,0.0,117.45,1980.0
5835650.094,74195.0,0.0,117.25,1980.0
5835650.594,74195.0,0.0,117.11,1980.0
5835651.095,74195.0,0.0,117.05,1980.0
5835651.595,74195.0,0.0,117.0,1980.0
5835652.095,74195.0,0.0,116.92,1980.0
5835652.595,74195.0,0.0,116.81,1980.0
5835653.095,74195.0,0.0,116.75,1980.0
5835653.610,74195.0,0.0,116.76,1980.0
5835654.106,74195.0,0.0,116.7,1980.0
5835654.596,74195.0,0.0,116.6,1980.0
5835655.097,74195.0,0.0,116.61,1980.0
5835655.596,74195.0,0.0,116.59,1980.0
5835656.097,74195.0,0.0,116.57,1980.0
5835656.596,74195.0,0.0,116.57,1980.0
5835657.115,74195.0,0.0,116.55,1980.0
5835657.597,74195.0,0.0,116.51,1980.0
5835658.097,74567.0,100.0,409.01,1620.0
5835658.597,74567.0,100.0,691.98,1215.0
5835659.097,74567.0,100.0,695.16,1680.0
5835659.597,74567.0,100.0,700.54,1425.0
5835660.097,74567.0,100.0,694.45,1560.0
5835660.598,74941.0,100.0,696.53,1425.0
5835661.098,74941.0,99.0,685.0,1560.0
5835661.598,74941.0,100.0,585.54,1980.0
5835662.098,74941.0,100.0,508.14,1980.0
5835662.598,74941.0,100.0,513.64,1980.0
5835663.098,74941.0,100.0,514.03,1980.0
5835663.605,74941.0,100.0,512.82,1980.0
5835664.099,74941.0,100.0,579.91,1560.0
5835664.599,74941.0,100.0,674.96,1410.0
5835665.099,74941.0,100.0,687.48,1560.0
5835665.599,74941.0,100.0,691.95,1575.0
5835666.099,74941.0,100.0,701.96,1560.0
5835666.599,74941.0,100.0,691.25,1530.0
5835667.100,74941.0,100.0,691.37,1530.0
5835667.600,74941.0,100.0,602.92,1980.0
5835668.100,74941.0,100.0,517.78,1980.0
5835668.600,74941.0,100.0,512.63,1980.0
5835669.100,74941.0,100.0,513.21,1980.0
5835669.605,74941.0,100.0,512.85,1980.0
5835670.100,74941.0,100.0,567.76,1605.0
5835670.600,74941.0,100.0,673.22,1515.0
5835671.100,74941.0,100.0,691.48,1545.0
5835671.600,74941.0,100.0,685.68,1680.0
5835672.100,74941.0,100.0,694.54,1530.0
5835672.600,74941.0,100.0,693.76,1560.0
5835673.101,74941.0,100.0,694.53,1560.0
5835673.601,74941.0,100.0,611.3,1965.0
5835674.101,74941.0,100.0,526.72,1980.0
5835674.601,74941.0,100.0,515.93,1980.0
5835675.101,74941.0,100.0,515.47,1980.0
5835675.601,74941.0,100.0,513.24,1980.0
5835676.101,74941.0,100.0,570.22,1815.0
5835676.601,74941.0,100.0,676.7,1560.0
5835677.101,74941.0,100.0,693.49,1590.0
5835677.601,74941.0,100.0,687.34,1500.0
5835678.102,74941.0,100.0,690.64,1530.0
5835678.602,74941.0,100.0,685.13,1605.0
5835679.102,74941.0,100.0,693.66,1665.0
5835679.602,74941.0,100.0,627.04,1965.0
5835680.102,74941.0,100.0,541.46,1980.0
5835680.602,74941.0,100.0,516.37,1980.0
5835681.102,74941.0,100.0,515.27,1980.0
5835681.602,74941.0,100.0,515.53,1980.0
5835682.102,74941.0,90.0,559.51,1575.0
5835682.602,74941.0,99.0,664.58,1650.0
5835683.102,74941.0,100.0,699.83,1470.0
5835683.602,74941.0,100.0,692.31,1560.0
5835684.103,74941.0,100.0,694.04,1515.0
5835684.603,74941.0,100.0,689.83,1545.0
5835685.103,74941.0,100.0,695.31,1695.0
5835685.603,74941.0,100.0,640.39,1965.0
5835686.103,74941.0,100.0,553.5,1980.0
5835686.603,74941.0,100.0,519.53,1980.0
5835687.103,74941.0,100.0,519.48,1980.0
5835687.603,74941.0,100.0,517.82,1980.0
5835688.103,74941.0,82.0,552.82,1575.0
5835688.604,74941.0,100.0,648.95,1635.0
5835689.104,74941.0,100.0,693.57,1695.0
5835689.604,74941.0,100.0,693.49,1605.0
5835690.104,74941.0,100.0,699.88,1485.0
5835690.604,74941.0,100.0,694.51,1575.0
5835691.104,74941.0,100.0,693.1,1545.0
5835691.604,74941.0,100.0,658.49,1965.0
5835692.105,74941.0,100.0,567.46,1980.0
5835692.605,74941.0,100.0,515.17,1980.0
5835693.105,74941.0,100.0,518.51,1980.0
5835693.605,74941.0,100.0,519.16,1980.0
5835694.105,74941.0,100.0,491.23,1980.0
5835694.605,74941.0,0.0,294.01,1980.0
5835695.105,74941.0,0.0,122.44,1980.0
5835695.606,74941.0,0.0,121.06,1980.0
5835696.106,74941.0,0.0,120.74,1980.0
5835696.606,74941.0,0.0,120.46,1980.0
5835697.106,74941.0,100.0,402.86,1740.0
5835697.606,74941.0,100.0,683.5,1620.0
5835698.106,74941.0,100.0,694.95,1710.0
5835698.606,74941.0,100.0,701.34,1515.0
5835699.106,74943.0,100.0,697.71,1605.0
5835699.607,74943.0,100.0,695.58,1530.0
5835700.107,74943.0,100.0,694.02,1620.0
5835700.607,74943.0,100.0,684.46,1965.0
5835701.107,74943.0,100.0,608.03,1980.0
5835701.607,74943.0,100.0,536.12,1980.0
5835702.107,74943.0,100.0,538.95,1980.0
5835702.607,74943.0,100.0,538.02,1980.0
5835703.107,74943.0,100.0,536.71,1980.0
5835703.607,74943.0,100.0,533.47,1980.0
5835704.108,74943.0,0.0,323.78,1980.0
5835704.608,74943.0,0.0,123.02,1980.0
5835705.108,74943.0,0.0,120.78,1980.0
5835705.608,74943.0,0.0,120.47,1980.0
5835706.108,74943.0,35.0,130.53,1650.0
5835706.608,74943.0,100.0,442.98,1740.0
5835707.108,74943.0,100.0,717.55,1575.0
5835707.608,74943.0,100.0,690.24,1830.0
5835708.108,74943.0,100.0,693.98,1605.0
5835708.609,74943.0,100.0,699.61,1710.0
5835709.109,74943.0,100.0,693.98,1620.0
5835709.609,74943.0,100.0,690.84,1710.0
5835710.109,74943.0,100.0,690.61,1725.0
5835710.609,74943.0,100.0,690.53,1680.0
5835711.109,74943.0,100.0,692.41,1695.0
5835711.609,74943.0,100.0,649.03,1965.0
5835712.109,74943.0,100.0,576.35,1980.0
5835712.609,74943.0,100.0,553.24,1980.0
5835713.109,74943.0,100.0,555.45,1980.0
5835713.609,74943.0,100.0,555.06,1980.0
5835714.109,74943.0,100.0,555.14,1980.0
5835714.610,74943.0,100.0,547.65,1980.0
5835715.110,74943.0,0.0,337.36,1980.0
5835715.610,74943.0,0.0,134.4,1980.0
5835716.110,74943.0,0.0,121.41,1980.0
5835716.610,74943.0,0.0,121.11,1980.0
5835717.110,74943.0,0.0,120.88,1980.0
5835717.610,74943.0,100.0,406.72,1740.0
5835718.110,74943.0,100.0,681.63,1410.0
5835718.611,74943.0,100.0,694.01,1755.0
5835719.111,74943.0,100.0,697.61,1530.0
5835719.611,74943.0,100.0,692.72,1755.0
5835720.111,74943.0,100.0,695.13,1515.0
5835720.611,74943.0,100.0,692.09,1740.0
5835721.111,74943.0,100.0,689.34,1710.0
5835721.612,74943.0,100.0,689.64,1740.0
5835722.112,74943.0,100.0,688.9,1620.0
5835722.612,74943.0,100.0,656.92,1965.0
5835723.112,74943.0,100.0,589.73,1980.0
5835723.612,74943.0,100.0,564.04,1980.0
5835724.112,74943.0,100.0,562.6,1980.0
5835724.612,74943.0,100.0,563.5,1980.0
5835725.112,74943.0,100.0,567.5,1980.0
5835725.612,74943.0,100.0,575.17,1980.0
5835726.113,74943.0,0.0,513.52,1980.0
5835726.613,74943.0,0.0,281.83,1980.0
5835727.113,74943.0,0.0,121.23,1980.0
5835727.613,74943.0,0.0,120.61,1980.0
5835728.113,74943.0,0.0,120.25,1980.0
5835728.614,74943.0,8.0,200.96,1680.0
5835729.114,74943.0,100.0,496.57,1770.0
5835729.614,74943.0,100.0,700.02,1545.0
5835730.114,74943.0,100.0,694.76,1680.0
5835730.614,74943.0,100.0,697.72,1695.0
5835731.115,74943.0,100.0,691.15,1740.0
5835731.615,74943.0,100.0,694.52,1500.0
5835732.115,74943.0,100.0,693.84,1725.0
5835732.615,74943.0,100.0,691.89,1650.0
5835733.115,74943.0,100.0,695.08,1620.0
5835733.615,74943.0,100.0,694.63,1665.0
5835734.116,74943.0,100.0,642.13,1965.0
5835734.616,74943.0,100.0,586.95,1980.0
5835735.116,74943.0,100.0,577.14,1980.0
5835735.616,74943.0,100.0,576.12,1980.0
5835736.116,74943.0,100.0,577.01,1980.0
5835736.616,74943.0,100.0,576.35,1980.0
5835737.116,74943.0,100.0,577.17,1980.0
5835737.617,74943.0,100.0,584.44,1980.0
5835738.117,74943.0,0.0,385.58,1980.0
5835738.617,74943.0,0.0,157.58,1980.0
5835739.117,74943.0,0.0,121.25,1980.0
5835739.617,74943.0,0.0,120.84,1980.0
5835740.117,74943.0,0.0,120.57,1980.0
5835740.618,74943.0,95.0,403.47,1785.0
5835741.118,74943.0,100.0,693.53,1485.0
5835741.618,74943.0,100.0,696.24,1710.0
5835742.118,74943.0,100.0,689.75,1590.0
5835742.618,74943.0,100.0,629.75,1965.0
5835743.118,74943.0,100.0,577.77,1965.0
5835743.619,74943.0,100.0,578.49,1965.0
5835744.119,74943.0,100.0,583.91,1965.0
5835744.619,74943.0,100.0,588.36,1965.0
5835745.119,74943.0,100.0,588.01,1965.0
5835745.619,74943.0,100.0,597.59,1965.0
5835746.120,74943.0,100.0,607.94,1965.0
5835746.620,74943.0,100.0,592.55,1965.0
5835747.120,74943.0,98.0,574.13,1800.0
5835747.620,74943.0,99.0,568.05,1905.0
5835748.121,74943.0,100.0,558.27,1950.0
5835748.621,74943.0,100.0,545.43,1965.0
5835749.121,74943.0,100.0,547.46,1965.0
5835749.621,74943.0,100.0,545.92,1965.0
5835750.121,74943.0,99.0,565.12,1950.0
5835750.621,74943.0,98.0,577.51,1830.0
5835751.122,74943.0,100.0,571.18,1920.0
5835751.622,74943.0,100.0,559.42,1965.0
5835752.122,74943.0,100.0,546.87,1965.0
5835752.622,74943.0,100.0,549.15,1965.0
5835753.123,74943.0,100.0,548.54,1965.0
5835753.623,74943.0,100.0,559.89,1845.0
5835754.123,74943.0,100.0,648.07,1725.0
5835754.623,74943.0,100.0,697.17,1665.0
5835755.123,74943.0,100.0,690.57,1740.0
5835755.623,74943.0,100.0,699.41,1665.0
5835756.124,74943.0,100.0,692.4,1695.0
5835756.624,74943.0,100.0,689.19,1725.0
5835757.124,74943.0,100.0,692.99,1770.0
5835757.624,74943.0,100.0,696.25,1665.0
5835758.124,74943.0,100.0,691.97,1740.0
5835758.625,74943.0,100.0,692.62,1695.0
5835759.125,74943.0,100.0,694.2,1710.0
5835759.625,74943.0,100.0,689.46,1650.0
5835760.125,74943.0,100.0,687.69,1785.0
5835760.625,74943.0,100.0,690.55,1725.0
5835761.126,74943.0,100.0,693.62,1695.0
5835761.626,74943.0,100.0,697.37,1680.0
5835762.126,74943.0,100.0,693.34,1725.0
5835762.626,74943.0,100.0,692.33,1665.0
5835763.126,74943.0,100.0,691.78,1695.0
5835763.626,74943.0,100.0,688.58,1710.0
5835764.127,74943.0,100.0,692.99,1770.0
5835764.627,74943.0,100.0,694.83,1680.0
5835765.127,74943.0,100.0,693.67,1620.0
5835765.627,74943.0,100.0,695.6,1620.0
5835766.128,74943.0,100.0,692.07,1710.0
5835766.628,74943.0,100.0,690.95,1590.0
5835767.128,74943.0,100.0,692.35,1680.0
5835767.628,74943.0,100.0,693.7,1665.0
5835768.128,74943.0,100.0,697.78,1605.0
5835768.628,74943.0,100.0,688.94,1740.0
5835769.129,74943.0,100.0,637.66,1980.0
5835769.629,74943.0,100.0,597.12,1980.0
5835770.129,74943.0,100.0,592.59,1980.0
5835770.629,74943.0,100.0,586.16,1980.0
5835771.129,74943.0,100.0,581.04,1980.0
5835771.629,74943.0,100.0,575.96,1980.0
5835772.129,74943.0,100.0,646.25,1755.0
5835772.630,74943.0,100.0,703.15,1560.0
5835773.130,74943.0,100.0,689.89,1770.0
5835773.630,74943.0,100.0,691.88,1605.0
5835774.130,74943.0,100.0,688.17,1560.0
5835774.631,74943.0,100.0,688.3,1620.0
5835775.131,74943.0,100.0,619.62,1965.0
5835775.631,74943.0,100.0,515.43,1980.0
5835776.131,74943.0,100.0,473.93,1980.0
5835776.631,74943.0,100.0,470.0,1980.0
5835777.190,74943.0,100.0,466.9,1980.0
5835777.747,4.0,0.0,264.42,1980.0
5835778.248,4.0,100.0,132.74,1980.0
