2026-10-10T00:46:12Z 1051|kevin|s1a-a1-9b-s2|PENDING|0:00|90|N/A;1053|kevin|q2s1a-a1-9b-s2|PENDING|0:00|32|gres:gpu:h100:1;
2026-10-10T00:46:27Z 1051|kevin|s1a-a1-9b-s2|PENDING|0:00|90|N/A;1053|kevin|q2s1a-a1-9b-s2|PENDING|0:00|32|gres:gpu:h100:1;
2026-10-10T00:46:42Z 1051|kevin|s1a-a1-9b-s2|PENDING|0:00|90|N/A;1053|kevin|q2s1a-a1-9b-s2|PENDING|0:00|32|gres:gpu:h100:1;
2026-10-10T00:46:57Z 1051|kevin|s1a-a1-9b-s2|PENDING|0:00|90|N/A;1053|kevin|q2s1a-a1-9b-s2|PENDING|0:00|32|gres:gpu:h100:1;
2026-10-10T00:47:12Z 1051|kevin|s1a-a1-9b-s2|PENDING|0:00|90|N/A;1053|kevin|q2s1a-a1-9b-s2|PENDING|0:00|32|gres:gpu:h100:1;
2026-10-10T00:47:27Z 1051|kevin|s1a-a1-9b-s2|PENDING|0:00|90|N/A;1053|kevin|q2s1a-a1-9b-s2|PENDING|0:00|32|gres:gpu:h100:1;
2026-10-10T00:47:42Z 1051|kevin|s1a-a1-9b-s2|PENDING|0:00|90|N/A;1053|kevin|q2s1a-a1-9b-s2|PENDING|0:00|32|gres:gpu:h100:1;
2026-10-10T00:47:57Z 1051|kevin|s1a-a1-9b-s2|PENDING|0:00|90|N/A;1053|kevin|q2s1a-a1-9b-s2|PENDING|0:00|32|gres:gpu:h100:1;
2026-10-10T00:48:12Z 1051|kevin|s1a-a1-9b-s2|PENDING|0:00|90|N/A;1053|kevin|q2s1a-a1-9b-s2|PENDING|0:00|32|gres:gpu:h100:1;
2026-10-10T00:48:27Z 1051|kevin|s1a-a1-9b-s2|PENDING|0:00|90|N/A;1053|kevin|q2s1a-a1-9b-s2|PENDING|0:00|32|gres:gpu:h100:1;
2026-10-10T00:48:42Z 1051|kevin|s1a-a1-9b-s2|PENDING|0:00|90|N/A;1053|kevin|q2s1a-a1-9b-s2|PENDING|0:00|32|gres:gpu:h100:1;
2026-10-10T00:48:57Z 1051|kevin|s1a-a1-9b-s2|PENDING|0:00|90|N/A;1053|kevin|q2s1a-a1-9b-s2|PENDING|0:00|32|gres:gpu:h100:1;
2026-10-10T00:49:12Z 1051|kevin|s1a-a1-9b-s2|PENDING|0:00|90|N/A;1053|kevin|q2s1a-a1-9b-s2|PENDING|0:00|32|gres:gpu:h100:1;
2026-10-10T00:49:27Z 1051|kevin|s1a-a1-9b-s2|PENDING|0:00|90|N/A;1053|kevin|q2s1a-a1-9b-s2|PENDING|0:00|32|gres:gpu:h100:1;
2026-10-10T00:49:42Z 1051|kevin|s1a-a1-9b-s2|PENDING|0:00|90|N/A;1053|kevin|q2s1a-a1-9b-s2|PENDING|0:00|32|gres:gpu:h100:1;
2026-10-10T00:49:57Z 1051|kevin|s1a-a1-9b-s2|PENDING|0:00|90|N/A;1053|kevin|q2s1a-a1-9b-s2|PENDING|0:00|32|gres:gpu:h100:1;
2026-10-10T00:50:12Z 1051|kevin|s1a-a1-9b-s2|PENDING|0:00|90|N/A;1053|kevin|q2s1a-a1-9b-s2|PENDING|0:00|32|gres:gpu:h100:1;
2026-10-10T00:50:27Z 1051|kevin|s1a-a1-9b-s2|PENDING|0:00|90|N/A;1053|kevin|q2s1a-a1-9b-s2|PENDING|0:00|32|gres:gpu:h100:1;
2026-10-10T00:50:42Z 1051|kevin|s1a-a1-9b-s2|PENDING|0:00|90|N/A;1053|kevin|q2s1a-a1-9b-s2|PENDING|0:00|32|gres:gpu:h100:1;
2026-10-10T00:50:57Z 1051|kevin|s1a-a1-9b-s2|PENDING|0:00|90|N/A;1053|kevin|q2s1a-a1-9b-s2|PENDING|0:00|32|gres:gpu:h100:1;
2026-10-10T00:51:12Z 1051|kevin|s1a-a1-9b-s2|PENDING|0:00|90|N/A;1053|kevin|q2s1a-a1-9b-s2|PENDING|0:00|32|gres:gpu:h100:1;
2026-10-10T00:51:27Z 1051|kevin|s1a-a1-9b-s2|PENDING|0:00|90|N/A;1053|kevin|q2s1a-a1-9b-s2|PENDING|0:00|32|gres:gpu:h100:1;
2026-10-10T00:51:42Z 1051|kevin|s1a-a1-9b-s2|PENDING|0:00|90|N/A;1053|kevin|q2s1a-a1-9b-s2|PENDING|0:00|32|gres:gpu:h100:1;
2026-10-10T00:51:57Z 1051|kevin|s1a-a1-9b-s2|PENDING|0:00|90|N/A;1053|kevin|q2s1a-a1-9b-s2|PENDING|0:00|32|gres:gpu:h100:1;
2026-10-10T00:52:12Z 1051|kevin|s1a-a1-9b-s2|PENDING|0:00|90|N/A;1053|kevin|q2s1a-a1-9b-s2|PENDING|0:00|32|gres:gpu:h100:1;
2026-10-10T00:52:27Z 1051|kevin|s1a-a1-9b-s2|PENDING|0:00|90|N/A;1053|kevin|q2s1a-a1-9b-s2|PENDING|0:00|32|gres:gpu:h100:1;
2026-10-10T00:52:42Z 1051|kevin|s1a-a1-9b-s2|PENDING|0:00|90|N/A;1053|kevin|q2s1a-a1-9b-s2|PENDING|0:00|32|gres:gpu:h100:1;
2026-10-10T00:52:57Z 1051|kevin|s1a-a1-9b-s2|PENDING|0:00|90|N/A;1053|kevin|q2s1a-a1-9b-s2|PENDING|0:00|32|gres:gpu:h100:1;
2026-10-10T00:53:12Z 1051|kevin|s1a-a1-9b-s2|PENDING|0:00|90|N/A;1053|kevin|q2s1a-a1-9b-s2|PENDING|0:00|32|gres:gpu:h100:1;
2026-10-10T00:53:27Z 1051|kevin|s1a-a1-9b-s2|PENDING|0:00|90|N/A;1053|kevin|q2s1a-a1-9b-s2|PENDING|0:00|32|gres:gpu:h100:1;
2026-10-10T00:53:43Z 1051|kevin|s1a-a1-9b-s2|PENDING|0:00|90|N/A;1053|kevin|q2s1a-a1-9b-s2|PENDING|0:00|32|gres:gpu:h100:1;
2026-10-10T00:53:58Z 1051|kevin|s1a-a1-9b-s2|PENDING|0:00|90|N/A;1053|kevin|q2s1a-a1-9b-s2|PENDING|0:00|32|gres:gpu:h100:1;
2026-10-10T00:54:13Z 1051|kevin|s1a-a1-9b-s2|PENDING|0:00|90|N/A;1053|kevin|q2s1a-a1-9b-s2|PENDING|0:00|32|gres:gpu:h100:1;
2026-10-10T00:54:28Z 1051|kevin|s1a-a1-9b-s2|PENDING|0:00|90|N/A;1053|kevin|q2s1a-a1-9b-s2|PENDING|0:00|32|gres:gpu:h100:1;
2026-10-10T00:54:43Z 1051|kevin|s1a-a1-9b-s2|PENDING|0:00|90|N/A;1053|kevin|q2s1a-a1-9b-s2|PENDING|0:00|32|gres:gpu:h100:1;
2026-10-10T00:54:58Z 1051|kevin|s1a-a1-9b-s2|PENDING|0:00|90|N/A;1053|kevin|q2s1a-a1-9b-s2|PENDING|0:00|32|gres:gpu:h100:1;
2026-10-10T00:55:13Z 1051|kevin|s1a-a1-9b-s2|PENDING|0:00|90|N/A;1053|kevin|q2s1a-a1-9b-s2|PENDING|0:00|32|gres:gpu:h100:1;
2026-10-10T00:55:28Z 1051|kevin|s1a-a1-9b-s2|PENDING|0:00|90|N/A;1053|kevin|q2s1a-a1-9b-s2|PENDING|0:00|32|gres:gpu:h100:1;
2026-10-10T00:55:43Z 1051|kevin|s1a-a1-9b-s2|PENDING|0:00|90|N/A;1053|kevin|q2s1a-a1-9b-s2|PENDING|0:00|32|gres:gpu:h100:1;
2026-10-10T00:55:58Z 1051|kevin|s1a-a1-9b-s2|PENDING|0:00|90|N/A;1053|kevin|q2s1a-a1-9b-s2|PENDING|0:00|32|gres:gpu:h100:1;
2026-10-10T00:56:13Z 1051|kevin|s1a-a1-9b-s2|PENDING|0:00|90|N/A;1053|kevin|q2s1a-a1-9b-s2|PENDING|0:00|32|gres:gpu:h100:1;
2026-10-10T00:56:28Z 1051|kevin|s1a-a1-9b-s2|PENDING|0:00|90|N/A;1053|kevin|q2s1a-a1-9b-s2|PENDING|0:00|32|gres:gpu:h100:1;
2026-10-10T00:56:43Z 1051|kevin|s1a-a1-9b-s2|PENDING|0:00|90|N/A;1053|kevin|q2s1a-a1-9b-s2|PENDING|0:00|32|gres:gpu:h100:1;
2026-10-10T00:56:58Z 1051|kevin|s1a-a1-9b-s2|PENDING|0:00|90|N/A;1053|kevin|q2s1a-a1-9b-s2|PENDING|0:00|32|gres:gpu:h100:1;
2026-10-10T00:57:13Z 1051|kevin|s1a-a1-9b-s2|PENDING|0:00|90|N/A;1053|kevin|q2s1a-a1-9b-s2|PENDING|0:00|32|gres:gpu:h100:1;
2026-10-10T00:57:28Z 1051|kevin|s1a-a1-9b-s2|PENDING|0:00|90|N/A;1053|kevin|q2s1a-a1-9b-s2|PENDING|0:00|32|gres:gpu:h100:1;
2026-10-10T00:57:43Z 1051|kevin|s1a-a1-9b-s2|PENDING|0:00|90|N/A;1053|kevin|q2s1a-a1-9b-s2|PENDING|0:00|32|gres:gpu:h100:1;
2026-10-10T00:57:58Z 1051|kevin|s1a-a1-9b-s2|PENDING|0:00|90|N/A;1053|kevin|q2s1a-a1-9b-s2|PENDING|0:00|32|gres:gpu:h100:1;
2026-10-10T00:58:13Z 1051|kevin|s1a-a1-9b-s2|PENDING|0:00|90|N/A;1053|kevin|q2s1a-a1-9b-s2|PENDING|0:00|32|gres:gpu:h100:1;
2026-10-10T00:58:28Z 1051|kevin|s1a-a1-9b-s2|PENDING|0:00|90|N/A;1053|kevin|q2s1a-a1-9b-s2|PENDING|0:00|32|gres:gpu:h100:1;
2026-10-10T00:58:43Z 1051|kevin|s1a-a1-9b-s2|PENDING|0:00|90|N/A;1053|kevin|q2s1a-a1-9b-s2|PENDING|0:00|32|gres:gpu:h100:1;
2026-10-10T00:58:58Z 1051|kevin|s1a-a1-9b-s2|PENDING|0:00|90|N/A;1053|kevin|q2s1a-a1-9b-s2|PENDING|0:00|32|gres:gpu:h100:1;
2026-10-10T00:59:13Z 1051|kevin|s1a-a1-9b-s2|PENDING|0:00|90|N/A;1053|kevin|q2s1a-a1-9b-s2|PENDING|0:00|32|gres:gpu:h100:1;
2026-10-10T00:59:28Z 1051|kevin|s1a-a1-9b-s2|PENDING|0:00|90|N/A;1053|kevin|q2s1a-a1-9b-s2|PENDING|0:00|32|gres:gpu:h100:1;
2026-10-10T00:59:43Z 1051|kevin|s1a-a1-9b-s2|PENDING|0:00|90|N/A;1053|kevin|q2s1a-a1-9b-s2|PENDING|0:00|32|gres:gpu:h100:1;
2026-10-10T00:59:58Z 1051|kevin|s1a-a1-9b-s2|PENDING|0:00|90|N/A;1053|kevin|q2s1a-a1-9b-s2|PENDING|0:00|32|gres:gpu:h100:1;
2026-10-10T01:00:13Z 1051|kevin|s1a-a1-9b-s2|PENDING|0:00|90|N/A;1053|kevin|q2s1a-a1-9b-s2|PENDING|0:00|32|gres:gpu:h100:1;
2026-10-10T01:00:28Z 1051|kevin|s1a-a1-9b-s2|PENDING|0:00|90|N/A;1053|kevin|q2s1a-a1-9b-s2|PENDING|0:00|32|gres:gpu:h100:1;
2026-10-10T01:00:43Z 1051|kevin|s1a-a1-9b-s2|PENDING|0:00|90|N/A;1053|kevin|q2s1a-a1-9b-s2|PENDING|0:00|32|gres:gpu:h100:1;
2026-10-10T01:00:58Z 1051|kevin|s1a-a1-9b-s2|PENDING|0:00|90|N/A;1053|kevin|q2s1a-a1-9b-s2|PENDING|0:00|32|gres:gpu:h100:1;
2026-10-10T01:01:13Z 1051|kevin|s1a-a1-9b-s2|PENDING|0:00|90|N/A;1053|kevin|q2s1a-a1-9b-s2|PENDING|0:00|32|gres:gpu:h100:1;
2026-10-10T01:01:28Z 1051|kevin|s1a-a1-9b-s2|PENDING|0:00|90|N/A;1053|kevin|q2s1a-a1-9b-s2|PENDING|0:00|32|gres:gpu:h100:1;
2026-10-10T01:01:43Z 1051|kevin|s1a-a1-9b-s2|PENDING|0:00|90|N/A;1053|kevin|q2s1a-a1-9b-s2|PENDING|0:00|32|gres:gpu:h100:1;
2026-10-10T01:01:58Z 1051|kevin|s1a-a1-9b-s2|PENDING|0:00|90|N/A;1053|kevin|q2s1a-a1-9b-s2|PENDING|0:00|32|gres:gpu:h100:1;
2026-10-10T01:02:13Z 1051|kevin|s1a-a1-9b-s2|PENDING|0:00|90|N/A;1053|kevin|q2s1a-a1-9b-s2|PENDING|0:00|32|gres:gpu:h100:1;
2026-10-10T01:02:28Z 1051|kevin|s1a-a1-9b-s2|PENDING|0:00|90|N/A;1053|kevin|q2s1a-a1-9b-s2|PENDING|0:00|32|gres:gpu:h100:1;
2026-10-10T01:02:43Z 1051|kevin|s1a-a1-9b-s2|PENDING|0:00|90|N/A;1053|kevin|q2s1a-a1-9b-s2|PENDING|0:00|32|gres:gpu:h100:1;
2026-10-10T01:02:58Z 1051|kevin|s1a-a1-9b-s2|PENDING|0:00|90|N/A;1053|kevin|q2s1a-a1-9b-s2|PENDING|0:00|32|gres:gpu:h100:1;
2026-10-10T01:03:13Z 1051|kevin|s1a-a1-9b-s2|PENDING|0:00|90|N/A;1053|kevin|q2s1a-a1-9b-s2|PENDING|0:00|32|gres:gpu:h100:1;
2026-10-10T01:03:28Z 1051|kevin|s1a-a1-9b-s2|PENDING|0:00|90|N/A;1053|kevin|q2s1a-a1-9b-s2|PENDING|0:00|32|gres:gpu:h100:1;
2026-10-10T01:03:43Z 1051|kevin|s1a-a1-9b-s2|PENDING|0:00|90|N/A;1053|kevin|q2s1a-a1-9b-s2|PENDING|0:00|32|gres:gpu:h100:1;
2026-10-10T01:03:58Z 1051|kevin|s1a-a1-9b-s2|PENDING|0:00|90|N/A;1053|kevin|q2s1a-a1-9b-s2|PENDING|0:00|32|gres:gpu:h100:1;
2026-10-10T01:04:14Z 1051|kevin|s1a-a1-9b-s2|PENDING|0:00|90|N/A;1053|kevin|q2s1a-a1-9b-s2|PENDING|0:00|32|gres:gpu:h100:1;
2026-10-10T01:04:29Z 1051|kevin|s1a-a1-9b-s2|PENDING|0:00|90|N/A;1053|kevin|q2s1a-a1-9b-s2|PENDING|0:00|32|gres:gpu:h100:1;
2026-10-10T01:04:44Z 1051|kevin|s1a-a1-9b-s2|PENDING|0:00|90|N/A;1053|kevin|q2s1a-a1-9b-s2|PENDING|0:00|32|gres:gpu:h100:1;
2026-10-10T01:04:59Z 1051|kevin|s1a-a1-9b-s2|PENDING|0:00|90|N/A;1053|kevin|q2s1a-a1-9b-s2|PENDING|0:00|32|gres:gpu:h100:1;
2026-10-10T01:05:14Z 1051|kevin|s1a-a1-9b-s2|PENDING|0:00|90|N/A;1053|kevin|q2s1a-a1-9b-s2|PENDING|0:00|32|gres:gpu:h100:1;
2026-10-10T01:05:29Z 1051|kevin|s1a-a1-9b-s2|PENDING|0:00|90|N/A;1053|kevin|q2s1a-a1-9b-s2|PENDING|0:00|32|gres:gpu:h100:1;
2026-10-10T01:05:44Z 1051|kevin|s1a-a1-9b-s2|PENDING|0:00|90|N/A;1053|kevin|q2s1a-a1-9b-s2|PENDING|0:00|32|gres:gpu:h100:1;
2026-10-10T01:05:59Z 1051|kevin|s1a-a1-9b-s2|PENDING|0:00|90|N/A;1053|kevin|q2s1a-a1-9b-s2|PENDING|0:00|32|gres:gpu:h100:1;
2026-10-10T01:06:14Z 1051|kevin|s1a-a1-9b-s2|PENDING|0:00|90|N/A;1053|kevin|q2s1a-a1-9b-s2|PENDING|0:00|32|gres:gpu:h100:1;
2026-10-10T01:06:29Z 1051|kevin|s1a-a1-9b-s2|PENDING|0:00|90|N/A;1053|kevin|q2s1a-a1-9b-s2|PENDING|0:00|32|gres:gpu:h100:1;
2026-10-10T01:06:44Z 1051|kevin|s1a-a1-9b-s2|PENDING|0:00|90|N/A;1053|kevin|q2s1a-a1-9b-s2|PENDING|0:00|32|gres:gpu:h100:1;
2026-10-10T01:06:59Z 1051|kevin|s1a-a1-9b-s2|PENDING|0:00|90|N/A;1053|kevin|q2s1a-a1-9b-s2|PENDING|0:00|32|gres:gpu:h100:1;
2026-10-10T01:07:14Z 1051|kevin|s1a-a1-9b-s2|PENDING|0:00|90|N/A;1053|kevin|q2s1a-a1-9b-s2|PENDING|0:00|32|gres:gpu:h100:1;
2026-10-10T01:07:29Z 1051|kevin|s1a-a1-9b-s2|PENDING|0:00|90|N/A;1053|kevin|q2s1a-a1-9b-s2|PENDING|0:00|32|gres:gpu:h100:1;
2026-10-10T01:07:44Z 1051|kevin|s1a-a1-9b-s2|PENDING|0:00|90|N/A;1053|kevin|q2s1a-a1-9b-s2|PENDING|0:00|32|gres:gpu:h100:1;
2026-10-10T01:07:59Z 1051|kevin|s1a-a1-9b-s2|PENDING|0:00|90|N/A;1053|kevin|q2s1a-a1-9b-s2|PENDING|0:00|32|gres:gpu:h100:1;
2026-10-10T01:08:14Z 1051|kevin|s1a-a1-9b-s2|PENDING|0:00|90|N/A;1053|kevin|q2s1a-a1-9b-s2|PENDING|0:00|32|gres:gpu:h100:1;
2026-10-10T01:08:29Z 1051|kevin|s1a-a1-9b-s2|PENDING|0:00|90|N/A;1053|kevin|q2s1a-a1-9b-s2|PENDING|0:00|32|gres:gpu:h100:1;
2026-10-10T01:08:44Z 1051|kevin|s1a-a1-9b-s2|PENDING|0:00|90|N/A;1053|kevin|q2s1a-a1-9b-s2|PENDING|0:00|32|gres:gpu:h100:1;
2026-10-10T01:08:59Z 1051|kevin|s1a-a1-9b-s2|PENDING|0:00|90|N/A;1053|kevin|q2s1a-a1-9b-s2|PENDING|0:00|32|gres:gpu:h100:1;
2026-10-10T01:09:14Z 1051|kevin|s1a-a1-9b-s2|PENDING|0:00|90|N/A;1053|kevin|q2s1a-a1-9b-s2|PENDING|0:00|32|gres:gpu:h100:1;
2026-10-10T01:09:29Z 1051|kevin|s1a-a1-9b-s2|PENDING|0:00|90|N/A;1053|kevin|q2s1a-a1-9b-s2|PENDING|0:00|32|gres:gpu:h100:1;
2026-10-10T01:09:44Z 1051|kevin|s1a-a1-9b-s2|PENDING|0:00|90|N/A;1053|kevin|q2s1a-a1-9b-s2|PENDING|0:00|32|gres:gpu:h100:1;
2026-10-10T01:09:59Z 1051|kevin|s1a-a1-9b-s2|PENDING|0:00|90|N/A;1053|kevin|q2s1a-a1-9b-s2|PENDING|0:00|32|gres:gpu:h100:1;
2026-10-10T01:10:14Z 1051|kevin|s1a-a1-9b-s2|PENDING|0:00|90|N/A;1053|kevin|q2s1a-a1-9b-s2|PENDING|0:00|32|gres:gpu:h100:1;
2026-10-10T01:10:29Z 1051|kevin|s1a-a1-9b-s2|PENDING|0:00|90|N/A;1053|kevin|q2s1a-a1-9b-s2|PENDING|0:00|32|gres:gpu:h100:1;
2026-10-10T01:10:44Z 1051|kevin|s1a-a1-9b-s2|PENDING|0:00|90|N/A;1053|kevin|q2s1a-a1-9b-s2|PENDING|0:00|32|gres:gpu:h100:1;
2026-10-10T01:10:59Z 1051|kevin|s1a-a1-9b-s2|PENDING|0:00|90|N/A;1053|kevin|q2s1a-a1-9b-s2|PENDING|0:00|32|gres:gpu:h100:1;
2026-10-10T01:11:14Z 1051|kevin|s1a-a1-9b-s2|PENDING|0:00|90|N/A;1053|kevin|q2s1a-a1-9b-s2|PENDING|0:00|32|gres:gpu:h100:1;
2026-10-10T01:11:29Z 1051|kevin|s1a-a1-9b-s2|PENDING|0:00|90|N/A;1053|kevin|q2s1a-a1-9b-s2|PENDING|0:00|32|gres:gpu:h100:1;
2026-10-10T01:11:44Z 1051|kevin|s1a-a1-9b-s2|PENDING|0:00|90|N/A;1053|kevin|q2s1a-a1-9b-s2|PENDING|0:00|32|gres:gpu:h100:1;
2026-10-10T01:11:59Z 1051|kevin|s1a-a1-9b-s2|PENDING|0:00|90|N/A;1053|kevin|q2s1a-a1-9b-s2|PENDING|0:00|32|gres:gpu:h100:1;
2026-10-10T01:12:14Z 1051|kevin|s1a-a1-9b-s2|PENDING|0:00|90|N/A;1053|kevin|q2s1a-a1-9b-s2|PENDING|0:00|32|gres:gpu:h100:1;
2026-10-10T01:12:29Z 1051|kevin|s1a-a1-9b-s2|PENDING|0:00|90|N/A;1053|kevin|q2s1a-a1-9b-s2|PENDING|0:00|32|gres:gpu:h100:1;
2026-10-10T01:12:44Z 1051|kevin|s1a-a1-9b-s2|PENDING|0:00|90|N/A;1053|kevin|q2s1a-a1-9b-s2|PENDING|0:00|32|gres:gpu:h100:1;
2026-10-10T01:12:59Z 1051|kevin|s1a-a1-9b-s2|PENDING|0:00|90|N/A;1053|kevin|q2s1a-a1-9b-s2|PENDING|0:00|32|gres:gpu:h100:1;
2026-10-10T01:13:14Z 1051|kevin|s1a-a1-9b-s2|PENDING|0:00|90|N/A;1053|kevin|q2s1a-a1-9b-s2|PENDING|0:00|32|gres:gpu:h100:1;
2026-10-10T01:13:29Z 1051|kevin|s1a-a1-9b-s2|PENDING|0:00|90|N/A;1053|kevin|q2s1a-a1-9b-s2|PENDING|0:00|32|gres:gpu:h100:1;
2026-10-10T01:13:44Z 1051|kevin|s1a-a1-9b-s2|PENDING|0:00|90|N/A;1053|kevin|q2s1a-a1-9b-s2|PENDING|0:00|32|gres:gpu:h100:1;
2026-10-10T01:13:59Z 1051|kevin|s1a-a1-9b-s2|PENDING|0:00|90|N/A;1053|kevin|q2s1a-a1-9b-s2|PENDING|0:00|32|gres:gpu:h100:1;
2026-10-10T01:14:14Z 1051|kevin|s1a-a1-9b-s2|PENDING|0:00|90|N/A;1053|kevin|q2s1a-a1-9b-s2|PENDING|0:00|32|gres:gpu:h100:1;
2026-10-10T01:14:30Z 1051|kevin|s1a-a1-9b-s2|PENDING|0:00|90|N/A;1053|kevin|q2s1a-a1-9b-s2|PENDING|0:00|32|gres:gpu:h100:1;
2026-10-10T01:14:45Z 1051|kevin|s1a-a1-9b-s2|PENDING|0:00|90|N/A;1053|kevin|q2s1a-a1-9b-s2|PENDING|0:00|32|gres:gpu:h100:1;
2026-10-10T01:15:00Z 1051|kevin|s1a-a1-9b-s2|PENDING|0:00|90|N/A;1053|kevin|q2s1a-a1-9b-s2|PENDING|0:00|32|gres:gpu:h100:1;
2026-10-10T01:15:15Z 1051|kevin|s1a-a1-9b-s2|PENDING|0:00|90|N/A;1053|kevin|q2s1a-a1-9b-s2|PENDING|0:00|32|gres:gpu:h100:1;
2026-10-10T01:15:30Z 1051|kevin|s1a-a1-9b-s2|PENDING|0:00|90|N/A;1053|kevin|q2s1a-a1-9b-s2|PENDING|0:00|32|gres:gpu:h100:1;
2026-10-10T01:15:45Z 1051|kevin|s1a-a1-9b-s2|PENDING|0:00|90|N/A;1053|kevin|q2s1a-a1-9b-s2|PENDING|0:00|32|gres:gpu:h100:1;
2026-10-10T01:16:00Z 1051|kevin|s1a-a1-9b-s2|PENDING|0:00|90|N/A;1053|kevin|q2s1a-a1-9b-s2|PENDING|0:00|32|gres:gpu:h100:1;
2026-10-10T01:16:15Z 1051|kevin|s1a-a1-9b-s2|PENDING|0:00|90|N/A;1053|kevin|q2s1a-a1-9b-s2|PENDING|0:00|32|gres:gpu:h100:1;
2026-10-10T01:16:30Z 1051|kevin|s1a-a1-9b-s2|PENDING|0:00|90|N/A;1053|kevin|q2s1a-a1-9b-s2|PENDING|0:00|32|gres:gpu:h100:1;
2026-10-10T01:16:45Z 1051|kevin|s1a-a1-9b-s2|PENDING|0:00|90|N/A;1053|kevin|q2s1a-a1-9b-s2|PENDING|0:00|32|gres:gpu:h100:1;
2026-10-10T01:17:00Z 1051|kevin|s1a-a1-9b-s2|PENDING|0:00|90|N/A;1053|kevin|q2s1a-a1-9b-s2|PENDING|0:00|32|gres:gpu:h100:1;
2026-10-10T01:17:15Z 1051|kevin|s1a-a1-9b-s2|PENDING|0:00|90|N/A;1053|kevin|q2s1a-a1-9b-s2|PENDING|0:00|32|gres:gpu:h100:1;
2026-10-10T01:17:30Z 1051|kevin|s1a-a1-9b-s2|PENDING|0:00|90|N/A;1053|kevin|q2s1a-a1-9b-s2|PENDING|0:00|32|gres:gpu:h100:1;
2026-10-10T01:17:45Z 1051|kevin|s1a-a1-9b-s2|PENDING|0:00|90|N/A;1053|kevin|q2s1a-a1-9b-s2|PENDING|0:00|32|gres:gpu:h100:1;
2026-10-10T01:18:00Z 1051|kevin|s1a-a1-9b-s2|PENDING|0:00|90|N/A;1053|kevin|q2s1a-a1-9b-s2|PENDING|0:00|32|gres:gpu:h100:1;
2026-10-10T01:18:15Z 1051|kevin|s1a-a1-9b-s2|PENDING|0:00|90|N/A;1053|kevin|q2s1a-a1-9b-s2|PENDING|0:00|32|gres:gpu:h100:1;
2026-10-10T01:18:30Z 1051|kevin|s1a-a1-9b-s2|PENDING|0:00|90|N/A;1053|kevin|q2s1a-a1-9b-s2|PENDING|0:00|32|gres:gpu:h100:1;
2026-10-10T01:18:45Z 1051|kevin|s1a-a1-9b-s2|PENDING|0:00|90|N/A;1053|kevin|q2s1a-a1-9b-s2|PENDING|0:00|32|gres:gpu:h100:1;
2026-10-10T01:19:00Z 1051|kevin|s1a-a1-9b-s2|PENDING|0:00|90|N/A;1053|kevin|q2s1a-a1-9b-s2|PENDING|0:00|32|gres:gpu:h100:1;
2026-10-10T01:19:15Z 1051|kevin|s1a-a1-9b-s2|PENDING|0:00|90|N/A;1053|kevin|q2s1a-a1-9b-s2|PENDING|0:00|32|gres:gpu:h100:1;
2026-10-10T01:19:30Z 1051|kevin|s1a-a1-9b-s2|PENDING|0:00|90|N/A;1053|kevin|q2s1a-a1-9b-s2|PENDING|0:00|32|gres:gpu:h100:1;
2026-10-10T01:19:45Z 1051|kevin|s1a-a1-9b-s2|PENDING|0:00|90|N/A;1053|kevin|q2s1a-a1-9b-s2|PENDING|0:00|32|gres:gpu:h100:1;
2026-10-10T01:20:00Z 1051|kevin|s1a-a1-9b-s2|PENDING|0:00|90|N/A;1053|kevin|q2s1a-a1-9b-s2|PENDING|0:00|32|gres:gpu:h100:1;
2026-10-10T01:20:15Z 1051|kevin|s1a-a1-9b-s2|PENDING|0:00|90|N/A;1053|kevin|q2s1a-a1-9b-s2|PENDING|0:00|32|gres:gpu:h100:1;
2026-10-10T01:20:30Z 1051|kevin|s1a-a1-9b-s2|PENDING|0:00|90|N/A;1053|kevin|q2s1a-a1-9b-s2|PENDING|0:00|32|gres:gpu:h100:1;
2026-10-10T01:20:45Z 1051|kevin|s1a-a1-9b-s2|PENDING|0:00|90|N/A;1053|kevin|q2s1a-a1-9b-s2|PENDING|0:00|32|gres:gpu:h100:1;
2026-10-10T01:21:00Z 1051|kevin|s1a-a1-9b-s2|PENDING|0:00|90|N/A;1053|kevin|q2s1a-a1-9b-s2|PENDING|0:00|32|gres:gpu:h100:1;
2026-10-10T01:21:15Z 1051|kevin|s1a-a1-9b-s2|PENDING|0:00|90|N/A;1053|kevin|q2s1a-a1-9b-s2|PENDING|0:00|32|gres:gpu:h100:1;
2026-10-10T01:21:30Z 1051|kevin|s1a-a1-9b-s2|PENDING|0:00|90|N/A;1053|kevin|q2s1a-a1-9b-s2|PENDING|0:00|32|gres:gpu:h100:1;
2026-10-10T01:21:45Z 1051|kevin|s1a-a1-9b-s2|PENDING|0:00|90|N/A;1053|kevin|q2s1a-a1-9b-s2|PENDING|0:00|32|gres:gpu:h100:1;
2026-10-10T01:22:00Z 1051|kevin|s1a-a1-9b-s2|PENDING|0:00|90|N/A;1053|kevin|q2s1a-a1-9b-s2|PENDING|0:00|32|gres:gpu:h100:1;
2026-10-10T01:22:15Z 1051|kevin|s1a-a1-9b-s2|PENDING|0:00|90|N/A;1053|kevin|q2s1a-a1-9b-s2|PENDING|0:00|32|gres:gpu:h100:1;
2026-10-10T01:22:30Z 1051|kevin|s1a-a1-9b-s2|PENDING|0:00|90|N/A;1053|kevin|q2s1a-a1-9b-s2|PENDING|0:00|32|gres:gpu:h100:1;
2026-10-10T01:22:45Z 1051|kevin|s1a-a1-9b-s2|PENDING|0:00|90|N/A;1053|kevin|q2s1a-a1-9b-s2|PENDING|0:00|32|gres:gpu:h100:1;
2026-10-10T01:23:00Z 1051|kevin|s1a-a1-9b-s2|PENDING|0:00|90|N/A;1053|kevin|q2s1a-a1-9b-s2|PENDING|0:00|32|gres:gpu:h100:1;
2026-10-10T01:23:15Z 1051|kevin|s1a-a1-9b-s2|PENDING|0:00|90|N/A;1053|kevin|q2s1a-a1-9b-s2|PENDING|0:00|32|gres:gpu:h100:1;
2026-10-10T01:23:30Z 1051|kevin|s1a-a1-9b-s2|PENDING|0:00|90|N/A;1053|kevin|q2s1a-a1-9b-s2|PENDING|0:00|32|gres:gpu:h100:1;
2026-10-10T01:23:45Z 1051|kevin|s1a-a1-9b-s2|PENDING|0:00|90|N/A;1053|kevin|q2s1a-a1-9b-s2|PENDING|0:00|32|gres:gpu:h100:1;
2026-10-10T01:24:00Z 1051|kevin|s1a-a1-9b-s2|PENDING|0:00|90|N/A;1053|kevin|q2s1a-a1-9b-s2|PENDING|0:00|32|gres:gpu:h100:1;
2026-10-10T01:24:15Z 1051|kevin|s1a-a1-9b-s2|PENDING|0:00|90|N/A;1053|kevin|q2s1a-a1-9b-s2|PENDING|0:00|32|gres:gpu:h100:1;
2026-10-10T01:24:30Z 1051|kevin|s1a-a1-9b-s2|PENDING|0:00|90|N/A;1053|kevin|q2s1a-a1-9b-s2|PENDING|0:00|32|gres:gpu:h100:1;
2026-10-10T01:24:46Z 1051|kevin|s1a-a1-9b-s2|PENDING|0:00|90|N/A;1053|kevin|q2s1a-a1-9b-s2|PENDING|0:00|32|gres:gpu:h100:1;
2026-10-10T01:25:01Z 1051|kevin|s1a-a1-9b-s2|PENDING|0:00|90|N/A;1053|kevin|q2s1a-a1-9b-s2|PENDING|0:00|32|gres:gpu:h100:1;
2026-10-10T01:25:16Z 1051|kevin|s1a-a1-9b-s2|PENDING|0:00|90|N/A;1053|kevin|q2s1a-a1-9b-s2|PENDING|0:00|32|gres:gpu:h100:1;
2026-10-10T01:25:31Z 1051|kevin|s1a-a1-9b-s2|PENDING|0:00|90|N/A;1053|kevin|q2s1a-a1-9b-s2|PENDING|0:00|32|gres:gpu:h100:1;
2026-10-10T01:25:46Z 1051|kevin|s1a-a1-9b-s2|PENDING|0:00|90|N/A;1053|kevin|q2s1a-a1-9b-s2|PENDING|0:00|32|gres:gpu:h100:1;
2026-10-10T01:26:01Z 1051|kevin|s1a-a1-9b-s2|PENDING|0:00|90|N/A;1053|kevin|q2s1a-a1-9b-s2|PENDING|0:00|32|gres:gpu:h100:1;
2026-10-10T01:26:16Z 1051|kevin|s1a-a1-9b-s2|PENDING|0:00|90|N/A;1053|kevin|q2s1a-a1-9b-s2|PENDING|0:00|32|gres:gpu:h100:1;
2026-10-10T01:26:31Z 1051|kevin|s1a-a1-9b-s2|PENDING|0:00|90|N/A;1053|kevin|q2s1a-a1-9b-s2|PENDING|0:00|32|gres:gpu:h100:1;
2026-10-10T01:26:46Z 1051|kevin|s1a-a1-9b-s2|PENDING|0:00|90|N/A;1053|kevin|q2s1a-a1-9b-s2|PENDING|0:00|32|gres:gpu:h100:1;
2026-10-10T01:27:01Z 1051|kevin|s1a-a1-9b-s2|PENDING|0:00|90|N/A;1053|kevin|q2s1a-a1-9b-s2|PENDING|0:00|32|gres:gpu:h100:1;
2026-10-10T01:27:16Z 1051|kevin|s1a-a1-9b-s2|PENDING|0:00|90|N/A;1053|kevin|q2s1a-a1-9b-s2|PENDING|0:00|32|gres:gpu:h100:1;
2026-10-10T01:27:31Z 1051|kevin|s1a-a1-9b-s2|PENDING|0:00|90|N/A;1053|kevin|q2s1a-a1-9b-s2|PENDING|0:00|32|gres:gpu:h100:1;
2026-10-10T01:27:46Z 1051|kevin|s1a-a1-9b-s2|PENDING|0:00|90|N/A;1053|kevin|q2s1a-a1-9b-s2|PENDING|0:00|32|gres:gpu:h100:1;
2026-10-10T01:28:01Z 1051|kevin|s1a-a1-9b-s2|PENDING|0:00|90|N/A;1053|kevin|q2s1a-a1-9b-s2|PENDING|0:00|32|gres:gpu:h100:1;
2026-10-10T01:28:16Z 1051|kevin|s1a-a1-9b-s2|PENDING|0:00|90|N/A;1053|kevin|q2s1a-a1-9b-s2|PENDING|0:00|32|gres:gpu:h100:1;
2026-10-10T01:28:31Z 1051|kevin|s1a-a1-9b-s2|PENDING|0:00|90|N/A;1053|kevin|q2s1a-a1-9b-s2|PENDING|0:00|32|gres:gpu:h100:1;
2026-10-10T01:28:46Z 1051|kevin|s1a-a1-9b-s2|PENDING|0:00|90|N/A;1053|kevin|q2s1a-a1-9b-s2|PENDING|0:00|32|gres:gpu:h100:1;
2026-10-10T01:29:01Z 1051|kevin|s1a-a1-9b-s2|PENDING|0:00|90|N/A;1053|kevin|q2s1a-a1-9b-s2|PENDING|0:00|32|gres:gpu:h100:1;
2026-10-10T01:29:16Z 1051|kevin|s1a-a1-9b-s2|PENDING|0:00|90|N/A;1053|kevin|q2s1a-a1-9b-s2|PENDING|0:00|32|gres:gpu:h100:1;
2026-10-10T01:29:31Z 1051|kevin|s1a-a1-9b-s2|PENDING|0:00|90|N/A;1053|kevin|q2s1a-a1-9b-s2|PENDING|0:00|32|gres:gpu:h100:1;
2026-10-10T01:29:46Z 1051|kevin|s1a-a1-9b-s2|PENDING|0:00|90|N/A;1053|kevin|q2s1a-a1-9b-s2|PENDING|0:00|32|gres:gpu:h100:1;
2026-10-10T01:30:01Z 1051|kevin|s1a-a1-9b-s2|PENDING|0:00|90|N/A;1053|kevin|q2s1a-a1-9b-s2|PENDING|0:00|32|gres:gpu:h100:1;
2026-10-10T01:30:16Z 1051|kevin|s1a-a1-9b-s2|PENDING|0:00|90|N/A;1053|kevin|q2s1a-a1-9b-s2|PENDING|0:00|32|gres:gpu:h100:1;
2026-10-10T01:30:31Z 1051|kevin|s1a-a1-9b-s2|PENDING|0:00|90|N/A;1053|kevin|q2s1a-a1-9b-s2|PENDING|0:00|32|gres:gpu:h100:1;
2026-10-10T01:30:46Z 1051|kevin|s1a-a1-9b-s2|PENDING|0:00|90|N/A;1053|kevin|q2s1a-a1-9b-s2|PENDING|0:00|32|gres:gpu:h100:1;
2026-10-10T01:31:01Z 1051|kevin|s1a-a1-9b-s2|PENDING|0:00|90|N/A;1053|kevin|q2s1a-a1-9b-s2|PENDING|0:00|32|gres:gpu:h100:1;
2026-10-10T01:31:16Z 1051|kevin|s1a-a1-9b-s2|PENDING|0:00|90|N/A;1053|kevin|q2s1a-a1-9b-s2|PENDING|0:00|32|gres:gpu:h100:1;
2026-10-10T01:31:31Z 1051|kevin|s1a-a1-9b-s2|PENDING|0:00|90|N/A;1053|kevin|q2s1a-a1-9b-s2|PENDING|0:00|32|gres:gpu:h100:1;
2026-10-10T01:31:46Z 1051|kevin|s1a-a1-9b-s2|PENDING|0:00|90|N/A;1053|kevin|q2s1a-a1-9b-s2|PENDING|0:00|32|gres:gpu:h100:1;
2026-10-10T01:32:01Z 1051|kevin|s1a-a1-9b-s2|PENDING|0:00|90|N/A;1053|kevin|q2s1a-a1-9b-s2|PENDING|0:00|32|gres:gpu:h100:1;
2026-10-10T01:32:16Z 1051|kevin|s1a-a1-9b-s2|PENDING|0:00|90|N/A;1053|kevin|q2s1a-a1-9b-s2|PENDING|0:00|32|gres:gpu:h100:1;
2026-10-10T01:32:31Z 1051|kevin|s1a-a1-9b-s2|PENDING|0:00|90|N/A;1053|kevin|q2s1a-a1-9b-s2|PENDING|0:00|32|gres:gpu:h100:1;
2026-10-10T01:32:46Z 1051|kevin|s1a-a1-9b-s2|PENDING|0:00|90|N/A;1053|kevin|q2s1a-a1-9b-s2|PENDING|0:00|32|gres:gpu:h100:1;
2026-10-10T01:33:01Z 1051|kevin|s1a-a1-9b-s2|PENDING|0:00|90|N/A;1053|kevin|q2s1a-a1-9b-s2|PENDING|0:00|32|gres:gpu:h100:1;
2026-10-10T01:33:16Z 1051|kevin|s1a-a1-9b-s2|PENDING|0:00|90|N/A;1053|kevin|q2s1a-a1-9b-s2|PENDING|0:00|32|gres:gpu:h100:1;
2026-10-10T01:33:31Z 1051|kevin|s1a-a1-9b-s2|PENDING|0:00|90|N/A;1053|kevin|q2s1a-a1-9b-s2|PENDING|0:00|32|gres:gpu:h100:1;
2026-10-10T01:33:46Z 1051|kevin|s1a-a1-9b-s2|PENDING|0:00|90|N/A;1053|kevin|q2s1a-a1-9b-s2|PENDING|0:00|32|gres:gpu:h100:1;
2026-10-10T01:34:01Z 1051|kevin|s1a-a1-9b-s2|PENDING|0:00|90|N/A;1053|kevin|q2s1a-a1-9b-s2|PENDING|0:00|32|gres:gpu:h100:1;
2026-10-10T01:34:16Z 1051|kevin|s1a-a1-9b-s2|PENDING|0:00|90|N/A;1053|kevin|q2s1a-a1-9b-s2|PENDING|0:00|32|gres:gpu:h100:1;
2026-10-10T01:34:31Z 1051|kevin|s1a-a1-9b-s2|PENDING|0:00|90|N/A;1053|kevin|q2s1a-a1-9b-s2|PENDING|0:00|32|gres:gpu:h100:1;
2026-10-10T01:34:46Z 1051|kevin|s1a-a1-9b-s2|PENDING|0:00|90|N/A;1053|kevin|q2s1a-a1-9b-s2|PENDING|0:00|32|gres:gpu:h100:1;
2026-10-10T01:35:01Z 1051|kevin|s1a-a1-9b-s2|PENDING|0:00|90|N/A;1053|kevin|q2s1a-a1-9b-s2|PENDING|0:00|32|gres:gpu:h100:1;
2026-10-10T01:35:16Z 1051|kevin|s1a-a1-9b-s2|PENDING|0:00|90|N/A;1053|kevin|q2s1a-a1-9b-s2|PENDING|0:00|32|gres:gpu:h100:1;
2026-10-10T01:35:31Z 1051|kevin|s1a-a1-9b-s2|PENDING|0:00|90|N/A;1053|kevin|q2s1a-a1-9b-s2|PENDING|0:00|32|gres:gpu:h100:1;
2026-10-10T01:35:46Z 1051|kevin|s1a-a1-9b-s2|PENDING|0:00|90|N/A;1053|kevin|q2s1a-a1-9b-s2|PENDING|0:00|32|gres:gpu:h100:1;
2026-10-10T01:36:01Z 1051|kevin|s1a-a1-9b-s2|PENDING|0:00|90|N/A;1053|kevin|q2s1a-a1-9b-s2|PENDING|0:00|32|gres:gpu:h100:1;
2026-10-10T01:36:16Z 1051|kevin|s1a-a1-9b-s2|PENDING|0:00|90|N/A;1053|kevin|q2s1a-a1-9b-s2|PENDING|0:00|32|gres:gpu:h100:1;
2026-10-10T01:36:31Z 1051|kevin|s1a-a1-9b-s2|PENDING|0:00|90|N/A;1053|kevin|q2s1a-a1-9b-s2|PENDING|0:00|32|gres:gpu:h100:1;
2026-10-10T01:36:47Z 1051|kevin|s1a-a1-9b-s2|PENDING|0:00|90|N/A;1053|kevin|q2s1a-a1-9b-s2|PENDING|0:00|32|gres:gpu:h100:1;
2026-10-10T01:37:02Z 1051|kevin|s1a-a1-9b-s2|PENDING|0:00|90|N/A;1053|kevin|q2s1a-a1-9b-s2|PENDING|0:00|32|gres:gpu:h100:1;
2026-10-10T01:37:17Z 1051|kevin|s1a-a1-9b-s2|PENDING|0:00|90|N/A;1053|kevin|q2s1a-a1-9b-s2|PENDING|0:00|32|gres:gpu:h100:1;
2026-10-10T01:37:32Z 1051|kevin|s1a-a1-9b-s2|PENDING|0:00|90|N/A;1053|kevin|q2s1a-a1-9b-s2|PENDING|0:00|32|gres:gpu:h100:1;
2026-10-10T01:37:47Z 1051|kevin|s1a-a1-9b-s2|PENDING|0:00|90|N/A;1053|kevin|q2s1a-a1-9b-s2|PENDING|0:00|32|gres:gpu:h100:1;
2026-10-10T01:38:02Z 1051|kevin|s1a-a1-9b-s2|PENDING|0:00|90|N/A;1053|kevin|q2s1a-a1-9b-s2|PENDING|0:00|32|gres:gpu:h100:1;
2026-10-10T01:38:17Z 1051|kevin|s1a-a1-9b-s2|PENDING|0:00|90|N/A;1053|kevin|q2s1a-a1-9b-s2|PENDING|0:00|32|gres:gpu:h100:1;
2026-10-10T01:38:32Z 1051|kevin|s1a-a1-9b-s2|PENDING|0:00|90|N/A;1053|kevin|q2s1a-a1-9b-s2|PENDING|0:00|32|gres:gpu:h100:1;
2026-10-10T01:38:47Z 1051|kevin|s1a-a1-9b-s2|PENDING|0:00|90|N/A;1053|kevin|q2s1a-a1-9b-s2|PENDING|0:00|32|gres:gpu:h100:1;
2026-10-10T01:39:02Z 1051|kevin|s1a-a1-9b-s2|PENDING|0:00|90|N/A;1053|kevin|q2s1a-a1-9b-s2|PENDING|0:00|32|gres:gpu:h100:1;
2026-10-10T01:39:17Z 1051|kevin|s1a-a1-9b-s2|PENDING|0:00|90|N/A;1053|kevin|q2s1a-a1-9b-s2|PENDING|0:00|32|gres:gpu:h100:1;
2026-10-10T01:39:32Z 1051|kevin|s1a-a1-9b-s2|PENDING|0:00|90|N/A;1053|kevin|q2s1a-a1-9b-s2|PENDING|0:00|32|gres:gpu:h100:1;
2026-10-10T01:39:47Z 1051|kevin|s1a-a1-9b-s2|PENDING|0:00|90|N/A;1053|kevin|q2s1a-a1-9b-s2|PENDING|0:00|32|gres:gpu:h100:1;
2026-10-10T01:40:02Z 1051|kevin|s1a-a1-9b-s2|PENDING|0:00|90|N/A;1053|kevin|q2s1a-a1-9b-s2|PENDING|0:00|32|gres:gpu:h100:1;
2026-10-10T01:40:17Z 1051|kevin|s1a-a1-9b-s2|PENDING|0:00|90|N/A;1053|kevin|q2s1a-a1-9b-s2|PENDING|0:00|32|gres:gpu:h100:1;
2026-10-10T01:40:32Z 1051|kevin|s1a-a1-9b-s2|PENDING|0:00|90|N/A;1053|kevin|q2s1a-a1-9b-s2|PENDING|0:00|32|gres:gpu:h100:1;
2026-10-10T01:40:47Z 1051|kevin|s1a-a1-9b-s2|PENDING|0:00|90|N/A;1053|kevin|q2s1a-a1-9b-s2|PENDING|0:00|32|gres:gpu:h100:1;
2026-10-10T01:41:02Z 1051|kevin|s1a-a1-9b-s2|PENDING|0:00|90|N/A;1053|kevin|q2s1a-a1-9b-s2|PENDING|0:00|32|gres:gpu:h100:1;
2026-10-10T01:41:17Z 1051|kevin|s1a-a1-9b-s2|PENDING|0:00|90|N/A;1053|kevin|q2s1a-a1-9b-s2|PENDING|0:00|32|gres:gpu:h100:1;
2026-10-10T01:41:32Z 1051|kevin|s1a-a1-9b-s2|PENDING|0:00|90|N/A;1053|kevin|q2s1a-a1-9b-s2|PENDING|0:00|32|gres:gpu:h100:1;
2026-10-10T01:41:47Z 1051|kevin|s1a-a1-9b-s2|PENDING|0:00|90|N/A;1053|kevin|q2s1a-a1-9b-s2|PENDING|0:00|32|gres:gpu:h100:1;
2026-10-10T01:42:02Z 1051|kevin|s1a-a1-9b-s2|PENDING|0:00|90|N/A;1053|kevin|q2s1a-a1-9b-s2|PENDING|0:00|32|gres:gpu:h100:1;1054|kevin|cotcodec-s1a-cpu|RUNNING|0:04|8|N/A;
2026-10-10T01:42:17Z 1051|kevin|s1a-a1-9b-s2|PENDING|0:00|90|N/A;1053|kevin|q2s1a-a1-9b-s2|PENDING|0:00|32|gres:gpu:h100:1;1054|kevin|cotcodec-s1a-cpu|RUNNING|0:19|8|N/A;
2026-10-10T01:42:32Z 1051|kevin|s1a-a1-9b-s2|PENDING|0:00|90|N/A;1053|kevin|q2s1a-a1-9b-s2|PENDING|0:00|32|gres:gpu:h100:1;1054|kevin|cotcodec-s1a-cpu|RUNNING|0:34|8|N/A;
2026-10-10T01:42:47Z 1051|kevin|s1a-a1-9b-s2|PENDING|0:00|90|N/A;1053|kevin|q2s1a-a1-9b-s2|PENDING|0:00|32|gres:gpu:h100:1;1054|kevin|cotcodec-s1a-cpu|RUNNING|0:49|8|N/A;
2026-10-10T01:43:02Z 1051|kevin|s1a-a1-9b-s2|PENDING|0:00|90|N/A;1053|kevin|q2s1a-a1-9b-s2|PENDING|0:00|32|gres:gpu:h100:1;1054|kevin|cotcodec-s1a-cpu|RUNNING|1:04|8|N/A;
2026-10-10T01:43:17Z 1051|kevin|s1a-a1-9b-s2|PENDING|0:00|90|N/A;1053|kevin|q2s1a-a1-9b-s2|PENDING|0:00|32|gres:gpu:h100:1;1054|kevin|cotcodec-s1a-cpu|RUNNING|1:19|8|N/A;
2026-10-10T01:43:32Z 1051|kevin|s1a-a1-9b-s2|PENDING|0:00|90|N/A;1053|kevin|q2s1a-a1-9b-s2|PENDING|0:00|32|gres:gpu:h100:1;1054|kevin|cotcodec-s1a-cpu|RUNNING|1:34|8|N/A;
2026-10-10T01:43:47Z 1051|kevin|s1a-a1-9b-s2|PENDING|0:00|90|N/A;1053|kevin|q2s1a-a1-9b-s2|PENDING|0:00|32|gres:gpu:h100:1;1054|kevin|cotcodec-s1a-cpu|RUNNING|1:49|8|N/A;
2026-10-10T01:44:02Z 1051|kevin|s1a-a1-9b-s2|PENDING|0:00|90|N/A;1053|kevin|q2s1a-a1-9b-s2|PENDING|0:00|32|gres:gpu:h100:1;1054|kevin|cotcodec-s1a-cpu|RUNNING|2:04|8|N/A;1056|kevin|s1a-dryrun-py|RUNNING|0:05|2|N/A;
2026-10-10T01:44:17Z 1051|kevin|s1a-a1-9b-s2|PENDING|0:00|90|N/A;1053|kevin|q2s1a-a1-9b-s2|PENDING|0:00|32|gres:gpu:h100:1;1054|kevin|cotcodec-s1a-cpu|RUNNING|2:19|8|N/A;1056|kevin|s1a-dryrun-py|RUNNING|0:20|2|N/A;
2026-10-10T01:44:32Z 1051|kevin|s1a-a1-9b-s2|PENDING|0:00|90|N/A;1053|kevin|q2s1a-a1-9b-s2|PENDING|0:00|32|gres:gpu:h100:1;1054|kevin|cotcodec-s1a-cpu|RUNNING|2:34|8|N/A;
2026-10-10T01:44:47Z 1051|kevin|s1a-a1-9b-s2|PENDING|0:00|90|N/A;1053|kevin|q2s1a-a1-9b-s2|PENDING|0:00|32|gres:gpu:h100:1;1054|kevin|cotcodec-s1a-cpu|RUNNING|2:49|8|N/A;
2026-10-10T01:45:02Z 1051|kevin|s1a-a1-9b-s2|PENDING|0:00|90|N/A;1053|kevin|q2s1a-a1-9b-s2|PENDING|0:00|32|gres:gpu:h100:1;1054|kevin|cotcodec-s1a-cpu|RUNNING|3:04|8|N/A;
2026-10-10T01:45:17Z 1051|kevin|s1a-a1-9b-s2|PENDING|0:00|90|N/A;1053|kevin|q2s1a-a1-9b-s2|PENDING|0:00|32|gres:gpu:h100:1;1054|kevin|cotcodec-s1a-cpu|RUNNING|3:19|8|N/A;
2026-10-10T01:45:32Z 1051|kevin|s1a-a1-9b-s2|PENDING|0:00|90|N/A;1053|kevin|q2s1a-a1-9b-s2|PENDING|0:00|32|gres:gpu:h100:1;1054|kevin|cotcodec-s1a-cpu|RUNNING|3:34|8|N/A;
2026-10-10T01:45:47Z 1051|kevin|s1a-a1-9b-s2|PENDING|0:00|90|N/A;1053|kevin|q2s1a-a1-9b-s2|PENDING|0:00|32|gres:gpu:h100:1;1054|kevin|cotcodec-s1a-cpu|RUNNING|3:49|8|N/A;
2026-10-10T01:46:02Z 1051|kevin|s1a-a1-9b-s2|PENDING|0:00|90|N/A;1053|kevin|q2s1a-a1-9b-s2|PENDING|0:00|32|gres:gpu:h100:1;1054|kevin|cotcodec-s1a-cpu|RUNNING|4:04|8|N/A;
2026-10-10T01:46:17Z 1051|kevin|s1a-a1-9b-s2|PENDING|0:00|90|N/A;1053|kevin|q2s1a-a1-9b-s2|PENDING|0:00|32|gres:gpu:h100:1;1054|kevin|cotcodec-s1a-cpu|RUNNING|4:19|8|N/A;
2026-10-10T01:46:32Z 1051|kevin|s1a-a1-9b-s2|PENDING|0:00|90|N/A;1053|kevin|q2s1a-a1-9b-s2|PENDING|0:00|32|gres:gpu:h100:1;1054|kevin|cotcodec-s1a-cpu|RUNNING|4:34|8|N/A;
2026-10-10T01:46:47Z 1051|kevin|s1a-a1-9b-s2|PENDING|0:00|90|N/A;1053|kevin|q2s1a-a1-9b-s2|PENDING|0:00|32|gres:gpu:h100:1;1054|kevin|cotcodec-s1a-cpu|RUNNING|4:49|8|N/A;
2026-10-10T01:47:02Z 1051|kevin|s1a-a1-9b-s2|PENDING|0:00|90|N/A;1053|kevin|q2s1a-a1-9b-s2|PENDING|0:00|32|gres:gpu:h100:1;1054|kevin|cotcodec-s1a-cpu|RUNNING|5:04|8|N/A;
2026-10-10T01:47:17Z 1051|kevin|s1a-a1-9b-s2|PENDING|0:00|90|N/A;1053|kevin|q2s1a-a1-9b-s2|PENDING|0:00|32|gres:gpu:h100:1;1054|kevin|cotcodec-s1a-cpu|RUNNING|5:19|8|N/A;
2026-10-10T01:47:32Z 1051|kevin|s1a-a1-9b-s2|PENDING|0:00|90|N/A;1053|kevin|q2s1a-a1-9b-s2|PENDING|0:00|32|gres:gpu:h100:1;1054|kevin|cotcodec-s1a-cpu|RUNNING|5:34|8|N/A;
2026-10-10T01:47:47Z 1051|kevin|s1a-a1-9b-s2|PENDING|0:00|90|N/A;1053|kevin|q2s1a-a1-9b-s2|PENDING|0:00|32|gres:gpu:h100:1;1054|kevin|cotcodec-s1a-cpu|RUNNING|5:49|8|N/A;
2026-10-10T01:48:03Z 1051|kevin|s1a-a1-9b-s2|PENDING|0:00|90|N/A;1053|kevin|q2s1a-a1-9b-s2|PENDING|0:00|32|gres:gpu:h100:1;1054|kevin|cotcodec-s1a-cpu|RUNNING|6:05|8|N/A;
2026-10-10T01:48:18Z 1051|kevin|s1a-a1-9b-s2|PENDING|0:00|90|N/A;1053|kevin|q2s1a-a1-9b-s2|PENDING|0:00|32|gres:gpu:h100:1;1054|kevin|cotcodec-s1a-cpu|RUNNING|6:20|8|N/A;
2026-10-10T01:48:33Z 1051|kevin|s1a-a1-9b-s2|PENDING|0:00|90|N/A;1053|kevin|q2s1a-a1-9b-s2|PENDING|0:00|32|gres:gpu:h100:1;1054|kevin|cotcodec-s1a-cpu|RUNNING|6:35|8|N/A;1057|kevin|cotcodec-s1a-cpu|RUNNING|0:11|8|N/A;
2026-10-10T01:48:48Z 1051|kevin|s1a-a1-9b-s2|PENDING|0:00|90|N/A;1053|kevin|q2s1a-a1-9b-s2|PENDING|0:00|32|gres:gpu:h100:1;1054|kevin|cotcodec-s1a-cpu|RUNNING|6:50|8|N/A;1057|kevin|cotcodec-s1a-cpu|RUNNING|0:26|8|N/A;
2026-10-10T01:49:03Z 1051|kevin|s1a-a1-9b-s2|PENDING|0:00|90|N/A;1053|kevin|q2s1a-a1-9b-s2|PENDING|0:00|32|gres:gpu:h100:1;1054|kevin|cotcodec-s1a-cpu|RUNNING|7:05|8|N/A;1057|kevin|cotcodec-s1a-cpu|RUNNING|0:41|8|N/A;
2026-10-10T01:49:18Z 1051|kevin|s1a-a1-9b-s2|PENDING|0:00|90|N/A;1053|kevin|q2s1a-a1-9b-s2|PENDING|0:00|32|gres:gpu:h100:1;1054|kevin|cotcodec-s1a-cpu|RUNNING|7:20|8|N/A;1057|kevin|cotcodec-s1a-cpu|RUNNING|0:56|8|N/A;
2026-10-10T01:49:33Z 1051|kevin|s1a-a1-9b-s2|PENDING|0:00|90|N/A;1053|kevin|q2s1a-a1-9b-s2|PENDING|0:00|32|gres:gpu:h100:1;1054|kevin|cotcodec-s1a-cpu|RUNNING|7:35|8|N/A;1057|kevin|cotcodec-s1a-cpu|RUNNING|1:11|8|N/A;
2026-10-10T01:49:48Z 1051|kevin|s1a-a1-9b-s2|PENDING|0:00|90|N/A;1053|kevin|q2s1a-a1-9b-s2|PENDING|0:00|32|gres:gpu:h100:1;1054|kevin|cotcodec-s1a-cpu|RUNNING|7:50|8|N/A;1057|kevin|cotcodec-s1a-cpu|RUNNING|1:26|8|N/A;
2026-10-10T01:50:03Z 1051|kevin|s1a-a1-9b-s2|PENDING|0:00|90|N/A;1053|kevin|q2s1a-a1-9b-s2|PENDING|0:00|32|gres:gpu:h100:1;1054|kevin|cotcodec-s1a-cpu|RUNNING|8:05|8|N/A;1057|kevin|cotcodec-s1a-cpu|RUNNING|1:41|8|N/A;
2026-10-10T01:50:18Z 1051|kevin|s1a-a1-9b-s2|PENDING|0:00|90|N/A;1053|kevin|q2s1a-a1-9b-s2|PENDING|0:00|32|gres:gpu:h100:1;1054|kevin|cotcodec-s1a-cpu|RUNNING|8:20|8|N/A;1057|kevin|cotcodec-s1a-cpu|RUNNING|1:56|8|N/A;
2026-10-10T01:50:33Z 1051|kevin|s1a-a1-9b-s2|PENDING|0:00|90|N/A;1053|kevin|q2s1a-a1-9b-s2|PENDING|0:00|32|gres:gpu:h100:1;1054|kevin|cotcodec-s1a-cpu|RUNNING|8:35|8|N/A;1057|kevin|cotcodec-s1a-cpu|RUNNING|2:11|8|N/A;
2026-10-10T01:50:48Z 1051|kevin|s1a-a1-9b-s2|PENDING|0:00|90|N/A;1053|kevin|q2s1a-a1-9b-s2|PENDING|0:00|32|gres:gpu:h100:1;1054|kevin|cotcodec-s1a-cpu|RUNNING|8:50|8|N/A;1057|kevin|cotcodec-s1a-cpu|RUNNING|2:26|8|N/A;
2026-10-10T01:51:03Z 1051|kevin|s1a-a1-9b-s2|PENDING|0:00|90|N/A;1053|kevin|q2s1a-a1-9b-s2|PENDING|0:00|32|gres:gpu:h100:1;1054|kevin|cotcodec-s1a-cpu|RUNNING|9:05|8|N/A;1057|kevin|cotcodec-s1a-cpu|RUNNING|2:41|8|N/A;
2026-10-10T01:51:18Z 1051|kevin|s1a-a1-9b-s2|PENDING|0:00|90|N/A;1053|kevin|q2s1a-a1-9b-s2|PENDING|0:00|32|gres:gpu:h100:1;1054|kevin|cotcodec-s1a-cpu|RUNNING|9:20|8|N/A;1057|kevin|cotcodec-s1a-cpu|RUNNING|2:56|8|N/A;
2026-10-10T01:51:33Z 1051|kevin|s1a-a1-9b-s2|PENDING|0:00|90|N/A;1053|kevin|q2s1a-a1-9b-s2|PENDING|0:00|32|gres:gpu:h100:1;1054|kevin|cotcodec-s1a-cpu|RUNNING|9:35|8|N/A;1057|kevin|cotcodec-s1a-cpu|RUNNING|3:11|8|N/A;
2026-10-10T01:51:48Z 1051|kevin|s1a-a1-9b-s2|PENDING|0:00|90|N/A;1053|kevin|q2s1a-a1-9b-s2|PENDING|0:00|32|gres:gpu:h100:1;1054|kevin|cotcodec-s1a-cpu|RUNNING|9:50|8|N/A;1057|kevin|cotcodec-s1a-cpu|RUNNING|3:26|8|N/A;
2026-10-10T01:52:03Z 1051|kevin|s1a-a1-9b-s2|PENDING|0:00|90|N/A;1053|kevin|q2s1a-a1-9b-s2|PENDING|0:00|32|gres:gpu:h100:1;1054|kevin|cotcodec-s1a-cpu|RUNNING|10:05|8|N/A;1057|kevin|cotcodec-s1a-cpu|RUNNING|3:41|8|N/A;
2026-10-10T01:52:18Z 1051|kevin|s1a-a1-9b-s2|PENDING|0:00|90|N/A;1053|kevin|q2s1a-a1-9b-s2|PENDING|0:00|32|gres:gpu:h100:1;1054|kevin|cotcodec-s1a-cpu|RUNNING|10:20|8|N/A;1057|kevin|cotcodec-s1a-cpu|RUNNING|3:56|8|N/A;
2026-10-10T01:52:33Z 1051|kevin|s1a-a1-9b-s2|PENDING|0:00|90|N/A;1053|kevin|q2s1a-a1-9b-s2|PENDING|0:00|32|gres:gpu:h100:1;1054|kevin|cotcodec-s1a-cpu|RUNNING|10:35|8|N/A;1057|kevin|cotcodec-s1a-cpu|RUNNING|4:11|8|N/A;
2026-10-10T01:52:48Z 1051|kevin|s1a-a1-9b-s2|PENDING|0:00|90|N/A;1053|kevin|q2s1a-a1-9b-s2|PENDING|0:00|32|gres:gpu:h100:1;1054|kevin|cotcodec-s1a-cpu|RUNNING|10:50|8|N/A;1057|kevin|cotcodec-s1a-cpu|RUNNING|4:26|8|N/A;
2026-10-10T01:53:03Z 1051|kevin|s1a-a1-9b-s2|PENDING|0:00|90|N/A;1053|kevin|q2s1a-a1-9b-s2|PENDING|0:00|32|gres:gpu:h100:1;1054|kevin|cotcodec-s1a-cpu|RUNNING|11:05|8|N/A;1057|kevin|cotcodec-s1a-cpu|RUNNING|4:41|8|N/A;
2026-10-10T01:53:18Z 1051|kevin|s1a-a1-9b-s2|PENDING|0:00|90|N/A;1053|kevin|q2s1a-a1-9b-s2|PENDING|0:00|32|gres:gpu:h100:1;1054|kevin|cotcodec-s1a-cpu|RUNNING|11:20|8|N/A;1057|kevin|cotcodec-s1a-cpu|RUNNING|4:56|8|N/A;
2026-10-10T01:53:33Z 1051|kevin|s1a-a1-9b-s2|PENDING|0:00|90|N/A;1053|kevin|q2s1a-a1-9b-s2|PENDING|0:00|32|gres:gpu:h100:1;1054|kevin|cotcodec-s1a-cpu|RUNNING|11:35|8|N/A;1057|kevin|cotcodec-s1a-cpu|RUNNING|5:11|8|N/A;
2026-10-10T01:53:48Z 1051|kevin|s1a-a1-9b-s2|PENDING|0:00|90|N/A;1053|kevin|q2s1a-a1-9b-s2|PENDING|0:00|32|gres:gpu:h100:1;1054|kevin|cotcodec-s1a-cpu|RUNNING|11:50|8|N/A;1057|kevin|cotcodec-s1a-cpu|RUNNING|5:26|8|N/A;
2026-10-10T01:54:03Z 1051|kevin|s1a-a1-9b-s2|PENDING|0:00|90|N/A;1053|kevin|q2s1a-a1-9b-s2|PENDING|0:00|32|gres:gpu:h100:1;1054|kevin|cotcodec-s1a-cpu|RUNNING|12:05|8|N/A;1057|kevin|cotcodec-s1a-cpu|RUNNING|5:41|8|N/A;
2026-10-10T01:54:18Z 1051|kevin|s1a-a1-9b-s2|PENDING|0:00|90|N/A;1053|kevin|q2s1a-a1-9b-s2|PENDING|0:00|32|gres:gpu:h100:1;1054|kevin|cotcodec-s1a-cpu|RUNNING|12:20|8|N/A;1057|kevin|cotcodec-s1a-cpu|RUNNING|5:56|8|N/A;
2026-10-10T01:54:33Z 1051|kevin|s1a-a1-9b-s2|PENDING|0:00|90|N/A;1053|kevin|q2s1a-a1-9b-s2|PENDING|0:00|32|gres:gpu:h100:1;1054|kevin|cotcodec-s1a-cpu|RUNNING|12:35|8|N/A;1057|kevin|cotcodec-s1a-cpu|RUNNING|6:11|8|N/A;
2026-10-10T01:54:48Z 1051|kevin|s1a-a1-9b-s2|PENDING|0:00|90|N/A;1053|kevin|q2s1a-a1-9b-s2|PENDING|0:00|32|gres:gpu:h100:1;1054|kevin|cotcodec-s1a-cpu|RUNNING|12:50|8|N/A;1057|kevin|cotcodec-s1a-cpu|RUNNING|6:26|8|N/A;
2026-10-10T01:55:03Z 1051|kevin|s1a-a1-9b-s2|PENDING|0:00|90|N/A;1053|kevin|q2s1a-a1-9b-s2|PENDING|0:00|32|gres:gpu:h100:1;1054|kevin|cotcodec-s1a-cpu|RUNNING|13:05|8|N/A;1057|kevin|cotcodec-s1a-cpu|RUNNING|6:41|8|N/A;
2026-10-10T01:55:18Z 1051|kevin|s1a-a1-9b-s2|PENDING|0:00|90|N/A;1053|kevin|q2s1a-a1-9b-s2|PENDING|0:00|32|gres:gpu:h100:1;1054|kevin|cotcodec-s1a-cpu|RUNNING|13:20|8|N/A;1057|kevin|cotcodec-s1a-cpu|RUNNING|6:56|8|N/A;
2026-10-10T01:55:33Z 1051|kevin|s1a-a1-9b-s2|PENDING|0:00|90|N/A;1053|kevin|q2s1a-a1-9b-s2|PENDING|0:00|32|gres:gpu:h100:1;1054|kevin|cotcodec-s1a-cpu|RUNNING|13:35|8|N/A;1057|kevin|cotcodec-s1a-cpu|RUNNING|7:11|8|N/A;
2026-10-10T01:55:48Z 1051|kevin|s1a-a1-9b-s2|PENDING|0:00|90|N/A;1053|kevin|q2s1a-a1-9b-s2|PENDING|0:00|32|gres:gpu:h100:1;1054|kevin|cotcodec-s1a-cpu|RUNNING|13:50|8|N/A;1057|kevin|cotcodec-s1a-cpu|RUNNING|7:26|8|N/A;
2026-10-10T01:56:03Z 1051|kevin|s1a-a1-9b-s2|PENDING|0:00|90|N/A;1053|kevin|q2s1a-a1-9b-s2|PENDING|0:00|32|gres:gpu:h100:1;1054|kevin|cotcodec-s1a-cpu|RUNNING|14:05|8|N/A;1057|kevin|cotcodec-s1a-cpu|RUNNING|7:41|8|N/A;
2026-10-10T01:56:18Z 1051|kevin|s1a-a1-9b-s2|PENDING|0:00|90|N/A;1053|kevin|q2s1a-a1-9b-s2|PENDING|0:00|32|gres:gpu:h100:1;1054|kevin|cotcodec-s1a-cpu|RUNNING|14:20|8|N/A;1057|kevin|cotcodec-s1a-cpu|RUNNING|7:56|8|N/A;
2026-10-10T01:56:33Z 1051|kevin|s1a-a1-9b-s2|PENDING|0:00|90|N/A;1053|kevin|q2s1a-a1-9b-s2|PENDING|0:00|32|gres:gpu:h100:1;1054|kevin|cotcodec-s1a-cpu|RUNNING|14:35|8|N/A;1057|kevin|cotcodec-s1a-cpu|RUNNING|8:11|8|N/A;
2026-10-10T01:56:48Z 1051|kevin|s1a-a1-9b-s2|PENDING|0:00|90|N/A;1053|kevin|q2s1a-a1-9b-s2|PENDING|0:00|32|gres:gpu:h100:1;1054|kevin|cotcodec-s1a-cpu|RUNNING|14:50|8|N/A;1057|kevin|cotcodec-s1a-cpu|RUNNING|8:26|8|N/A;
2026-10-10T01:57:03Z 1051|kevin|s1a-a1-9b-s2|PENDING|0:00|90|N/A;1053|kevin|q2s1a-a1-9b-s2|PENDING|0:00|32|gres:gpu:h100:1;1054|kevin|cotcodec-s1a-cpu|RUNNING|15:05|8|N/A;
2026-10-10T01:57:18Z 1051|kevin|s1a-a1-9b-s2|PENDING|0:00|90|N/A;1053|kevin|q2s1a-a1-9b-s2|PENDING|0:00|32|gres:gpu:h100:1;1054|kevin|cotcodec-s1a-cpu|RUNNING|15:20|8|N/A;
2026-10-10T01:57:33Z 1051|kevin|s1a-a1-9b-s2|PENDING|0:00|90|N/A;1053|kevin|q2s1a-a1-9b-s2|PENDING|0:00|32|gres:gpu:h100:1;1054|kevin|cotcodec-s1a-cpu|RUNNING|15:35|8|N/A;
2026-10-10T01:57:48Z 1051|kevin|s1a-a1-9b-s2|PENDING|0:00|90|N/A;1053|kevin|q2s1a-a1-9b-s2|PENDING|0:00|32|gres:gpu:h100:1;1054|kevin|cotcodec-s1a-cpu|RUNNING|15:50|8|N/A;
2026-10-10T01:58:03Z 1051|kevin|s1a-a1-9b-s2|PENDING|0:00|90|N/A;1053|kevin|q2s1a-a1-9b-s2|PENDING|0:00|32|gres:gpu:h100:1;1054|kevin|cotcodec-s1a-cpu|RUNNING|16:05|8|N/A;
2026-10-10T01:58:18Z 1051|kevin|s1a-a1-9b-s2|PENDING|0:00|90|N/A;1053|kevin|q2s1a-a1-9b-s2|PENDING|0:00|32|gres:gpu:h100:1;1054|kevin|cotcodec-s1a-cpu|RUNNING|16:20|8|N/A;
2026-10-10T01:58:33Z 1051|kevin|s1a-a1-9b-s2|PENDING|0:00|90|N/A;1053|kevin|q2s1a-a1-9b-s2|PENDING|0:00|32|gres:gpu:h100:1;1054|kevin|cotcodec-s1a-cpu|RUNNING|16:35|8|N/A;
2026-10-10T01:58:48Z 1051|kevin|s1a-a1-9b-s2|PENDING|0:00|90|N/A;1053|kevin|q2s1a-a1-9b-s2|PENDING|0:00|32|gres:gpu:h100:1;1054|kevin|cotcodec-s1a-cpu|RUNNING|16:51|8|N/A;
2026-10-10T01:59:04Z 1051|kevin|s1a-a1-9b-s2|PENDING|0:00|90|N/A;1053|kevin|q2s1a-a1-9b-s2|PENDING|0:00|32|gres:gpu:h100:1;1054|kevin|cotcodec-s1a-cpu|RUNNING|17:06|8|N/A;
2026-10-10T01:59:19Z 1051|kevin|s1a-a1-9b-s2|PENDING|0:00|90|N/A;1053|kevin|q2s1a-a1-9b-s2|PENDING|0:00|32|gres:gpu:h100:1;1054|kevin|cotcodec-s1a-cpu|RUNNING|17:21|8|N/A;
2026-10-10T01:59:34Z 1051|kevin|s1a-a1-9b-s2|PENDING|0:00|90|N/A;1053|kevin|q2s1a-a1-9b-s2|PENDING|0:00|32|gres:gpu:h100:1;1054|kevin|cotcodec-s1a-cpu|RUNNING|17:36|8|N/A;
2026-10-10T01:59:49Z 1051|kevin|s1a-a1-9b-s2|PENDING|0:00|90|N/A;1053|kevin|q2s1a-a1-9b-s2|PENDING|0:00|32|gres:gpu:h100:1;1054|kevin|cotcodec-s1a-cpu|RUNNING|17:51|8|N/A;
2026-10-10T02:00:04Z 1051|kevin|s1a-a1-9b-s2|PENDING|0:00|90|N/A;1053|kevin|q2s1a-a1-9b-s2|PENDING|0:00|32|gres:gpu:h100:1;1054|kevin|cotcodec-s1a-cpu|RUNNING|18:06|8|N/A;
2026-10-10T02:00:19Z 1051|kevin|s1a-a1-9b-s2|PENDING|0:00|90|N/A;1053|kevin|q2s1a-a1-9b-s2|PENDING|0:00|32|gres:gpu:h100:1;1054|kevin|cotcodec-s1a-cpu|RUNNING|18:21|8|N/A;
2026-10-10T02:00:34Z 1051|kevin|s1a-a1-9b-s2|PENDING|0:00|90|N/A;1053|kevin|q2s1a-a1-9b-s2|PENDING|0:00|32|gres:gpu:h100:1;1054|kevin|cotcodec-s1a-cpu|RUNNING|18:36|8|N/A;
2026-10-10T02:00:49Z 1051|kevin|s1a-a1-9b-s2|PENDING|0:00|90|N/A;1053|kevin|q2s1a-a1-9b-s2|PENDING|0:00|32|gres:gpu:h100:1;
2026-10-10T02:01:04Z 1051|kevin|s1a-a1-9b-s2|PENDING|0:00|90|N/A;1053|kevin|q2s1a-a1-9b-s2|PENDING|0:00|32|gres:gpu:h100:1;
2026-10-10T02:01:19Z 1051|kevin|s1a-a1-9b-s2|PENDING|0:00|90|N/A;1053|kevin|q2s1a-a1-9b-s2|PENDING|0:00|32|gres:gpu:h100:1;
2026-10-10T02:01:34Z 1051|kevin|s1a-a1-9b-s2|PENDING|0:00|90|N/A;1053|kevin|q2s1a-a1-9b-s2|PENDING|0:00|32|gres:gpu:h100:1;
2026-10-10T02:01:49Z 1051|kevin|s1a-a1-9b-s2|PENDING|0:00|90|N/A;1053|kevin|q2s1a-a1-9b-s2|PENDING|0:00|32|gres:gpu:h100:1;
2026-10-10T02:02:04Z 1051|kevin|s1a-a1-9b-s2|PENDING|0:00|90|N/A;1053|kevin|q2s1a-a1-9b-s2|PENDING|0:00|32|gres:gpu:h100:1;
2026-10-10T02:02:19Z 1051|kevin|s1a-a1-9b-s2|PENDING|0:00|90|N/A;1053|kevin|q2s1a-a1-9b-s2|PENDING|0:00|32|gres:gpu:h100:1;
2026-10-10T02:02:34Z 1051|kevin|s1a-a1-9b-s2|PENDING|0:00|90|N/A;1053|kevin|q2s1a-a1-9b-s2|PENDING|0:00|32|gres:gpu:h100:1;
2026-10-10T02:02:49Z 1051|kevin|s1a-a1-9b-s2|PENDING|0:00|90|N/A;1053|kevin|q2s1a-a1-9b-s2|PENDING|0:00|32|gres:gpu:h100:1;
2026-10-10T02:03:04Z 1051|kevin|s1a-a1-9b-s2|PENDING|0:00|90|N/A;1053|kevin|q2s1a-a1-9b-s2|PENDING|0:00|32|gres:gpu:h100:1;
2026-10-10T02:03:19Z 1051|kevin|s1a-a1-9b-s2|PENDING|0:00|90|N/A;1053|kevin|q2s1a-a1-9b-s2|PENDING|0:00|32|gres:gpu:h100:1;
2026-10-10T02:03:34Z 1051|kevin|s1a-a1-9b-s2|PENDING|0:00|90|N/A;1053|kevin|q2s1a-a1-9b-s2|PENDING|0:00|32|gres:gpu:h100:1;
2026-10-10T02:03:49Z 1051|kevin|s1a-a1-9b-s2|PENDING|0:00|90|N/A;1053|kevin|q2s1a-a1-9b-s2|PENDING|0:00|32|gres:gpu:h100:1;
2026-10-10T02:04:04Z 1051|kevin|s1a-a1-9b-s2|PENDING|0:00|90|N/A;1053|kevin|q2s1a-a1-9b-s2|PENDING|0:00|32|gres:gpu:h100:1;
2026-10-10T02:04:19Z 1051|kevin|s1a-a1-9b-s2|PENDING|0:00|90|N/A;1053|kevin|q2s1a-a1-9b-s2|PENDING|0:00|32|gres:gpu:h100:1;
2026-10-10T02:04:34Z 1051|kevin|s1a-a1-9b-s2|PENDING|0:00|90|N/A;1053|kevin|q2s1a-a1-9b-s2|PENDING|0:00|32|gres:gpu:h100:1;
2026-10-10T02:04:49Z 1051|kevin|s1a-a1-9b-s2|PENDING|0:00|90|N/A;1053|kevin|q2s1a-a1-9b-s2|PENDING|0:00|32|gres:gpu:h100:1;
2026-10-10T02:05:04Z 1051|kevin|s1a-a1-9b-s2|PENDING|0:00|90|N/A;1053|kevin|q2s1a-a1-9b-s2|PENDING|0:00|32|gres:gpu:h100:1;
2026-10-10T02:05:19Z 1051|kevin|s1a-a1-9b-s2|PENDING|0:00|90|N/A;1053|kevin|q2s1a-a1-9b-s2|PENDING|0:00|32|gres:gpu:h100:1;
2026-10-10T02:05:34Z 1051|kevin|s1a-a1-9b-s2|PENDING|0:00|90|N/A;1053|kevin|q2s1a-a1-9b-s2|PENDING|0:00|32|gres:gpu:h100:1;
2026-10-10T02:05:49Z 1051|kevin|s1a-a1-9b-s2|PENDING|0:00|90|N/A;1053|kevin|q2s1a-a1-9b-s2|PENDING|0:00|32|gres:gpu:h100:1;
2026-10-10T02:06:04Z 1051|kevin|s1a-a1-9b-s2|PENDING|0:00|90|N/A;1053|kevin|q2s1a-a1-9b-s2|PENDING|0:00|32|gres:gpu:h100:1;
2026-10-10T02:06:19Z 1051|kevin|s1a-a1-9b-s2|PENDING|0:00|90|N/A;1053|kevin|q2s1a-a1-9b-s2|PENDING|0:00|32|gres:gpu:h100:1;
2026-10-10T02:06:34Z 1051|kevin|s1a-a1-9b-s2|PENDING|0:00|90|N/A;1053|kevin|q2s1a-a1-9b-s2|PENDING|0:00|32|gres:gpu:h100:1;
2026-10-10T02:06:49Z 1051|kevin|s1a-a1-9b-s2|PENDING|0:00|90|N/A;1053|kevin|q2s1a-a1-9b-s2|PENDING|0:00|32|gres:gpu:h100:1;
2026-10-10T02:07:04Z 1051|kevin|s1a-a1-9b-s2|PENDING|0:00|90|N/A;1053|kevin|q2s1a-a1-9b-s2|PENDING|0:00|32|gres:gpu:h100:1;
2026-10-10T02:07:19Z 1051|kevin|s1a-a1-9b-s2|PENDING|0:00|90|N/A;1053|kevin|q2s1a-a1-9b-s2|PENDING|0:00|32|gres:gpu:h100:1;
2026-10-10T02:07:34Z 1051|kevin|s1a-a1-9b-s2|PENDING|0:00|90|N/A;1053|kevin|q2s1a-a1-9b-s2|PENDING|0:00|32|gres:gpu:h100:1;
2026-10-10T02:07:49Z 1051|kevin|s1a-a1-9b-s2|PENDING|0:00|90|N/A;1053|kevin|q2s1a-a1-9b-s2|PENDING|0:00|32|gres:gpu:h100:1;
2026-10-10T02:08:04Z 1051|kevin|s1a-a1-9b-s2|PENDING|0:00|90|N/A;1053|kevin|q2s1a-a1-9b-s2|PENDING|0:00|32|gres:gpu:h100:1;
2026-10-10T02:08:19Z 1051|kevin|s1a-a1-9b-s2|PENDING|0:00|90|N/A;1053|kevin|q2s1a-a1-9b-s2|PENDING|0:00|32|gres:gpu:h100:1;
2026-10-10T02:08:34Z 1051|kevin|s1a-a1-9b-s2|PENDING|0:00|90|N/A;1053|kevin|q2s1a-a1-9b-s2|PENDING|0:00|32|gres:gpu:h100:1;
2026-10-10T02:08:49Z 1051|kevin|s1a-a1-9b-s2|PENDING|0:00|90|N/A;1053|kevin|q2s1a-a1-9b-s2|PENDING|0:00|32|gres:gpu:h100:1;
2026-10-10T02:09:04Z 1051|kevin|s1a-a1-9b-s2|PENDING|0:00|90|N/A;1053|kevin|q2s1a-a1-9b-s2|PENDING|0:00|32|gres:gpu:h100:1;
2026-10-10T02:09:19Z 1051|kevin|s1a-a1-9b-s2|PENDING|0:00|90|N/A;1053|kevin|q2s1a-a1-9b-s2|PENDING|0:00|32|gres:gpu:h100:1;
2026-10-10T02:09:34Z 1051|kevin|s1a-a1-9b-s2|PENDING|0:00|90|N/A;1053|kevin|q2s1a-a1-9b-s2|PENDING|0:00|32|gres:gpu:h100:1;
2026-10-10T02:09:49Z 1051|kevin|s1a-a1-9b-s2|PENDING|0:00|90|N/A;1053|kevin|q2s1a-a1-9b-s2|PENDING|0:00|32|gres:gpu:h100:1;
2026-10-10T02:10:04Z 1051|kevin|s1a-a1-9b-s2|PENDING|0:00|90|N/A;1053|kevin|q2s1a-a1-9b-s2|PENDING|0:00|32|gres:gpu:h100:1;
2026-10-10T02:10:19Z 1051|kevin|s1a-a1-9b-s2|PENDING|0:00|90|N/A;1053|kevin|q2s1a-a1-9b-s2|PENDING|0:00|32|gres:gpu:h100:1;
2026-10-10T02:10:34Z 1051|kevin|s1a-a1-9b-s2|PENDING|0:00|90|N/A;1053|kevin|q2s1a-a1-9b-s2|PENDING|0:00|32|gres:gpu:h100:1;
2026-10-10T02:10:49Z 1051|kevin|s1a-a1-9b-s2|PENDING|0:00|90|N/A;1053|kevin|q2s1a-a1-9b-s2|PENDING|0:00|32|gres:gpu:h100:1;
2026-10-10T02:11:05Z 1051|kevin|s1a-a1-9b-s2|PENDING|0:00|90|N/A;1053|kevin|q2s1a-a1-9b-s2|PENDING|0:00|32|gres:gpu:h100:1;
2026-10-10T02:11:20Z 1051|kevin|s1a-a1-9b-s2|PENDING|0:00|90|N/A;1053|kevin|q2s1a-a1-9b-s2|PENDING|0:00|32|gres:gpu:h100:1;
2026-10-10T02:11:35Z 1051|kevin|s1a-a1-9b-s2|PENDING|0:00|90|N/A;1053|kevin|q2s1a-a1-9b-s2|PENDING|0:00|32|gres:gpu:h100:1;
2026-10-10T02:11:50Z 1051|kevin|s1a-a1-9b-s2|PENDING|0:00|90|N/A;1053|kevin|q2s1a-a1-9b-s2|PENDING|0:00|32|gres:gpu:h100:1;
2026-10-10T02:12:05Z 1051|kevin|s1a-a1-9b-s2|PENDING|0:00|90|N/A;1053|kevin|q2s1a-a1-9b-s2|PENDING|0:00|32|gres:gpu:h100:1;
2026-10-10T02:12:20Z 1051|kevin|s1a-a1-9b-s2|PENDING|0:00|90|N/A;1053|kevin|q2s1a-a1-9b-s2|PENDING|0:00|32|gres:gpu:h100:1;
2026-10-10T02:12:35Z 1051|kevin|s1a-a1-9b-s2|PENDING|0:00|90|N/A;1053|kevin|q2s1a-a1-9b-s2|PENDING|0:00|32|gres:gpu:h100:1;
2026-10-10T02:12:50Z 1051|kevin|s1a-a1-9b-s2|PENDING|0:00|90|N/A;1053|kevin|q2s1a-a1-9b-s2|PENDING|0:00|32|gres:gpu:h100:1;
2026-10-10T02:13:05Z 1051|kevin|s1a-a1-9b-s2|PENDING|0:00|90|N/A;1053|kevin|q2s1a-a1-9b-s2|PENDING|0:00|32|gres:gpu:h100:1;
2026-10-10T02:13:20Z 1051|kevin|s1a-a1-9b-s2|PENDING|0:00|90|N/A;1053|kevin|q2s1a-a1-9b-s2|PENDING|0:00|32|gres:gpu:h100:1;
2026-10-10T02:13:35Z 1051|kevin|s1a-a1-9b-s2|PENDING|0:00|90|N/A;1053|kevin|q2s1a-a1-9b-s2|PENDING|0:00|32|gres:gpu:h100:1;
2026-10-10T02:13:50Z 1051|kevin|s1a-a1-9b-s2|PENDING|0:00|90|N/A;1053|kevin|q2s1a-a1-9b-s2|PENDING|0:00|32|gres:gpu:h100:1;
2026-10-10T02:14:05Z 1051|kevin|s1a-a1-9b-s2|PENDING|0:00|90|N/A;1053|kevin|q2s1a-a1-9b-s2|PENDING|0:00|32|gres:gpu:h100:1;
2026-10-10T02:14:20Z 1051|kevin|s1a-a1-9b-s2|PENDING|0:00|90|N/A;1053|kevin|q2s1a-a1-9b-s2|PENDING|0:00|32|gres:gpu:h100:1;
2026-10-10T02:14:35Z 1051|kevin|s1a-a1-9b-s2|PENDING|0:00|90|N/A;1053|kevin|q2s1a-a1-9b-s2|PENDING|0:00|32|gres:gpu:h100:1;
2026-10-10T02:14:50Z 1051|kevin|s1a-a1-9b-s2|PENDING|0:00|90|N/A;1053|kevin|q2s1a-a1-9b-s2|PENDING|0:00|32|gres:gpu:h100:1;
2026-10-10T02:15:05Z 1051|kevin|s1a-a1-9b-s2|PENDING|0:00|90|N/A;1053|kevin|q2s1a-a1-9b-s2|PENDING|0:00|32|gres:gpu:h100:1;
2026-10-10T02:15:20Z 1051|kevin|s1a-a1-9b-s2|PENDING|0:00|90|N/A;1053|kevin|q2s1a-a1-9b-s2|PENDING|0:00|32|gres:gpu:h100:1;
2026-10-10T02:15:35Z 1051|kevin|s1a-a1-9b-s2|PENDING|0:00|90|N/A;1053|kevin|q2s1a-a1-9b-s2|PENDING|0:00|32|gres:gpu:h100:1;
2026-10-10T02:15:50Z 1051|kevin|s1a-a1-9b-s2|PENDING|0:00|90|N/A;1053|kevin|q2s1a-a1-9b-s2|PENDING|0:00|32|gres:gpu:h100:1;
2026-10-10T02:16:05Z 1051|kevin|s1a-a1-9b-s2|PENDING|0:00|90|N/A;1053|kevin|q2s1a-a1-9b-s2|PENDING|0:00|32|gres:gpu:h100:1;
2026-10-10T02:16:20Z 1051|kevin|s1a-a1-9b-s2|PENDING|0:00|90|N/A;1053|kevin|q2s1a-a1-9b-s2|PENDING|0:00|32|gres:gpu:h100:1;
2026-10-10T02:16:35Z 1051|kevin|s1a-a1-9b-s2|PENDING|0:00|90|N/A;1053|kevin|q2s1a-a1-9b-s2|PENDING|0:00|32|gres:gpu:h100:1;
2026-10-10T02:16:50Z 1051|kevin|s1a-a1-9b-s2|PENDING|0:00|90|N/A;1053|kevin|q2s1a-a1-9b-s2|PENDING|0:00|32|gres:gpu:h100:1;
2026-10-10T02:17:05Z 1051|kevin|s1a-a1-9b-s2|PENDING|0:00|90|N/A;1053|kevin|q2s1a-a1-9b-s2|PENDING|0:00|32|gres:gpu:h100:1;
2026-10-10T02:17:20Z 1051|kevin|s1a-a1-9b-s2|PENDING|0:00|90|N/A;1053|kevin|q2s1a-a1-9b-s2|PENDING|0:00|32|gres:gpu:h100:1;
2026-10-10T02:17:35Z 1051|kevin|s1a-a1-9b-s2|PENDING|0:00|90|N/A;1053|kevin|q2s1a-a1-9b-s2|PENDING|0:00|32|gres:gpu:h100:1;
2026-10-10T02:17:50Z 1051|kevin|s1a-a1-9b-s2|PENDING|0:00|90|N/A;1053|kevin|q2s1a-a1-9b-s2|PENDING|0:00|32|gres:gpu:h100:1;
2026-10-10T02:18:05Z 1051|kevin|s1a-a1-9b-s2|PENDING|0:00|90|N/A;1053|kevin|q2s1a-a1-9b-s2|PENDING|0:00|32|gres:gpu:h100:1;
2026-10-10T02:18:20Z 1051|kevin|s1a-a1-9b-s2|PENDING|0:00|90|N/A;1053|kevin|q2s1a-a1-9b-s2|PENDING|0:00|32|gres:gpu:h100:1;
2026-10-10T02:18:35Z 1051|kevin|s1a-a1-9b-s2|PENDING|0:00|90|N/A;1053|kevin|q2s1a-a1-9b-s2|PENDING|0:00|32|gres:gpu:h100:1;
2026-10-10T02:18:50Z 1051|kevin|s1a-a1-9b-s2|PENDING|0:00|90|N/A;1053|kevin|q2s1a-a1-9b-s2|PENDING|0:00|32|gres:gpu:h100:1;
2026-10-10T02:19:05Z 1051|kevin|s1a-a1-9b-s2|PENDING|0:00|90|N/A;1053|kevin|q2s1a-a1-9b-s2|PENDING|0:00|32|gres:gpu:h100:1;
2026-10-10T02:19:20Z 1051|kevin|s1a-a1-9b-s2|PENDING|0:00|90|N/A;1053|kevin|q2s1a-a1-9b-s2|PENDING|0:00|32|gres:gpu:h100:1;
2026-10-10T02:19:35Z 1051|kevin|s1a-a1-9b-s2|PENDING|0:00|90|N/A;1053|kevin|q2s1a-a1-9b-s2|PENDING|0:00|32|gres:gpu:h100:1;
2026-10-10T02:19:50Z 1051|kevin|s1a-a1-9b-s2|PENDING|0:00|90|N/A;1053|kevin|q2s1a-a1-9b-s2|PENDING|0:00|32|gres:gpu:h100:1;
2026-10-10T02:20:05Z 1051|kevin|s1a-a1-9b-s2|PENDING|0:00|90|N/A;1053|kevin|q2s1a-a1-9b-s2|PENDING|0:00|32|gres:gpu:h100:1;
2026-10-10T02:20:20Z 1051|kevin|s1a-a1-9b-s2|PENDING|0:00|90|N/A;1053|kevin|q2s1a-a1-9b-s2|PENDING|0:00|32|gres:gpu:h100:1;
2026-10-10T02:20:35Z 1051|kevin|s1a-a1-9b-s2|PENDING|0:00|90|N/A;1053|kevin|q2s1a-a1-9b-s2|PENDING|0:00|32|gres:gpu:h100:1;
2026-10-10T02:20:50Z 1051|kevin|s1a-a1-9b-s2|PENDING|0:00|90|N/A;1053|kevin|q2s1a-a1-9b-s2|PENDING|0:00|32|gres:gpu:h100:1;
2026-10-10T02:21:05Z 1051|kevin|s1a-a1-9b-s2|PENDING|0:00|90|N/A;1053|kevin|q2s1a-a1-9b-s2|PENDING|0:00|32|gres:gpu:h100:1;
2026-10-10T02:21:20Z 1051|kevin|s1a-a1-9b-s2|PENDING|0:00|90|N/A;1053|kevin|q2s1a-a1-9b-s2|PENDING|0:00|32|gres:gpu:h100:1;
2026-10-10T02:21:35Z 1051|kevin|s1a-a1-9b-s2|PENDING|0:00|90|N/A;1053|kevin|q2s1a-a1-9b-s2|PENDING|0:00|32|gres:gpu:h100:1;
2026-10-10T02:21:50Z 1051|kevin|s1a-a1-9b-s2|PENDING|0:00|90|N/A;1053|kevin|q2s1a-a1-9b-s2|PENDING|0:00|32|gres:gpu:h100:1;
2026-10-10T02:22:05Z 1051|kevin|s1a-a1-9b-s2|PENDING|0:00|90|N/A;1053|kevin|q2s1a-a1-9b-s2|PENDING|0:00|32|gres:gpu:h100:1;
2026-10-10T02:22:20Z 1051|kevin|s1a-a1-9b-s2|PENDING|0:00|90|N/A;1053|kevin|q2s1a-a1-9b-s2|PENDING|0:00|32|gres:gpu:h100:1;
2026-10-10T02:22:35Z 1051|kevin|s1a-a1-9b-s2|PENDING|0:00|90|N/A;1053|kevin|q2s1a-a1-9b-s2|PENDING|0:00|32|gres:gpu:h100:1;
2026-10-10T02:22:50Z 1051|kevin|s1a-a1-9b-s2|PENDING|0:00|90|N/A;1053|kevin|q2s1a-a1-9b-s2|PENDING|0:00|32|gres:gpu:h100:1;
2026-10-10T02:23:05Z 1051|kevin|s1a-a1-9b-s2|PENDING|0:00|90|N/A;1053|kevin|q2s1a-a1-9b-s2|PENDING|0:00|32|gres:gpu:h100:1;
2026-10-10T02:23:21Z 1051|kevin|s1a-a1-9b-s2|PENDING|0:00|90|N/A;1053|kevin|q2s1a-a1-9b-s2|PENDING|0:00|32|gres:gpu:h100:1;
2026-10-10T02:23:36Z 1051|kevin|s1a-a1-9b-s2|PENDING|0:00|90|N/A;1053|kevin|q2s1a-a1-9b-s2|PENDING|0:00|32|gres:gpu:h100:1;
2026-10-10T02:23:51Z 1051|kevin|s1a-a1-9b-s2|PENDING|0:00|90|N/A;1053|kevin|q2s1a-a1-9b-s2|PENDING|0:00|32|gres:gpu:h100:1;
2026-10-10T02:24:06Z 1051|kevin|s1a-a1-9b-s2|PENDING|0:00|90|N/A;1053|kevin|q2s1a-a1-9b-s2|PENDING|0:00|32|gres:gpu:h100:1;
2026-10-10T02:24:21Z 1051|kevin|s1a-a1-9b-s2|PENDING|0:00|90|N/A;1053|kevin|q2s1a-a1-9b-s2|PENDING|0:00|32|gres:gpu:h100:1;
2026-10-10T02:24:36Z 1051|kevin|s1a-a1-9b-s2|PENDING|0:00|90|N/A;1053|kevin|q2s1a-a1-9b-s2|PENDING|0:00|32|gres:gpu:h100:1;
2026-10-10T02:24:51Z 1051|kevin|s1a-a1-9b-s2|PENDING|0:00|90|N/A;1053|kevin|q2s1a-a1-9b-s2|PENDING|0:00|32|gres:gpu:h100:1;
2026-10-10T02:25:06Z 1051|kevin|s1a-a1-9b-s2|PENDING|0:00|90|N/A;1053|kevin|q2s1a-a1-9b-s2|PENDING|0:00|32|gres:gpu:h100:1;
2026-10-10T02:25:21Z 1051|kevin|s1a-a1-9b-s2|PENDING|0:00|90|N/A;1053|kevin|q2s1a-a1-9b-s2|PENDING|0:00|32|gres:gpu:h100:1;
2026-10-10T02:25:36Z 1051|kevin|s1a-a1-9b-s2|PENDING|0:00|90|N/A;1053|kevin|q2s1a-a1-9b-s2|PENDING|0:00|32|gres:gpu:h100:1;
2026-10-10T02:25:51Z 1051|kevin|s1a-a1-9b-s2|PENDING|0:00|90|N/A;1053|kevin|q2s1a-a1-9b-s2|PENDING|0:00|32|gres:gpu:h100:1;
2026-10-10T02:26:06Z 1051|kevin|s1a-a1-9b-s2|PENDING|0:00|90|N/A;1053|kevin|q2s1a-a1-9b-s2|PENDING|0:00|32|gres:gpu:h100:1;
2026-10-10T02:26:21Z 1051|kevin|s1a-a1-9b-s2|PENDING|0:00|90|N/A;1053|kevin|q2s1a-a1-9b-s2|PENDING|0:00|32|gres:gpu:h100:1;
2026-10-10T02:26:36Z 1051|kevin|s1a-a1-9b-s2|PENDING|0:00|90|N/A;1053|kevin|q2s1a-a1-9b-s2|PENDING|0:00|32|gres:gpu:h100:1;
2026-10-10T02:26:51Z 1051|kevin|s1a-a1-9b-s2|PENDING|0:00|90|N/A;1053|kevin|q2s1a-a1-9b-s2|PENDING|0:00|32|gres:gpu:h100:1;
2026-10-10T02:27:06Z 1051|kevin|s1a-a1-9b-s2|PENDING|0:00|90|N/A;1053|kevin|q2s1a-a1-9b-s2|PENDING|0:00|32|gres:gpu:h100:1;
2026-10-10T02:27:21Z 1051|kevin|s1a-a1-9b-s2|PENDING|0:00|90|N/A;1053|kevin|q2s1a-a1-9b-s2|PENDING|0:00|32|gres:gpu:h100:1;
2026-10-10T02:27:36Z 1051|kevin|s1a-a1-9b-s2|PENDING|0:00|90|N/A;1053|kevin|q2s1a-a1-9b-s2|PENDING|0:00|32|gres:gpu:h100:1;
2026-10-10T02:27:51Z 1051|kevin|s1a-a1-9b-s2|PENDING|0:00|90|N/A;1053|kevin|q2s1a-a1-9b-s2|PENDING|0:00|32|gres:gpu:h100:1;
2026-10-10T02:28:06Z 1051|kevin|s1a-a1-9b-s2|PENDING|0:00|90|N/A;1053|kevin|q2s1a-a1-9b-s2|PENDING|0:00|32|gres:gpu:h100:1;
2026-10-10T02:28:21Z 1051|kevin|s1a-a1-9b-s2|PENDING|0:00|90|N/A;1053|kevin|q2s1a-a1-9b-s2|PENDING|0:00|32|gres:gpu:h100:1;
2026-10-10T02:28:36Z 1051|kevin|s1a-a1-9b-s2|PENDING|0:00|90|N/A;1053|kevin|q2s1a-a1-9b-s2|PENDING|0:00|32|gres:gpu:h100:1;
2026-10-10T02:28:51Z 1051|kevin|s1a-a1-9b-s2|PENDING|0:00|90|N/A;1053|kevin|q2s1a-a1-9b-s2|PENDING|0:00|32|gres:gpu:h100:1;
2026-10-10T02:29:06Z 1051|kevin|s1a-a1-9b-s2|PENDING|0:00|90|N/A;1053|kevin|q2s1a-a1-9b-s2|PENDING|0:00|32|gres:gpu:h100:1;
2026-10-10T02:29:21Z 1051|kevin|s1a-a1-9b-s2|PENDING|0:00|90|N/A;1053|kevin|q2s1a-a1-9b-s2|PENDING|0:00|32|gres:gpu:h100:1;
2026-10-10T02:29:36Z 1051|kevin|s1a-a1-9b-s2|PENDING|0:00|90|N/A;1053|kevin|q2s1a-a1-9b-s2|PENDING|0:00|32|gres:gpu:h100:1;
2026-10-10T02:29:51Z 1051|kevin|s1a-a1-9b-s2|PENDING|0:00|90|N/A;1053|kevin|q2s1a-a1-9b-s2|PENDING|0:00|32|gres:gpu:h100:1;
2026-10-10T02:30:06Z 1051|kevin|s1a-a1-9b-s2|PENDING|0:00|90|N/A;1053|kevin|q2s1a-a1-9b-s2|PENDING|0:00|32|gres:gpu:h100:1;
2026-10-10T02:30:21Z 1051|kevin|s1a-a1-9b-s2|PENDING|0:00|90|N/A;1053|kevin|q2s1a-a1-9b-s2|PENDING|0:00|32|gres:gpu:h100:1;
2026-10-10T02:30:36Z 1051|kevin|s1a-a1-9b-s2|PENDING|0:00|90|N/A;1053|kevin|q2s1a-a1-9b-s2|PENDING|0:00|32|gres:gpu:h100:1;
2026-10-10T02:30:51Z 1051|kevin|s1a-a1-9b-s2|PENDING|0:00|90|N/A;1053|kevin|q2s1a-a1-9b-s2|PENDING|0:00|32|gres:gpu:h100:1;
2026-10-10T02:31:06Z 1051|kevin|s1a-a1-9b-s2|PENDING|0:00|90|N/A;1053|kevin|q2s1a-a1-9b-s2|PENDING|0:00|32|gres:gpu:h100:1;
2026-10-10T02:31:21Z 1051|kevin|s1a-a1-9b-s2|PENDING|0:00|90|N/A;1053|kevin|q2s1a-a1-9b-s2|PENDING|0:00|32|gres:gpu:h100:1;
2026-10-10T02:31:36Z 1051|kevin|s1a-a1-9b-s2|PENDING|0:00|90|N/A;1053|kevin|q2s1a-a1-9b-s2|PENDING|0:00|32|gres:gpu:h100:1;
2026-10-10T02:31:51Z 1051|kevin|s1a-a1-9b-s2|PENDING|0:00|90|N/A;1053|kevin|q2s1a-a1-9b-s2|PENDING|0:00|32|gres:gpu:h100:1;
2026-10-10T02:32:06Z 1051|kevin|s1a-a1-9b-s2|PENDING|0:00|90|N/A;1053|kevin|q2s1a-a1-9b-s2|PENDING|0:00|32|gres:gpu:h100:1;
2026-10-10T02:32:21Z 1051|kevin|s1a-a1-9b-s2|PENDING|0:00|90|N/A;1053|kevin|q2s1a-a1-9b-s2|PENDING|0:00|32|gres:gpu:h100:1;
2026-10-10T02:32:36Z 1051|kevin|s1a-a1-9b-s2|PENDING|0:00|90|N/A;1053|kevin|q2s1a-a1-9b-s2|PENDING|0:00|32|gres:gpu:h100:1;
2026-10-10T02:32:51Z 1051|kevin|s1a-a1-9b-s2|PENDING|0:00|90|N/A;1053|kevin|q2s1a-a1-9b-s2|PENDING|0:00|32|gres:gpu:h100:1;
2026-10-10T02:33:06Z 1051|kevin|s1a-a1-9b-s2|PENDING|0:00|90|N/A;1053|kevin|q2s1a-a1-9b-s2|PENDING|0:00|32|gres:gpu:h100:1;
2026-10-10T02:33:21Z 1051|kevin|s1a-a1-9b-s2|PENDING|0:00|90|N/A;1053|kevin|q2s1a-a1-9b-s2|PENDING|0:00|32|gres:gpu:h100:1;
2026-10-10T02:33:36Z 1051|kevin|s1a-a1-9b-s2|PENDING|0:00|90|N/A;1053|kevin|q2s1a-a1-9b-s2|PENDING|0:00|32|gres:gpu:h100:1;
2026-10-10T02:33:51Z 1051|kevin|s1a-a1-9b-s2|PENDING|0:00|90|N/A;1053|kevin|q2s1a-a1-9b-s2|PENDING|0:00|32|gres:gpu:h100:1;
2026-10-10T02:34:06Z 1051|kevin|s1a-a1-9b-s2|PENDING|0:00|90|N/A;1053|kevin|q2s1a-a1-9b-s2|PENDING|0:00|32|gres:gpu:h100:1;
2026-10-10T02:34:21Z 1051|kevin|s1a-a1-9b-s2|PENDING|0:00|90|N/A;1053|kevin|q2s1a-a1-9b-s2|PENDING|0:00|32|gres:gpu:h100:1;
2026-10-10T02:34:36Z 1051|kevin|s1a-a1-9b-s2|PENDING|0:00|90|N/A;1053|kevin|q2s1a-a1-9b-s2|PENDING|0:00|32|gres:gpu:h100:1;
2026-10-10T02:34:51Z 1051|kevin|s1a-a1-9b-s2|PENDING|0:00|90|N/A;1053|kevin|q2s1a-a1-9b-s2|PENDING|0:00|32|gres:gpu:h100:1;
2026-10-10T02:35:06Z 1051|kevin|s1a-a1-9b-s2|PENDING|0:00|90|N/A;1053|kevin|q2s1a-a1-9b-s2|PENDING|0:00|32|gres:gpu:h100:1;
2026-10-10T02:35:21Z 1051|kevin|s1a-a1-9b-s2|PENDING|0:00|90|N/A;1053|kevin|q2s1a-a1-9b-s2|PENDING|0:00|32|gres:gpu:h100:1;
2026-10-10T02:35:37Z 1051|kevin|s1a-a1-9b-s2|PENDING|0:00|90|N/A;1053|kevin|q2s1a-a1-9b-s2|PENDING|0:00|32|gres:gpu:h100:1;
2026-10-10T02:35:52Z 1051|kevin|s1a-a1-9b-s2|PENDING|0:00|90|N/A;1053|kevin|q2s1a-a1-9b-s2|PENDING|0:00|32|gres:gpu:h100:1;
2026-10-10T02:36:07Z 1051|kevin|s1a-a1-9b-s2|PENDING|0:00|90|N/A;1053|kevin|q2s1a-a1-9b-s2|PENDING|0:00|32|gres:gpu:h100:1;
2026-10-10T02:36:22Z 1051|kevin|s1a-a1-9b-s2|PENDING|0:00|90|N/A;1053|kevin|q2s1a-a1-9b-s2|PENDING|0:00|32|gres:gpu:h100:1;
2026-10-10T02:36:37Z 1051|kevin|s1a-a1-9b-s2|PENDING|0:00|90|N/A;1053|kevin|q2s1a-a1-9b-s2|PENDING|0:00|32|gres:gpu:h100:1;
2026-10-10T02:36:52Z 1051|kevin|s1a-a1-9b-s2|PENDING|0:00|90|N/A;1053|kevin|q2s1a-a1-9b-s2|PENDING|0:00|32|gres:gpu:h100:1;
2026-10-10T02:37:07Z 1051|kevin|s1a-a1-9b-s2|PENDING|0:00|90|N/A;1053|kevin|q2s1a-a1-9b-s2|PENDING|0:00|32|gres:gpu:h100:1;
2026-10-10T02:37:22Z 1051|kevin|s1a-a1-9b-s2|PENDING|0:00|90|N/A;1053|kevin|q2s1a-a1-9b-s2|PENDING|0:00|32|gres:gpu:h100:1;
2026-10-10T02:37:37Z 1051|kevin|s1a-a1-9b-s2|PENDING|0:00|90|N/A;1053|kevin|q2s1a-a1-9b-s2|PENDING|0:00|32|gres:gpu:h100:1;
2026-10-10T02:37:52Z 1051|kevin|s1a-a1-9b-s2|PENDING|0:00|90|N/A;1053|kevin|q2s1a-a1-9b-s2|PENDING|0:00|32|gres:gpu:h100:1;
2026-10-10T02:38:07Z 1051|kevin|s1a-a1-9b-s2|PENDING|0:00|90|N/A;1053|kevin|q2s1a-a1-9b-s2|PENDING|0:00|32|gres:gpu:h100:1;
2026-10-10T02:38:22Z 1051|kevin|s1a-a1-9b-s2|PENDING|0:00|90|N/A;1053|kevin|q2s1a-a1-9b-s2|PENDING|0:00|32|gres:gpu:h100:1;
2026-10-10T02:38:37Z 1051|kevin|s1a-a1-9b-s2|PENDING|0:00|90|N/A;1053|kevin|q2s1a-a1-9b-s2|PENDING|0:00|32|gres:gpu:h100:1;
2026-10-10T02:38:52Z 1051|kevin|s1a-a1-9b-s2|PENDING|0:00|90|N/A;1053|kevin|q2s1a-a1-9b-s2|PENDING|0:00|32|gres:gpu:h100:1;
2026-10-10T02:39:07Z 1051|kevin|s1a-a1-9b-s2|PENDING|0:00|90|N/A;1053|kevin|q2s1a-a1-9b-s2|PENDING|0:00|32|gres:gpu:h100:1;
2026-10-10T02:39:22Z 1051|kevin|s1a-a1-9b-s2|PENDING|0:00|90|N/A;1053|kevin|q2s1a-a1-9b-s2|PENDING|0:00|32|gres:gpu:h100:1;
2026-10-10T02:39:37Z 1051|kevin|s1a-a1-9b-s2|PENDING|0:00|90|N/A;1053|kevin|q2s1a-a1-9b-s2|PENDING|0:00|32|gres:gpu:h100:1;
2026-10-10T02:39:52Z 1051|kevin|s1a-a1-9b-s2|PENDING|0:00|90|N/A;1053|kevin|q2s1a-a1-9b-s2|PENDING|0:00|32|gres:gpu:h100:1;
2026-10-10T02:40:07Z 1051|kevin|s1a-a1-9b-s2|PENDING|0:00|90|N/A;1053|kevin|q2s1a-a1-9b-s2|PENDING|0:00|32|gres:gpu:h100:1;
2026-10-10T02:40:22Z 1051|kevin|s1a-a1-9b-s2|PENDING|0:00|90|N/A;1053|kevin|q2s1a-a1-9b-s2|PENDING|0:00|32|gres:gpu:h100:1;
2026-10-10T02:40:37Z 1051|kevin|s1a-a1-9b-s2|PENDING|0:00|90|N/A;1053|kevin|q2s1a-a1-9b-s2|PENDING|0:00|32|gres:gpu:h100:1;
2026-10-10T02:40:52Z 1051|kevin|s1a-a1-9b-s2|PENDING|0:00|90|N/A;1053|kevin|q2s1a-a1-9b-s2|PENDING|0:00|32|gres:gpu:h100:1;
2026-10-10T02:41:07Z 1051|kevin|s1a-a1-9b-s2|PENDING|0:00|90|N/A;1053|kevin|q2s1a-a1-9b-s2|PENDING|0:00|32|gres:gpu:h100:1;
2026-10-10T02:41:22Z 1051|kevin|s1a-a1-9b-s2|PENDING|0:00|90|N/A;1053|kevin|q2s1a-a1-9b-s2|PENDING|0:00|32|gres:gpu:h100:1;
2026-10-10T02:41:37Z 1051|kevin|s1a-a1-9b-s2|PENDING|0:00|90|N/A;1053|kevin|q2s1a-a1-9b-s2|PENDING|0:00|32|gres:gpu:h100:1;
2026-10-10T02:41:52Z 1051|kevin|s1a-a1-9b-s2|PENDING|0:00|90|N/A;1053|kevin|q2s1a-a1-9b-s2|PENDING|0:00|32|gres:gpu:h100:1;
2026-10-10T02:42:07Z 1051|kevin|s1a-a1-9b-s2|PENDING|0:00|90|N/A;1053|kevin|q2s1a-a1-9b-s2|PENDING|0:00|32|gres:gpu:h100:1;
2026-10-10T02:42:22Z 1051|kevin|s1a-a1-9b-s2|PENDING|0:00|90|N/A;1053|kevin|q2s1a-a1-9b-s2|PENDING|0:00|32|gres:gpu:h100:1;
2026-10-10T02:42:37Z 1051|kevin|s1a-a1-9b-s2|PENDING|0:00|90|N/A;1053|kevin|q2s1a-a1-9b-s2|PENDING|0:00|32|gres:gpu:h100:1;
2026-10-10T02:42:52Z 1051|kevin|s1a-a1-9b-s2|PENDING|0:00|90|N/A;1053|kevin|q2s1a-a1-9b-s2|PENDING|0:00|32|gres:gpu:h100:1;
2026-10-10T02:43:07Z 1051|kevin|s1a-a1-9b-s2|PENDING|0:00|90|N/A;1053|kevin|q2s1a-a1-9b-s2|PENDING|0:00|32|gres:gpu:h100:1;
2026-10-10T02:43:22Z 1051|kevin|s1a-a1-9b-s2|PENDING|0:00|90|N/A;1053|kevin|q2s1a-a1-9b-s2|PENDING|0:00|32|gres:gpu:h100:1;
2026-10-10T02:43:37Z 1051|kevin|s1a-a1-9b-s2|PENDING|0:00|90|N/A;1053|kevin|q2s1a-a1-9b-s2|PENDING|0:00|32|gres:gpu:h100:1;
2026-10-10T02:43:52Z 1051|kevin|s1a-a1-9b-s2|PENDING|0:00|90|N/A;1053|kevin|q2s1a-a1-9b-s2|PENDING|0:00|32|gres:gpu:h100:1;
2026-10-10T02:44:07Z 1051|kevin|s1a-a1-9b-s2|PENDING|0:00|90|N/A;1053|kevin|q2s1a-a1-9b-s2|PENDING|0:00|32|gres:gpu:h100:1;
2026-10-10T02:44:22Z 1051|kevin|s1a-a1-9b-s2|PENDING|0:00|90|N/A;1053|kevin|q2s1a-a1-9b-s2|PENDING|0:00|32|gres:gpu:h100:1;
2026-10-10T02:44:37Z 1051|kevin|s1a-a1-9b-s2|PENDING|0:00|90|N/A;1053|kevin|q2s1a-a1-9b-s2|PENDING|0:00|32|gres:gpu:h100:1;
2026-10-10T02:44:52Z 1051|kevin|s1a-a1-9b-s2|PENDING|0:00|90|N/A;1053|kevin|q2s1a-a1-9b-s2|PENDING|0:00|32|gres:gpu:h100:1;
2026-10-10T02:45:07Z 1051|kevin|s1a-a1-9b-s2|PENDING|0:00|90|N/A;1053|kevin|q2s1a-a1-9b-s2|PENDING|0:00|32|gres:gpu:h100:1;
2026-10-10T02:45:22Z 1051|kevin|s1a-a1-9b-s2|PENDING|0:00|90|N/A;1053|kevin|q2s1a-a1-9b-s2|PENDING|0:00|32|gres:gpu:h100:1;
2026-10-10T02:45:37Z 1051|kevin|s1a-a1-9b-s2|PENDING|0:00|90|N/A;1053|kevin|q2s1a-a1-9b-s2|PENDING|0:00|32|gres:gpu:h100:1;
2026-10-10T02:45:52Z 1051|kevin|s1a-a1-9b-s2|PENDING|0:00|90|N/A;1053|kevin|q2s1a-a1-9b-s2|PENDING|0:00|32|gres:gpu:h100:1;
2026-10-10T02:46:07Z 1051|kevin|s1a-a1-9b-s2|PENDING|0:00|90|N/A;1053|kevin|q2s1a-a1-9b-s2|PENDING|0:00|32|gres:gpu:h100:1;
2026-10-10T02:46:22Z 1051|kevin|s1a-a1-9b-s2|PENDING|0:00|90|N/A;1053|kevin|q2s1a-a1-9b-s2|PENDING|0:00|32|gres:gpu:h100:1;
2026-10-10T02:46:37Z 1051|kevin|s1a-a1-9b-s2|PENDING|0:00|90|N/A;1053|kevin|q2s1a-a1-9b-s2|PENDING|0:00|32|gres:gpu:h100:1;
2026-10-10T02:46:52Z 1051|kevin|s1a-a1-9b-s2|PENDING|0:00|90|N/A;1053|kevin|q2s1a-a1-9b-s2|PENDING|0:00|32|gres:gpu:h100:1;
2026-10-10T02:47:07Z 1051|kevin|s1a-a1-9b-s2|PENDING|0:00|90|N/A;1053|kevin|q2s1a-a1-9b-s2|PENDING|0:00|32|gres:gpu:h100:1;
2026-10-10T02:47:22Z 1051|kevin|s1a-a1-9b-s2|PENDING|0:00|90|N/A;1053|kevin|q2s1a-a1-9b-s2|PENDING|0:00|32|gres:gpu:h100:1;
2026-10-10T02:47:38Z 1051|kevin|s1a-a1-9b-s2|PENDING|0:00|90|N/A;1053|kevin|q2s1a-a1-9b-s2|PENDING|0:00|32|gres:gpu:h100:1;
2026-10-10T02:47:53Z 1051|kevin|s1a-a1-9b-s2|PENDING|0:00|90|N/A;1053|kevin|q2s1a-a1-9b-s2|PENDING|0:00|32|gres:gpu:h100:1;
2026-10-10T02:48:08Z 1051|kevin|s1a-a1-9b-s2|PENDING|0:00|90|N/A;1053|kevin|q2s1a-a1-9b-s2|PENDING|0:00|32|gres:gpu:h100:1;
2026-10-10T02:48:23Z 1051|kevin|s1a-a1-9b-s2|PENDING|0:00|90|N/A;1053|kevin|q2s1a-a1-9b-s2|PENDING|0:00|32|gres:gpu:h100:1;
2026-10-10T02:48:38Z 1051|kevin|s1a-a1-9b-s2|PENDING|0:00|90|N/A;1053|kevin|q2s1a-a1-9b-s2|PENDING|0:00|32|gres:gpu:h100:1;
2026-10-10T02:48:53Z 1051|kevin|s1a-a1-9b-s2|PENDING|0:00|90|N/A;1053|kevin|q2s1a-a1-9b-s2|PENDING|0:00|32|gres:gpu:h100:1;
2026-10-10T02:49:08Z 1051|kevin|s1a-a1-9b-s2|PENDING|0:00|90|N/A;1053|kevin|q2s1a-a1-9b-s2|PENDING|0:00|32|gres:gpu:h100:1;
2026-10-10T02:49:23Z 1051|kevin|s1a-a1-9b-s2|PENDING|0:00|90|N/A;1053|kevin|q2s1a-a1-9b-s2|PENDING|0:00|32|gres:gpu:h100:1;
2026-10-10T02:49:38Z 1051|kevin|s1a-a1-9b-s2|PENDING|0:00|90|N/A;1053|kevin|q2s1a-a1-9b-s2|PENDING|0:00|32|gres:gpu:h100:1;
2026-10-10T02:49:53Z 1051|kevin|s1a-a1-9b-s2|PENDING|0:00|90|N/A;1053|kevin|q2s1a-a1-9b-s2|PENDING|0:00|32|gres:gpu:h100:1;
2026-10-10T02:50:08Z 1051|kevin|s1a-a1-9b-s2|PENDING|0:00|90|N/A;1053|kevin|q2s1a-a1-9b-s2|PENDING|0:00|32|gres:gpu:h100:1;
2026-10-10T02:50:23Z 1051|kevin|s1a-a1-9b-s2|PENDING|0:00|90|N/A;1053|kevin|q2s1a-a1-9b-s2|PENDING|0:00|32|gres:gpu:h100:1;
2026-10-10T02:50:38Z 1051|kevin|s1a-a1-9b-s2|PENDING|0:00|90|N/A;1053|kevin|q2s1a-a1-9b-s2|PENDING|0:00|32|gres:gpu:h100:1;
2026-10-10T02:50:53Z 1051|kevin|s1a-a1-9b-s2|PENDING|0:00|90|N/A;1053|kevin|q2s1a-a1-9b-s2|PENDING|0:00|32|gres:gpu:h100:1;
2026-10-10T02:51:08Z 1051|kevin|s1a-a1-9b-s2|PENDING|0:00|90|N/A;1053|kevin|q2s1a-a1-9b-s2|PENDING|0:00|32|gres:gpu:h100:1;
2026-10-10T02:51:23Z 1051|kevin|s1a-a1-9b-s2|PENDING|0:00|90|N/A;1053|kevin|q2s1a-a1-9b-s2|PENDING|0:00|32|gres:gpu:h100:1;
2026-10-10T02:51:38Z 1051|kevin|s1a-a1-9b-s2|PENDING|0:00|90|N/A;1053|kevin|q2s1a-a1-9b-s2|PENDING|0:00|32|gres:gpu:h100:1;
2026-10-10T02:51:53Z 1051|kevin|s1a-a1-9b-s2|PENDING|0:00|90|N/A;1053|kevin|q2s1a-a1-9b-s2|PENDING|0:00|32|gres:gpu:h100:1;
2026-10-10T02:52:08Z 1051|kevin|s1a-a1-9b-s2|PENDING|0:00|90|N/A;1053|kevin|q2s1a-a1-9b-s2|PENDING|0:00|32|gres:gpu:h100:1;
2026-10-10T02:52:23Z 1051|kevin|s1a-a1-9b-s2|PENDING|0:00|90|N/A;1053|kevin|q2s1a-a1-9b-s2|PENDING|0:00|32|gres:gpu:h100:1;
2026-10-10T02:52:38Z 1051|kevin|s1a-a1-9b-s2|PENDING|0:00|90|N/A;1053|kevin|q2s1a-a1-9b-s2|PENDING|0:00|32|gres:gpu:h100:1;
2026-10-10T02:52:53Z 1051|kevin|s1a-a1-9b-s2|PENDING|0:00|90|N/A;1053|kevin|q2s1a-a1-9b-s2|PENDING|0:00|32|gres:gpu:h100:1;
2026-10-10T02:53:08Z 1051|kevin|s1a-a1-9b-s2|PENDING|0:00|90|N/A;1053|kevin|q2s1a-a1-9b-s2|PENDING|0:00|32|gres:gpu:h100:1;
2026-10-10T02:53:23Z 1051|kevin|s1a-a1-9b-s2|PENDING|0:00|90|N/A;1053|kevin|q2s1a-a1-9b-s2|PENDING|0:00|32|gres:gpu:h100:1;
2026-10-10T02:53:38Z 1051|kevin|s1a-a1-9b-s2|PENDING|0:00|90|N/A;1053|kevin|q2s1a-a1-9b-s2|PENDING|0:00|32|gres:gpu:h100:1;
2026-10-10T02:53:53Z 1051|kevin|s1a-a1-9b-s2|PENDING|0:00|90|N/A;1053|kevin|q2s1a-a1-9b-s2|PENDING|0:00|32|gres:gpu:h100:1;
2026-10-10T02:54:08Z 1051|kevin|s1a-a1-9b-s2|PENDING|0:00|90|N/A;1053|kevin|q2s1a-a1-9b-s2|PENDING|0:00|32|gres:gpu:h100:1;
2026-10-10T02:54:23Z 1051|kevin|s1a-a1-9b-s2|PENDING|0:00|90|N/A;1053|kevin|q2s1a-a1-9b-s2|PENDING|0:00|32|gres:gpu:h100:1;
2026-10-10T02:54:38Z 1051|kevin|s1a-a1-9b-s2|PENDING|0:00|90|N/A;1053|kevin|q2s1a-a1-9b-s2|PENDING|0:00|32|gres:gpu:h100:1;
2026-10-10T02:54:53Z 1051|kevin|s1a-a1-9b-s2|PENDING|0:00|90|N/A;1053|kevin|q2s1a-a1-9b-s2|PENDING|0:00|32|gres:gpu:h100:1;
2026-10-10T02:55:08Z 1051|kevin|s1a-a1-9b-s2|PENDING|0:00|90|N/A;1053|kevin|q2s1a-a1-9b-s2|PENDING|0:00|32|gres:gpu:h100:1;
2026-10-10T02:55:23Z 1051|kevin|s1a-a1-9b-s2|PENDING|0:00|90|N/A;1053|kevin|q2s1a-a1-9b-s2|PENDING|0:00|32|gres:gpu:h100:1;
2026-10-10T02:55:38Z 1051|kevin|s1a-a1-9b-s2|PENDING|0:00|90|N/A;1053|kevin|q2s1a-a1-9b-s2|PENDING|0:00|32|gres:gpu:h100:1;
2026-10-10T02:55:53Z 1051|kevin|s1a-a1-9b-s2|PENDING|0:00|90|N/A;1053|kevin|q2s1a-a1-9b-s2|PENDING|0:00|32|gres:gpu:h100:1;
2026-10-10T02:56:08Z 1051|kevin|s1a-a1-9b-s2|PENDING|0:00|90|N/A;1053|kevin|q2s1a-a1-9b-s2|PENDING|0:00|32|gres:gpu:h100:1;
2026-10-10T02:56:23Z 1051|kevin|s1a-a1-9b-s2|PENDING|0:00|90|N/A;1053|kevin|q2s1a-a1-9b-s2|PENDING|0:00|32|gres:gpu:h100:1;
2026-10-10T02:56:38Z 1051|kevin|s1a-a1-9b-s2|PENDING|0:00|90|N/A;1053|kevin|q2s1a-a1-9b-s2|PENDING|0:00|32|gres:gpu:h100:1;
2026-10-10T02:56:53Z 1051|kevin|s1a-a1-9b-s2|PENDING|0:00|90|N/A;1053|kevin|q2s1a-a1-9b-s2|PENDING|0:00|32|gres:gpu:h100:1;
2026-10-10T02:57:08Z 1051|kevin|s1a-a1-9b-s2|PENDING|0:00|90|N/A;1053|kevin|q2s1a-a1-9b-s2|PENDING|0:00|32|gres:gpu:h100:1;
2026-10-10T02:57:23Z 1051|kevin|s1a-a1-9b-s2|PENDING|0:00|90|N/A;1053|kevin|q2s1a-a1-9b-s2|PENDING|0:00|32|gres:gpu:h100:1;
2026-10-10T02:57:38Z 1051|kevin|s1a-a1-9b-s2|PENDING|0:00|90|N/A;1053|kevin|q2s1a-a1-9b-s2|PENDING|0:00|32|gres:gpu:h100:1;
2026-10-10T02:57:53Z 1051|kevin|s1a-a1-9b-s2|PENDING|0:00|90|N/A;1053|kevin|q2s1a-a1-9b-s2|PENDING|0:00|32|gres:gpu:h100:1;
2026-10-10T02:58:08Z 1051|kevin|s1a-a1-9b-s2|PENDING|0:00|90|N/A;1053|kevin|q2s1a-a1-9b-s2|PENDING|0:00|32|gres:gpu:h100:1;
2026-10-10T02:58:23Z 1051|kevin|s1a-a1-9b-s2|PENDING|0:00|90|N/A;1053|kevin|q2s1a-a1-9b-s2|PENDING|0:00|32|gres:gpu:h100:1;
2026-10-10T02:58:38Z 1051|kevin|s1a-a1-9b-s2|PENDING|0:00|90|N/A;1053|kevin|q2s1a-a1-9b-s2|PENDING|0:00|32|gres:gpu:h100:1;
2026-10-10T02:58:53Z 1051|kevin|s1a-a1-9b-s2|PENDING|0:00|90|N/A;1053|kevin|q2s1a-a1-9b-s2|PENDING|0:00|32|gres:gpu:h100:1;
2026-10-10T02:59:08Z 1051|kevin|s1a-a1-9b-s2|PENDING|0:00|90|N/A;1053|kevin|q2s1a-a1-9b-s2|PENDING|0:00|32|gres:gpu:h100:1;
2026-10-10T02:59:23Z 1051|kevin|s1a-a1-9b-s2|PENDING|0:00|90|N/A;1053|kevin|q2s1a-a1-9b-s2|PENDING|0:00|32|gres:gpu:h100:1;
2026-10-10T02:59:38Z 1051|kevin|s1a-a1-9b-s2|PENDING|0:00|90|N/A;1053|kevin|q2s1a-a1-9b-s2|PENDING|0:00|32|gres:gpu:h100:1;
2026-10-10T02:59:54Z 1051|kevin|s1a-a1-9b-s2|PENDING|0:00|90|N/A;1053|kevin|q2s1a-a1-9b-s2|PENDING|0:00|32|gres:gpu:h100:1;
2026-10-10T03:00:09Z 1051|kevin|s1a-a1-9b-s2|PENDING|0:00|90|N/A;1053|kevin|q2s1a-a1-9b-s2|PENDING|0:00|32|gres:gpu:h100:1;
2026-10-10T03:00:24Z 1051|kevin|s1a-a1-9b-s2|PENDING|0:00|90|N/A;1053|kevin|q2s1a-a1-9b-s2|PENDING|0:00|32|gres:gpu:h100:1;
2026-10-10T03:00:39Z 1051|kevin|s1a-a1-9b-s2|PENDING|0:00|90|N/A;1053|kevin|q2s1a-a1-9b-s2|PENDING|0:00|32|gres:gpu:h100:1;
2026-10-10T03:00:54Z 1051|kevin|s1a-a1-9b-s2|PENDING|0:00|90|N/A;1053|kevin|q2s1a-a1-9b-s2|PENDING|0:00|32|gres:gpu:h100:1;
2026-10-10T03:01:09Z 1051|kevin|s1a-a1-9b-s2|PENDING|0:00|90|N/A;1053|kevin|q2s1a-a1-9b-s2|PENDING|0:00|32|gres:gpu:h100:1;
2026-10-10T03:01:24Z 1051|kevin|s1a-a1-9b-s2|PENDING|0:00|90|N/A;1053|kevin|q2s1a-a1-9b-s2|PENDING|0:00|32|gres:gpu:h100:1;
2026-10-10T03:01:39Z 1051|kevin|s1a-a1-9b-s2|PENDING|0:00|90|N/A;1053|kevin|q2s1a-a1-9b-s2|PENDING|0:00|32|gres:gpu:h100:1;
2026-10-10T03:01:54Z 1051|kevin|s1a-a1-9b-s2|PENDING|0:00|90|N/A;1053|kevin|q2s1a-a1-9b-s2|PENDING|0:00|32|gres:gpu:h100:1;
2026-10-10T03:02:09Z 1051|kevin|s1a-a1-9b-s2|PENDING|0:00|90|N/A;1053|kevin|q2s1a-a1-9b-s2|PENDING|0:00|32|gres:gpu:h100:1;
2026-10-10T03:02:24Z 1051|kevin|s1a-a1-9b-s2|PENDING|0:00|90|N/A;1053|kevin|q2s1a-a1-9b-s2|PENDING|0:00|32|gres:gpu:h100:1;
2026-10-10T03:02:39Z 1051|kevin|s1a-a1-9b-s2|PENDING|0:00|90|N/A;1053|kevin|q2s1a-a1-9b-s2|PENDING|0:00|32|gres:gpu:h100:1;
2026-10-10T03:02:54Z 1051|kevin|s1a-a1-9b-s2|PENDING|0:00|90|N/A;1053|kevin|q2s1a-a1-9b-s2|PENDING|0:00|32|gres:gpu:h100:1;
2026-10-10T03:03:09Z 1051|kevin|s1a-a1-9b-s2|PENDING|0:00|90|N/A;1053|kevin|q2s1a-a1-9b-s2|PENDING|0:00|32|gres:gpu:h100:1;
2026-10-10T03:03:24Z 1051|kevin|s1a-a1-9b-s2|PENDING|0:00|90|N/A;1053|kevin|q2s1a-a1-9b-s2|PENDING|0:00|32|gres:gpu:h100:1;
2026-10-10T03:03:39Z 1051|kevin|s1a-a1-9b-s2|PENDING|0:00|90|N/A;1053|kevin|q2s1a-a1-9b-s2|PENDING|0:00|32|gres:gpu:h100:1;
2026-10-10T03:03:54Z 1051|kevin|s1a-a1-9b-s2|PENDING|0:00|90|N/A;1053|kevin|q2s1a-a1-9b-s2|PENDING|0:00|32|gres:gpu:h100:1;
2026-10-10T03:04:09Z 1051|kevin|s1a-a1-9b-s2|PENDING|0:00|90|N/A;1053|kevin|q2s1a-a1-9b-s2|PENDING|0:00|32|gres:gpu:h100:1;
2026-10-10T03:04:24Z 1051|kevin|s1a-a1-9b-s2|PENDING|0:00|90|N/A;1053|kevin|q2s1a-a1-9b-s2|PENDING|0:00|32|gres:gpu:h100:1;
2026-10-10T03:04:39Z 1051|kevin|s1a-a1-9b-s2|PENDING|0:00|90|N/A;1053|kevin|q2s1a-a1-9b-s2|PENDING|0:00|32|gres:gpu:h100:1;
2026-10-10T03:04:54Z 1051|kevin|s1a-a1-9b-s2|PENDING|0:00|90|N/A;1053|kevin|q2s1a-a1-9b-s2|PENDING|0:00|32|gres:gpu:h100:1;
2026-10-10T03:05:09Z 1051|kevin|s1a-a1-9b-s2|PENDING|0:00|90|N/A;1053|kevin|q2s1a-a1-9b-s2|PENDING|0:00|32|gres:gpu:h100:1;
2026-10-10T03:05:24Z 1051|kevin|s1a-a1-9b-s2|PENDING|0:00|90|N/A;1053|kevin|q2s1a-a1-9b-s2|PENDING|0:00|32|gres:gpu:h100:1;
2026-10-10T03:05:39Z 1051|kevin|s1a-a1-9b-s2|PENDING|0:00|90|N/A;1053|kevin|q2s1a-a1-9b-s2|PENDING|0:00|32|gres:gpu:h100:1;
2026-10-10T03:05:54Z 1051|kevin|s1a-a1-9b-s2|PENDING|0:00|90|N/A;1053|kevin|q2s1a-a1-9b-s2|PENDING|0:00|32|gres:gpu:h100:1;
2026-10-10T03:06:09Z 1051|kevin|s1a-a1-9b-s2|PENDING|0:00|90|N/A;1053|kevin|q2s1a-a1-9b-s2|PENDING|0:00|32|gres:gpu:h100:1;
2026-10-10T03:06:24Z 1051|kevin|s1a-a1-9b-s2|PENDING|0:00|90|N/A;1053|kevin|q2s1a-a1-9b-s2|PENDING|0:00|32|gres:gpu:h100:1;
2026-10-10T03:06:39Z 1051|kevin|s1a-a1-9b-s2|PENDING|0:00|90|N/A;1053|kevin|q2s1a-a1-9b-s2|PENDING|0:00|32|gres:gpu:h100:1;
2026-10-10T03:06:54Z 1051|kevin|s1a-a1-9b-s2|PENDING|0:00|90|N/A;1053|kevin|q2s1a-a1-9b-s2|PENDING|0:00|32|gres:gpu:h100:1;
2026-10-10T03:07:09Z 1051|kevin|s1a-a1-9b-s2|PENDING|0:00|90|N/A;1053|kevin|q2s1a-a1-9b-s2|PENDING|0:00|32|gres:gpu:h100:1;
2026-10-10T03:07:24Z 1051|kevin|s1a-a1-9b-s2|PENDING|0:00|90|N/A;1053|kevin|q2s1a-a1-9b-s2|PENDING|0:00|32|gres:gpu:h100:1;
2026-10-10T03:07:39Z 1051|kevin|s1a-a1-9b-s2|PENDING|0:00|90|N/A;1053|kevin|q2s1a-a1-9b-s2|PENDING|0:00|32|gres:gpu:h100:1;
2026-10-10T03:07:54Z 1051|kevin|s1a-a1-9b-s2|PENDING|0:00|90|N/A;1053|kevin|q2s1a-a1-9b-s2|PENDING|0:00|32|gres:gpu:h100:1;
2026-10-10T03:08:09Z 1051|kevin|s1a-a1-9b-s2|PENDING|0:00|90|N/A;1053|kevin|q2s1a-a1-9b-s2|PENDING|0:00|32|gres:gpu:h100:1;
2026-10-10T03:08:24Z 1051|kevin|s1a-a1-9b-s2|PENDING|0:00|90|N/A;1053|kevin|q2s1a-a1-9b-s2|PENDING|0:00|32|gres:gpu:h100:1;
2026-10-10T03:08:39Z 1051|kevin|s1a-a1-9b-s2|PENDING|0:00|90|N/A;1053|kevin|q2s1a-a1-9b-s2|PENDING|0:00|32|gres:gpu:h100:1;
2026-10-10T03:08:54Z 1051|kevin|s1a-a1-9b-s2|PENDING|0:00|90|N/A;1053|kevin|q2s1a-a1-9b-s2|PENDING|0:00|32|gres:gpu:h100:1;
2026-10-10T03:09:09Z 1051|kevin|s1a-a1-9b-s2|PENDING|0:00|90|N/A;1053|kevin|q2s1a-a1-9b-s2|PENDING|0:00|32|gres:gpu:h100:1;
2026-10-10T03:09:24Z 1051|kevin|s1a-a1-9b-s2|PENDING|0:00|90|N/A;1053|kevin|q2s1a-a1-9b-s2|PENDING|0:00|32|gres:gpu:h100:1;
2026-10-10T03:09:39Z 1051|kevin|s1a-a1-9b-s2|PENDING|0:00|90|N/A;1053|kevin|q2s1a-a1-9b-s2|PENDING|0:00|32|gres:gpu:h100:1;
2026-10-10T03:09:54Z 1051|kevin|s1a-a1-9b-s2|PENDING|0:00|90|N/A;1053|kevin|q2s1a-a1-9b-s2|PENDING|0:00|32|gres:gpu:h100:1;
2026-10-10T03:10:09Z 1051|kevin|s1a-a1-9b-s2|PENDING|0:00|90|N/A;1053|kevin|q2s1a-a1-9b-s2|PENDING|0:00|32|gres:gpu:h100:1;
2026-10-10T03:10:24Z 1051|kevin|s1a-a1-9b-s2|PENDING|0:00|90|N/A;1053|kevin|q2s1a-a1-9b-s2|PENDING|0:00|32|gres:gpu:h100:1;
2026-10-10T03:10:39Z 1051|kevin|s1a-a1-9b-s2|PENDING|0:00|90|N/A;1053|kevin|q2s1a-a1-9b-s2|PENDING|0:00|32|gres:gpu:h100:1;
2026-10-10T03:10:54Z 1051|kevin|s1a-a1-9b-s2|PENDING|0:00|90|N/A;1053|kevin|q2s1a-a1-9b-s2|PENDING|0:00|32|gres:gpu:h100:1;
2026-10-10T03:11:09Z 1051|kevin|s1a-a1-9b-s2|PENDING|0:00|90|N/A;1053|kevin|q2s1a-a1-9b-s2|PENDING|0:00|32|gres:gpu:h100:1;
2026-10-10T03:11:24Z 1051|kevin|s1a-a1-9b-s2|PENDING|0:00|90|N/A;1053|kevin|q2s1a-a1-9b-s2|PENDING|0:00|32|gres:gpu:h100:1;
2026-10-10T03:11:39Z 1051|kevin|s1a-a1-9b-s2|PENDING|0:00|90|N/A;1053|kevin|q2s1a-a1-9b-s2|PENDING|0:00|32|gres:gpu:h100:1;
2026-10-10T03:11:55Z 1051|kevin|s1a-a1-9b-s2|PENDING|0:00|90|N/A;1053|kevin|q2s1a-a1-9b-s2|PENDING|0:00|32|gres:gpu:h100:1;
2026-10-10T03:12:10Z 1051|kevin|s1a-a1-9b-s2|PENDING|0:00|90|N/A;1053|kevin|q2s1a-a1-9b-s2|PENDING|0:00|32|gres:gpu:h100:1;
2026-10-10T03:12:25Z 1051|kevin|s1a-a1-9b-s2|PENDING|0:00|90|N/A;1053|kevin|q2s1a-a1-9b-s2|PENDING|0:00|32|gres:gpu:h100:1;
2026-10-10T03:12:40Z 1051|kevin|s1a-a1-9b-s2|PENDING|0:00|90|N/A;1053|kevin|q2s1a-a1-9b-s2|PENDING|0:00|32|gres:gpu:h100:1;
2026-10-10T03:12:55Z 1051|kevin|s1a-a1-9b-s2|PENDING|0:00|90|N/A;1053|kevin|q2s1a-a1-9b-s2|PENDING|0:00|32|gres:gpu:h100:1;
2026-10-10T03:13:10Z 1051|kevin|s1a-a1-9b-s2|PENDING|0:00|90|N/A;1053|kevin|q2s1a-a1-9b-s2|PENDING|0:00|32|gres:gpu:h100:1;
2026-10-10T03:13:25Z 1051|kevin|s1a-a1-9b-s2|PENDING|0:00|90|N/A;1053|kevin|q2s1a-a1-9b-s2|PENDING|0:00|32|gres:gpu:h100:1;
2026-10-10T03:13:40Z 1051|kevin|s1a-a1-9b-s2|PENDING|0:00|90|N/A;1053|kevin|q2s1a-a1-9b-s2|PENDING|0:00|32|gres:gpu:h100:1;
2026-10-10T03:13:55Z 1051|kevin|s1a-a1-9b-s2|PENDING|0:00|90|N/A;1053|kevin|q2s1a-a1-9b-s2|PENDING|0:00|32|gres:gpu:h100:1;
2026-10-10T03:14:10Z 1051|kevin|s1a-a1-9b-s2|PENDING|0:00|90|N/A;1053|kevin|q2s1a-a1-9b-s2|PENDING|0:00|32|gres:gpu:h100:1;
2026-10-10T03:14:25Z 1051|kevin|s1a-a1-9b-s2|PENDING|0:00|90|N/A;1053|kevin|q2s1a-a1-9b-s2|PENDING|0:00|32|gres:gpu:h100:1;
2026-10-10T03:14:40Z 1051|kevin|s1a-a1-9b-s2|PENDING|0:00|90|N/A;1053|kevin|q2s1a-a1-9b-s2|PENDING|0:00|32|gres:gpu:h100:1;
2026-10-10T03:14:55Z 1051|kevin|s1a-a1-9b-s2|PENDING|0:00|90|N/A;1053|kevin|q2s1a-a1-9b-s2|PENDING|0:00|32|gres:gpu:h100:1;
2026-10-10T03:15:10Z 1051|kevin|s1a-a1-9b-s2|PENDING|0:00|90|N/A;1053|kevin|q2s1a-a1-9b-s2|PENDING|0:00|32|gres:gpu:h100:1;
2026-10-10T03:15:25Z 1051|kevin|s1a-a1-9b-s2|PENDING|0:00|90|N/A;1053|kevin|q2s1a-a1-9b-s2|PENDING|0:00|32|gres:gpu:h100:1;
2026-10-10T03:15:40Z 1051|kevin|s1a-a1-9b-s2|PENDING|0:00|90|N/A;1053|kevin|q2s1a-a1-9b-s2|PENDING|0:00|32|gres:gpu:h100:1;
2026-10-10T03:15:55Z 1051|kevin|s1a-a1-9b-s2|PENDING|0:00|90|N/A;1053|kevin|q2s1a-a1-9b-s2|PENDING|0:00|32|gres:gpu:h100:1;
2026-10-10T03:16:10Z 1051|kevin|s1a-a1-9b-s2|PENDING|0:00|90|N/A;1053|kevin|q2s1a-a1-9b-s2|PENDING|0:00|32|gres:gpu:h100:1;
2026-10-10T03:16:25Z 1051|kevin|s1a-a1-9b-s2|PENDING|0:00|90|N/A;1053|kevin|q2s1a-a1-9b-s2|PENDING|0:00|32|gres:gpu:h100:1;
2026-10-10T03:16:40Z 1051|kevin|s1a-a1-9b-s2|PENDING|0:00|90|N/A;1053|kevin|q2s1a-a1-9b-s2|PENDING|0:00|32|gres:gpu:h100:1;
2026-10-10T03:16:55Z 1051|kevin|s1a-a1-9b-s2|PENDING|0:00|90|N/A;1053|kevin|q2s1a-a1-9b-s2|PENDING|0:00|32|gres:gpu:h100:1;
2026-10-10T03:17:10Z 1051|kevin|s1a-a1-9b-s2|PENDING|0:00|90|N/A;1053|kevin|q2s1a-a1-9b-s2|PENDING|0:00|32|gres:gpu:h100:1;
2026-10-10T03:17:25Z 1051|kevin|s1a-a1-9b-s2|PENDING|0:00|90|N/A;1053|kevin|q2s1a-a1-9b-s2|PENDING|0:00|32|gres:gpu:h100:1;
2026-10-10T03:17:40Z 1051|kevin|s1a-a1-9b-s2|PENDING|0:00|90|N/A;1053|kevin|q2s1a-a1-9b-s2|PENDING|0:00|32|gres:gpu:h100:1;
2026-10-10T03:17:55Z 1051|kevin|s1a-a1-9b-s2|PENDING|0:00|90|N/A;1053|kevin|q2s1a-a1-9b-s2|PENDING|0:00|32|gres:gpu:h100:1;
2026-10-10T03:18:10Z 1051|kevin|s1a-a1-9b-s2|PENDING|0:00|90|N/A;1053|kevin|q2s1a-a1-9b-s2|PENDING|0:00|32|gres:gpu:h100:1;
2026-10-10T03:18:25Z 1051|kevin|s1a-a1-9b-s2|PENDING|0:00|90|N/A;1053|kevin|q2s1a-a1-9b-s2|PENDING|0:00|32|gres:gpu:h100:1;
2026-10-10T03:18:40Z 1051|kevin|s1a-a1-9b-s2|PENDING|0:00|90|N/A;1053|kevin|q2s1a-a1-9b-s2|PENDING|0:00|32|gres:gpu:h100:1;
2026-10-10T03:18:55Z 1051|kevin|s1a-a1-9b-s2|PENDING|0:00|90|N/A;1053|kevin|q2s1a-a1-9b-s2|PENDING|0:00|32|gres:gpu:h100:1;
2026-10-10T03:19:10Z 1051|kevin|s1a-a1-9b-s2|PENDING|0:00|90|N/A;1053|kevin|q2s1a-a1-9b-s2|PENDING|0:00|32|gres:gpu:h100:1;
2026-10-10T03:19:25Z 1051|kevin|s1a-a1-9b-s2|PENDING|0:00|90|N/A;1053|kevin|q2s1a-a1-9b-s2|PENDING|0:00|32|gres:gpu:h100:1;
2026-10-10T03:19:40Z 1051|kevin|s1a-a1-9b-s2|PENDING|0:00|90|N/A;1053|kevin|q2s1a-a1-9b-s2|PENDING|0:00|32|gres:gpu:h100:1;
2026-10-10T03:19:55Z 1051|kevin|s1a-a1-9b-s2|PENDING|0:00|90|N/A;1053|kevin|q2s1a-a1-9b-s2|PENDING|0:00|32|gres:gpu:h100:1;
2026-10-10T03:20:10Z 1051|kevin|s1a-a1-9b-s2|PENDING|0:00|90|N/A;1053|kevin|q2s1a-a1-9b-s2|PENDING|0:00|32|gres:gpu:h100:1;
2026-10-10T03:20:25Z 1051|kevin|s1a-a1-9b-s2|PENDING|0:00|90|N/A;1053|kevin|q2s1a-a1-9b-s2|PENDING|0:00|32|gres:gpu:h100:1;
2026-10-10T03:20:40Z 1051|kevin|s1a-a1-9b-s2|PENDING|0:00|90|N/A;1053|kevin|q2s1a-a1-9b-s2|PENDING|0:00|32|gres:gpu:h100:1;
2026-10-10T03:20:55Z 1051|kevin|s1a-a1-9b-s2|PENDING|0:00|90|N/A;1053|kevin|q2s1a-a1-9b-s2|PENDING|0:00|32|gres:gpu:h100:1;
2026-10-10T03:21:10Z 1051|kevin|s1a-a1-9b-s2|PENDING|0:00|90|N/A;1053|kevin|q2s1a-a1-9b-s2|PENDING|0:00|32|gres:gpu:h100:1;
2026-10-10T03:21:25Z 1051|kevin|s1a-a1-9b-s2|PENDING|0:00|90|N/A;1053|kevin|q2s1a-a1-9b-s2|PENDING|0:00|32|gres:gpu:h100:1;
2026-10-10T03:21:40Z 1051|kevin|s1a-a1-9b-s2|PENDING|0:00|90|N/A;1053|kevin|q2s1a-a1-9b-s2|PENDING|0:00|32|gres:gpu:h100:1;
2026-10-10T03:21:55Z 1051|kevin|s1a-a1-9b-s2|PENDING|0:00|90|N/A;1053|kevin|q2s1a-a1-9b-s2|PENDING|0:00|32|gres:gpu:h100:1;
2026-10-10T03:22:10Z 1051|kevin|s1a-a1-9b-s2|PENDING|0:00|90|N/A;1053|kevin|q2s1a-a1-9b-s2|PENDING|0:00|32|gres:gpu:h100:1;
2026-10-10T03:22:25Z 1051|kevin|s1a-a1-9b-s2|PENDING|0:00|90|N/A;1053|kevin|q2s1a-a1-9b-s2|PENDING|0:00|32|gres:gpu:h100:1;
2026-10-10T03:22:40Z 1051|kevin|s1a-a1-9b-s2|PENDING|0:00|90|N/A;1053|kevin|q2s1a-a1-9b-s2|PENDING|0:00|32|gres:gpu:h100:1;
2026-10-10T03:22:55Z 1051|kevin|s1a-a1-9b-s2|PENDING|0:00|90|N/A;1053|kevin|q2s1a-a1-9b-s2|PENDING|0:00|32|gres:gpu:h100:1;
2026-10-10T03:23:10Z 1051|kevin|s1a-a1-9b-s2|PENDING|0:00|90|N/A;1053|kevin|q2s1a-a1-9b-s2|PENDING|0:00|32|gres:gpu:h100:1;
2026-10-10T03:23:25Z 1051|kevin|s1a-a1-9b-s2|PENDING|0:00|90|N/A;1053|kevin|q2s1a-a1-9b-s2|PENDING|0:00|32|gres:gpu:h100:1;
2026-10-10T03:23:40Z 1051|kevin|s1a-a1-9b-s2|PENDING|0:00|90|N/A;1053|kevin|q2s1a-a1-9b-s2|PENDING|0:00|32|gres:gpu:h100:1;
2026-10-10T03:23:56Z 1051|kevin|s1a-a1-9b-s2|PENDING|0:00|90|N/A;1053|kevin|q2s1a-a1-9b-s2|PENDING|0:00|32|gres:gpu:h100:1;
2026-10-10T03:24:11Z 1051|kevin|s1a-a1-9b-s2|PENDING|0:00|90|N/A;1053|kevin|q2s1a-a1-9b-s2|PENDING|0:00|32|gres:gpu:h100:1;
2026-10-10T03:24:26Z 1051|kevin|s1a-a1-9b-s2|PENDING|0:00|90|N/A;1053|kevin|q2s1a-a1-9b-s2|PENDING|0:00|32|gres:gpu:h100:1;
2026-10-10T03:24:41Z 1051|kevin|s1a-a1-9b-s2|PENDING|0:00|90|N/A;1053|kevin|q2s1a-a1-9b-s2|PENDING|0:00|32|gres:gpu:h100:1;
2026-10-10T03:24:56Z 1051|kevin|s1a-a1-9b-s2|PENDING|0:00|90|N/A;1053|kevin|q2s1a-a1-9b-s2|PENDING|0:00|32|gres:gpu:h100:1;
2026-10-10T03:25:11Z 1051|kevin|s1a-a1-9b-s2|PENDING|0:00|90|N/A;1053|kevin|q2s1a-a1-9b-s2|PENDING|0:00|32|gres:gpu:h100:1;
2026-10-10T03:25:26Z 1051|kevin|s1a-a1-9b-s2|PENDING|0:00|90|N/A;1053|kevin|q2s1a-a1-9b-s2|PENDING|0:00|32|gres:gpu:h100:1;
2026-10-10T03:25:41Z 1051|kevin|s1a-a1-9b-s2|PENDING|0:00|90|N/A;1053|kevin|q2s1a-a1-9b-s2|PENDING|0:00|32|gres:gpu:h100:1;
2026-10-10T03:25:56Z 1051|kevin|s1a-a1-9b-s2|PENDING|0:00|90|N/A;1053|kevin|q2s1a-a1-9b-s2|PENDING|0:00|32|gres:gpu:h100:1;
2026-10-10T03:26:11Z 1051|kevin|s1a-a1-9b-s2|PENDING|0:00|90|N/A;1053|kevin|q2s1a-a1-9b-s2|PENDING|0:00|32|gres:gpu:h100:1;
2026-10-10T03:26:26Z 1051|kevin|s1a-a1-9b-s2|PENDING|0:00|90|N/A;1053|kevin|q2s1a-a1-9b-s2|PENDING|0:00|32|gres:gpu:h100:1;
2026-10-10T03:26:41Z 1051|kevin|s1a-a1-9b-s2|PENDING|0:00|90|N/A;1053|kevin|q2s1a-a1-9b-s2|PENDING|0:00|32|gres:gpu:h100:1;
2026-10-10T03:26:56Z 1051|kevin|s1a-a1-9b-s2|PENDING|0:00|90|N/A;1053|kevin|q2s1a-a1-9b-s2|PENDING|0:00|32|gres:gpu:h100:1;
2026-10-10T03:27:11Z 1051|kevin|s1a-a1-9b-s2|PENDING|0:00|90|N/A;1053|kevin|q2s1a-a1-9b-s2|PENDING|0:00|32|gres:gpu:h100:1;
2026-10-10T03:27:26Z 1051|kevin|s1a-a1-9b-s2|PENDING|0:00|90|N/A;1053|kevin|q2s1a-a1-9b-s2|PENDING|0:00|32|gres:gpu:h100:1;
2026-10-10T03:27:41Z 1051|kevin|s1a-a1-9b-s2|PENDING|0:00|90|N/A;1053|kevin|q2s1a-a1-9b-s2|PENDING|0:00|32|gres:gpu:h100:1;
2026-10-10T03:27:56Z 1051|kevin|s1a-a1-9b-s2|PENDING|0:00|90|N/A;1053|kevin|q2s1a-a1-9b-s2|PENDING|0:00|32|gres:gpu:h100:1;
2026-10-10T03:28:11Z 1051|kevin|s1a-a1-9b-s2|PENDING|0:00|90|N/A;1053|kevin|q2s1a-a1-9b-s2|PENDING|0:00|32|gres:gpu:h100:1;
2026-10-10T03:28:26Z 1051|kevin|s1a-a1-9b-s2|PENDING|0:00|90|N/A;1053|kevin|q2s1a-a1-9b-s2|PENDING|0:00|32|gres:gpu:h100:1;
2026-10-10T03:28:41Z 1051|kevin|s1a-a1-9b-s2|PENDING|0:00|90|N/A;1053|kevin|q2s1a-a1-9b-s2|PENDING|0:00|32|gres:gpu:h100:1;
2026-10-10T03:28:56Z 1051|kevin|s1a-a1-9b-s2|PENDING|0:00|90|N/A;1053|kevin|q2s1a-a1-9b-s2|PENDING|0:00|32|gres:gpu:h100:1;
2026-10-10T03:29:11Z 1051|kevin|s1a-a1-9b-s2|PENDING|0:00|90|N/A;1053|kevin|q2s1a-a1-9b-s2|PENDING|0:00|32|gres:gpu:h100:1;
2026-10-10T03:29:26Z 1051|kevin|s1a-a1-9b-s2|PENDING|0:00|90|N/A;1053|kevin|q2s1a-a1-9b-s2|PENDING|0:00|32|gres:gpu:h100:1;
2026-10-10T03:29:41Z 1051|kevin|s1a-a1-9b-s2|PENDING|0:00|90|N/A;1053|kevin|q2s1a-a1-9b-s2|PENDING|0:00|32|gres:gpu:h100:1;
2026-10-10T03:29:56Z 1051|kevin|s1a-a1-9b-s2|PENDING|0:00|90|N/A;1053|kevin|q2s1a-a1-9b-s2|PENDING|0:00|32|gres:gpu:h100:1;
2026-10-10T03:30:11Z 1051|kevin|s1a-a1-9b-s2|PENDING|0:00|90|N/A;1053|kevin|q2s1a-a1-9b-s2|PENDING|0:00|32|gres:gpu:h100:1;
2026-10-10T03:30:26Z 1051|kevin|s1a-a1-9b-s2|PENDING|0:00|90|N/A;1053|kevin|q2s1a-a1-9b-s2|PENDING|0:00|32|gres:gpu:h100:1;
2026-10-10T03:30:41Z 1051|kevin|s1a-a1-9b-s2|PENDING|0:00|90|N/A;1053|kevin|q2s1a-a1-9b-s2|PENDING|0:00|32|gres:gpu:h100:1;
2026-10-10T03:30:56Z 1051|kevin|s1a-a1-9b-s2|PENDING|0:00|90|N/A;1053|kevin|q2s1a-a1-9b-s2|PENDING|0:00|32|gres:gpu:h100:1;
2026-10-10T03:31:11Z 1051|kevin|s1a-a1-9b-s2|PENDING|0:00|90|N/A;1053|kevin|q2s1a-a1-9b-s2|PENDING|0:00|32|gres:gpu:h100:1;
2026-10-10T03:31:26Z 1051|kevin|s1a-a1-9b-s2|PENDING|0:00|90|N/A;1053|kevin|q2s1a-a1-9b-s2|PENDING|0:00|32|gres:gpu:h100:1;
2026-10-10T03:31:41Z 1051|kevin|s1a-a1-9b-s2|PENDING|0:00|90|N/A;1053|kevin|q2s1a-a1-9b-s2|PENDING|0:00|32|gres:gpu:h100:1;
2026-10-10T03:31:56Z 1051|kevin|s1a-a1-9b-s2|PENDING|0:00|90|N/A;1053|kevin|q2s1a-a1-9b-s2|PENDING|0:00|32|gres:gpu:h100:1;
2026-10-10T03:32:11Z 1051|kevin|s1a-a1-9b-s2|PENDING|0:00|90|N/A;1053|kevin|q2s1a-a1-9b-s2|PENDING|0:00|32|gres:gpu:h100:1;
2026-10-10T03:32:26Z 1051|kevin|s1a-a1-9b-s2|PENDING|0:00|90|N/A;1053|kevin|q2s1a-a1-9b-s2|PENDING|0:00|32|gres:gpu:h100:1;
2026-10-10T03:32:41Z 1051|kevin|s1a-a1-9b-s2|PENDING|0:00|90|N/A;1053|kevin|q2s1a-a1-9b-s2|PENDING|0:00|32|gres:gpu:h100:1;
2026-10-10T03:32:56Z 1051|kevin|s1a-a1-9b-s2|PENDING|0:00|90|N/A;1053|kevin|q2s1a-a1-9b-s2|PENDING|0:00|32|gres:gpu:h100:1;
2026-10-10T03:33:11Z 1051|kevin|s1a-a1-9b-s2|PENDING|0:00|90|N/A;1053|kevin|q2s1a-a1-9b-s2|PENDING|0:00|32|gres:gpu:h100:1;
2026-10-10T03:33:26Z 1051|kevin|s1a-a1-9b-s2|PENDING|0:00|90|N/A;1053|kevin|q2s1a-a1-9b-s2|PENDING|0:00|32|gres:gpu:h100:1;
2026-10-10T03:33:41Z 1051|kevin|s1a-a1-9b-s2|PENDING|0:00|90|N/A;1053|kevin|q2s1a-a1-9b-s2|PENDING|0:00|32|gres:gpu:h100:1;
2026-10-10T03:33:56Z 1051|kevin|s1a-a1-9b-s2|PENDING|0:00|90|N/A;1053|kevin|q2s1a-a1-9b-s2|PENDING|0:00|32|gres:gpu:h100:1;
2026-10-10T03:34:11Z 1051|kevin|s1a-a1-9b-s2|PENDING|0:00|90|N/A;1053|kevin|q2s1a-a1-9b-s2|PENDING|0:00|32|gres:gpu:h100:1;
2026-10-10T03:34:26Z 1051|kevin|s1a-a1-9b-s2|PENDING|0:00|90|N/A;1053|kevin|q2s1a-a1-9b-s2|PENDING|0:00|32|gres:gpu:h100:1;
2026-10-10T03:34:41Z 1051|kevin|s1a-a1-9b-s2|PENDING|0:00|90|N/A;1053|kevin|q2s1a-a1-9b-s2|PENDING|0:00|32|gres:gpu:h100:1;
2026-10-10T03:34:56Z 1051|kevin|s1a-a1-9b-s2|PENDING|0:00|90|N/A;1053|kevin|q2s1a-a1-9b-s2|PENDING|0:00|32|gres:gpu:h100:1;
2026-10-10T03:35:11Z 1051|kevin|s1a-a1-9b-s2|PENDING|0:00|90|N/A;1053|kevin|q2s1a-a1-9b-s2|PENDING|0:00|32|gres:gpu:h100:1;
2026-10-10T03:35:26Z 1051|kevin|s1a-a1-9b-s2|PENDING|0:00|90|N/A;1053|kevin|q2s1a-a1-9b-s2|PENDING|0:00|32|gres:gpu:h100:1;
2026-10-10T03:35:41Z 1051|kevin|s1a-a1-9b-s2|PENDING|0:00|90|N/A;1053|kevin|q2s1a-a1-9b-s2|PENDING|0:00|32|gres:gpu:h100:1;
2026-10-10T03:35:56Z 1051|kevin|s1a-a1-9b-s2|PENDING|0:00|90|N/A;1053|kevin|q2s1a-a1-9b-s2|PENDING|0:00|32|gres:gpu:h100:1;
2026-10-10T03:36:12Z 1051|kevin|s1a-a1-9b-s2|PENDING|0:00|90|N/A;1053|kevin|q2s1a-a1-9b-s2|PENDING|0:00|32|gres:gpu:h100:1;
2026-10-10T03:36:27Z 1051|kevin|s1a-a1-9b-s2|PENDING|0:00|90|N/A;1053|kevin|q2s1a-a1-9b-s2|PENDING|0:00|32|gres:gpu:h100:1;
2026-10-10T03:36:42Z 1051|kevin|s1a-a1-9b-s2|PENDING|0:00|90|N/A;1053|kevin|q2s1a-a1-9b-s2|PENDING|0:00|32|gres:gpu:h100:1;
2026-10-10T03:36:57Z 1051|kevin|s1a-a1-9b-s2|PENDING|0:00|90|N/A;1053|kevin|q2s1a-a1-9b-s2|PENDING|0:00|32|gres:gpu:h100:1;
2026-10-10T03:37:12Z 1051|kevin|s1a-a1-9b-s2|PENDING|0:00|90|N/A;1053|kevin|q2s1a-a1-9b-s2|PENDING|0:00|32|gres:gpu:h100:1;
2026-10-10T03:37:27Z 1051|kevin|s1a-a1-9b-s2|PENDING|0:00|90|N/A;1053|kevin|q2s1a-a1-9b-s2|PENDING|0:00|32|gres:gpu:h100:1;
2026-10-10T03:37:42Z 1051|kevin|s1a-a1-9b-s2|PENDING|0:00|90|N/A;1053|kevin|q2s1a-a1-9b-s2|PENDING|0:00|32|gres:gpu:h100:1;
2026-10-10T03:37:57Z 1051|kevin|s1a-a1-9b-s2|PENDING|0:00|90|N/A;1053|kevin|q2s1a-a1-9b-s2|PENDING|0:00|32|gres:gpu:h100:1;
2026-10-10T03:38:12Z 1051|kevin|s1a-a1-9b-s2|PENDING|0:00|90|N/A;1053|kevin|q2s1a-a1-9b-s2|PENDING|0:00|32|gres:gpu:h100:1;
2026-10-10T03:38:27Z 1051|kevin|s1a-a1-9b-s2|PENDING|0:00|90|N/A;1053|kevin|q2s1a-a1-9b-s2|PENDING|0:00|32|gres:gpu:h100:1;
2026-10-10T03:38:42Z 1051|kevin|s1a-a1-9b-s2|PENDING|0:00|90|N/A;1053|kevin|q2s1a-a1-9b-s2|PENDING|0:00|32|gres:gpu:h100:1;
2026-10-10T03:38:57Z 1051|kevin|s1a-a1-9b-s2|PENDING|0:00|90|N/A;1053|kevin|q2s1a-a1-9b-s2|PENDING|0:00|32|gres:gpu:h100:1;
2026-10-10T03:39:12Z 1051|kevin|s1a-a1-9b-s2|PENDING|0:00|90|N/A;1053|kevin|q2s1a-a1-9b-s2|PENDING|0:00|32|gres:gpu:h100:1;
2026-10-10T03:39:27Z 1051|kevin|s1a-a1-9b-s2|PENDING|0:00|90|N/A;1053|kevin|q2s1a-a1-9b-s2|PENDING|0:00|32|gres:gpu:h100:1;
2026-10-10T03:39:42Z 1051|kevin|s1a-a1-9b-s2|PENDING|0:00|90|N/A;1053|kevin|q2s1a-a1-9b-s2|PENDING|0:00|32|gres:gpu:h100:1;
2026-10-10T03:39:57Z 1051|kevin|s1a-a1-9b-s2|PENDING|0:00|90|N/A;1053|kevin|q2s1a-a1-9b-s2|PENDING|0:00|32|gres:gpu:h100:1;
2026-10-10T03:40:12Z 1051|kevin|s1a-a1-9b-s2|PENDING|0:00|90|N/A;1053|kevin|q2s1a-a1-9b-s2|PENDING|0:00|32|gres:gpu:h100:1;
2026-10-10T03:40:27Z 1051|kevin|s1a-a1-9b-s2|PENDING|0:00|90|N/A;1053|kevin|q2s1a-a1-9b-s2|PENDING|0:00|32|gres:gpu:h100:1;
2026-10-10T03:40:42Z 1051|kevin|s1a-a1-9b-s2|PENDING|0:00|90|N/A;1053|kevin|q2s1a-a1-9b-s2|PENDING|0:00|32|gres:gpu:h100:1;
2026-10-10T03:40:57Z 1051|kevin|s1a-a1-9b-s2|PENDING|0:00|90|N/A;1053|kevin|q2s1a-a1-9b-s2|PENDING|0:00|32|gres:gpu:h100:1;
2026-10-10T03:41:12Z 1051|kevin|s1a-a1-9b-s2|PENDING|0:00|90|N/A;1053|kevin|q2s1a-a1-9b-s2|PENDING|0:00|32|gres:gpu:h100:1;
2026-10-10T03:41:27Z 1051|kevin|s1a-a1-9b-s2|PENDING|0:00|90|N/A;1053|kevin|q2s1a-a1-9b-s2|PENDING|0:00|32|gres:gpu:h100:1;
2026-10-10T03:41:42Z 1051|kevin|s1a-a1-9b-s2|PENDING|0:00|90|N/A;1053|kevin|q2s1a-a1-9b-s2|PENDING|0:00|32|gres:gpu:h100:1;
2026-10-10T03:41:57Z 1051|kevin|s1a-a1-9b-s2|PENDING|0:00|90|N/A;1053|kevin|q2s1a-a1-9b-s2|PENDING|0:00|32|gres:gpu:h100:1;
2026-10-10T03:42:12Z 1051|kevin|s1a-a1-9b-s2|PENDING|0:00|90|N/A;1053|kevin|q2s1a-a1-9b-s2|PENDING|0:00|32|gres:gpu:h100:1;
2026-10-10T03:42:27Z 1051|kevin|s1a-a1-9b-s2|PENDING|0:00|90|N/A;1053|kevin|q2s1a-a1-9b-s2|PENDING|0:00|32|gres:gpu:h100:1;
2026-10-10T03:42:42Z 1051|kevin|s1a-a1-9b-s2|PENDING|0:00|90|N/A;1053|kevin|q2s1a-a1-9b-s2|PENDING|0:00|32|gres:gpu:h100:1;
2026-10-10T03:42:57Z 1051|kevin|s1a-a1-9b-s2|PENDING|0:00|90|N/A;1053|kevin|q2s1a-a1-9b-s2|PENDING|0:00|32|gres:gpu:h100:1;
2026-10-10T03:43:12Z 1051|kevin|s1a-a1-9b-s2|PENDING|0:00|90|N/A;1053|kevin|q2s1a-a1-9b-s2|PENDING|0:00|32|gres:gpu:h100:1;
2026-10-10T03:43:27Z 1051|kevin|s1a-a1-9b-s2|PENDING|0:00|90|N/A;1053|kevin|q2s1a-a1-9b-s2|PENDING|0:00|32|gres:gpu:h100:1;
2026-10-10T03:43:42Z 1051|kevin|s1a-a1-9b-s2|PENDING|0:00|90|N/A;1053|kevin|q2s1a-a1-9b-s2|PENDING|0:00|32|gres:gpu:h100:1;
2026-10-10T03:43:57Z 1051|kevin|s1a-a1-9b-s2|PENDING|0:00|90|N/A;1053|kevin|q2s1a-a1-9b-s2|PENDING|0:00|32|gres:gpu:h100:1;
2026-10-10T03:44:12Z 1051|kevin|s1a-a1-9b-s2|PENDING|0:00|90|N/A;1053|kevin|q2s1a-a1-9b-s2|PENDING|0:00|32|gres:gpu:h100:1;
2026-10-10T03:44:27Z 1051|kevin|s1a-a1-9b-s2|PENDING|0:00|90|N/A;1053|kevin|q2s1a-a1-9b-s2|PENDING|0:00|32|gres:gpu:h100:1;
2026-10-10T03:44:42Z 1051|kevin|s1a-a1-9b-s2|PENDING|0:00|90|N/A;1053|kevin|q2s1a-a1-9b-s2|PENDING|0:00|32|gres:gpu:h100:1;
2026-10-10T03:44:57Z 1051|kevin|s1a-a1-9b-s2|PENDING|0:00|90|N/A;1053|kevin|q2s1a-a1-9b-s2|PENDING|0:00|32|gres:gpu:h100:1;
2026-10-10T03:45:12Z 1051|kevin|s1a-a1-9b-s2|PENDING|0:00|90|N/A;1053|kevin|q2s1a-a1-9b-s2|PENDING|0:00|32|gres:gpu:h100:1;
2026-10-10T03:45:27Z 1051|kevin|s1a-a1-9b-s2|PENDING|0:00|90|N/A;1053|kevin|q2s1a-a1-9b-s2|PENDING|0:00|32|gres:gpu:h100:1;
2026-10-10T03:45:42Z 1051|kevin|s1a-a1-9b-s2|PENDING|0:00|90|N/A;1053|kevin|q2s1a-a1-9b-s2|PENDING|0:00|32|gres:gpu:h100:1;
2026-10-10T03:45:57Z 1051|kevin|s1a-a1-9b-s2|PENDING|0:00|90|N/A;1053|kevin|q2s1a-a1-9b-s2|PENDING|0:00|32|gres:gpu:h100:1;
2026-10-10T03:46:12Z 1051|kevin|s1a-a1-9b-s2|PENDING|0:00|90|N/A;1053|kevin|q2s1a-a1-9b-s2|PENDING|0:00|32|gres:gpu:h100:1;
2026-10-10T03:46:27Z 1051|kevin|s1a-a1-9b-s2|PENDING|0:00|90|N/A;1053|kevin|q2s1a-a1-9b-s2|PENDING|0:00|32|gres:gpu:h100:1;
2026-10-10T03:46:42Z 1051|kevin|s1a-a1-9b-s2|PENDING|0:00|90|N/A;1053|kevin|q2s1a-a1-9b-s2|PENDING|0:00|32|gres:gpu:h100:1;
2026-10-10T03:46:57Z 1051|kevin|s1a-a1-9b-s2|PENDING|0:00|90|N/A;1053|kevin|q2s1a-a1-9b-s2|PENDING|0:00|32|gres:gpu:h100:1;
2026-10-10T03:47:12Z 1051|kevin|s1a-a1-9b-s2|PENDING|0:00|90|N/A;1053|kevin|q2s1a-a1-9b-s2|PENDING|0:00|32|gres:gpu:h100:1;
2026-10-10T03:47:27Z 1051|kevin|s1a-a1-9b-s2|PENDING|0:00|90|N/A;1053|kevin|q2s1a-a1-9b-s2|PENDING|0:00|32|gres:gpu:h100:1;
2026-10-10T03:47:42Z 1051|kevin|s1a-a1-9b-s2|PENDING|0:00|90|N/A;1053|kevin|q2s1a-a1-9b-s2|PENDING|0:00|32|gres:gpu:h100:1;
2026-10-10T03:47:57Z 1051|kevin|s1a-a1-9b-s2|PENDING|0:00|90|N/A;1053|kevin|q2s1a-a1-9b-s2|PENDING|0:00|32|gres:gpu:h100:1;
2026-10-10T03:48:12Z 1051|kevin|s1a-a1-9b-s2|PENDING|0:00|90|N/A;1053|kevin|q2s1a-a1-9b-s2|PENDING|0:00|32|gres:gpu:h100:1;
2026-10-10T03:48:28Z 1051|kevin|s1a-a1-9b-s2|PENDING|0:00|90|N/A;1053|kevin|q2s1a-a1-9b-s2|PENDING|0:00|32|gres:gpu:h100:1;
2026-10-10T03:48:43Z 1051|kevin|s1a-a1-9b-s2|PENDING|0:00|90|N/A;1053|kevin|q2s1a-a1-9b-s2|PENDING|0:00|32|gres:gpu:h100:1;
2026-10-10T03:48:58Z 1051|kevin|s1a-a1-9b-s2|PENDING|0:00|90|N/A;1053|kevin|q2s1a-a1-9b-s2|PENDING|0:00|32|gres:gpu:h100:1;
2026-10-10T03:49:13Z 1051|kevin|s1a-a1-9b-s2|PENDING|0:00|90|N/A;1053|kevin|q2s1a-a1-9b-s2|PENDING|0:00|32|gres:gpu:h100:1;
2026-10-10T03:49:28Z 1051|kevin|s1a-a1-9b-s2|PENDING|0:00|90|N/A;1053|kevin|q2s1a-a1-9b-s2|PENDING|0:00|32|gres:gpu:h100:1;
2026-10-10T03:49:43Z 1051|kevin|s1a-a1-9b-s2|PENDING|0:00|90|N/A;1053|kevin|q2s1a-a1-9b-s2|PENDING|0:00|32|gres:gpu:h100:1;
2026-10-10T03:49:58Z 1051|kevin|s1a-a1-9b-s2|PENDING|0:00|90|N/A;1053|kevin|q2s1a-a1-9b-s2|PENDING|0:00|32|gres:gpu:h100:1;
2026-10-10T03:50:13Z 1051|kevin|s1a-a1-9b-s2|PENDING|0:00|90|N/A;1053|kevin|q2s1a-a1-9b-s2|PENDING|0:00|32|gres:gpu:h100:1;
2026-10-10T03:50:28Z 1051|kevin|s1a-a1-9b-s2|PENDING|0:00|90|N/A;1053|kevin|q2s1a-a1-9b-s2|PENDING|0:00|32|gres:gpu:h100:1;
2026-10-10T03:50:43Z 1051|kevin|s1a-a1-9b-s2|PENDING|0:00|90|N/A;1053|kevin|q2s1a-a1-9b-s2|PENDING|0:00|32|gres:gpu:h100:1;
2026-10-10T03:50:58Z 1051|kevin|s1a-a1-9b-s2|PENDING|0:00|90|N/A;1053|kevin|q2s1a-a1-9b-s2|PENDING|0:00|32|gres:gpu:h100:1;
2026-10-10T03:51:13Z 1051|kevin|s1a-a1-9b-s2|PENDING|0:00|90|N/A;1053|kevin|q2s1a-a1-9b-s2|PENDING|0:00|32|gres:gpu:h100:1;
2026-10-10T03:51:28Z 1051|kevin|s1a-a1-9b-s2|PENDING|0:00|90|N/A;1053|kevin|q2s1a-a1-9b-s2|PENDING|0:00|32|gres:gpu:h100:1;
2026-10-10T03:51:43Z 1051|kevin|s1a-a1-9b-s2|PENDING|0:00|90|N/A;1053|kevin|q2s1a-a1-9b-s2|PENDING|0:00|32|gres:gpu:h100:1;
2026-10-10T03:51:58Z 1051|kevin|s1a-a1-9b-s2|PENDING|0:00|90|N/A;1053|kevin|q2s1a-a1-9b-s2|PENDING|0:00|32|gres:gpu:h100:1;
2026-10-10T03:52:13Z 1051|kevin|s1a-a1-9b-s2|PENDING|0:00|90|N/A;1053|kevin|q2s1a-a1-9b-s2|PENDING|0:00|32|gres:gpu:h100:1;
2026-10-10T03:52:28Z 1051|kevin|s1a-a1-9b-s2|PENDING|0:00|90|N/A;1053|kevin|q2s1a-a1-9b-s2|PENDING|0:00|32|gres:gpu:h100:1;
2026-10-10T03:52:43Z 1051|kevin|s1a-a1-9b-s2|PENDING|0:00|90|N/A;1053|kevin|q2s1a-a1-9b-s2|PENDING|0:00|32|gres:gpu:h100:1;
2026-10-10T03:52:58Z 1051|kevin|s1a-a1-9b-s2|PENDING|0:00|90|N/A;1053|kevin|q2s1a-a1-9b-s2|PENDING|0:00|32|gres:gpu:h100:1;
2026-10-10T03:53:13Z 1051|kevin|s1a-a1-9b-s2|PENDING|0:00|90|N/A;1053|kevin|q2s1a-a1-9b-s2|PENDING|0:00|32|gres:gpu:h100:1;
2026-10-10T03:53:28Z 1051|kevin|s1a-a1-9b-s2|PENDING|0:00|90|N/A;1053|kevin|q2s1a-a1-9b-s2|PENDING|0:00|32|gres:gpu:h100:1;
2026-10-10T03:53:43Z 1051|kevin|s1a-a1-9b-s2|PENDING|0:00|90|N/A;1053|kevin|q2s1a-a1-9b-s2|PENDING|0:00|32|gres:gpu:h100:1;
2026-10-10T03:53:58Z 1051|kevin|s1a-a1-9b-s2|PENDING|0:00|90|N/A;1053|kevin|q2s1a-a1-9b-s2|PENDING|0:00|32|gres:gpu:h100:1;
2026-10-10T03:54:13Z 1051|kevin|s1a-a1-9b-s2|PENDING|0:00|90|N/A;1053|kevin|q2s1a-a1-9b-s2|PENDING|0:00|32|gres:gpu:h100:1;
2026-10-10T03:54:28Z 1051|kevin|s1a-a1-9b-s2|PENDING|0:00|90|N/A;1053|kevin|q2s1a-a1-9b-s2|PENDING|0:00|32|gres:gpu:h100:1;
2026-10-10T03:54:43Z 1051|kevin|s1a-a1-9b-s2|PENDING|0:00|90|N/A;1053|kevin|q2s1a-a1-9b-s2|PENDING|0:00|32|gres:gpu:h100:1;
2026-10-10T03:54:58Z 1051|kevin|s1a-a1-9b-s2|PENDING|0:00|90|N/A;1053|kevin|q2s1a-a1-9b-s2|PENDING|0:00|32|gres:gpu:h100:1;
2026-10-10T03:55:13Z 1051|kevin|s1a-a1-9b-s2|PENDING|0:00|90|N/A;1053|kevin|q2s1a-a1-9b-s2|PENDING|0:00|32|gres:gpu:h100:1;
2026-10-10T03:55:28Z 1051|kevin|s1a-a1-9b-s2|PENDING|0:00|90|N/A;1053|kevin|q2s1a-a1-9b-s2|PENDING|0:00|32|gres:gpu:h100:1;
2026-10-10T03:55:43Z 1051|kevin|s1a-a1-9b-s2|PENDING|0:00|90|N/A;1053|kevin|q2s1a-a1-9b-s2|PENDING|0:00|32|gres:gpu:h100:1;
2026-10-10T03:55:58Z 1051|kevin|s1a-a1-9b-s2|PENDING|0:00|90|N/A;1053|kevin|q2s1a-a1-9b-s2|PENDING|0:00|32|gres:gpu:h100:1;
2026-10-10T03:56:13Z 1051|kevin|s1a-a1-9b-s2|PENDING|0:00|90|N/A;1053|kevin|q2s1a-a1-9b-s2|PENDING|0:00|32|gres:gpu:h100:1;
2026-10-10T03:56:28Z 1051|kevin|s1a-a1-9b-s2|PENDING|0:00|90|N/A;1053|kevin|q2s1a-a1-9b-s2|PENDING|0:00|32|gres:gpu:h100:1;
2026-10-10T03:56:43Z 1051|kevin|s1a-a1-9b-s2|PENDING|0:00|90|N/A;1053|kevin|q2s1a-a1-9b-s2|PENDING|0:00|32|gres:gpu:h100:1;
2026-10-10T03:56:58Z 1051|kevin|s1a-a1-9b-s2|PENDING|0:00|90|N/A;1053|kevin|q2s1a-a1-9b-s2|PENDING|0:00|32|gres:gpu:h100:1;
2026-10-10T03:57:13Z 1051|kevin|s1a-a1-9b-s2|PENDING|0:00|90|N/A;1053|kevin|q2s1a-a1-9b-s2|PENDING|0:00|32|gres:gpu:h100:1;
2026-10-10T03:57:28Z 1051|kevin|s1a-a1-9b-s2|PENDING|0:00|90|N/A;1053|kevin|q2s1a-a1-9b-s2|PENDING|0:00|32|gres:gpu:h100:1;
2026-10-10T03:57:43Z 1051|kevin|s1a-a1-9b-s2|PENDING|0:00|90|N/A;1053|kevin|q2s1a-a1-9b-s2|PENDING|0:00|32|gres:gpu:h100:1;
2026-10-10T03:57:58Z 1051|kevin|s1a-a1-9b-s2|PENDING|0:00|90|N/A;1053|kevin|q2s1a-a1-9b-s2|PENDING|0:00|32|gres:gpu:h100:1;
2026-10-10T03:58:13Z 1051|kevin|s1a-a1-9b-s2|PENDING|0:00|90|N/A;1053|kevin|q2s1a-a1-9b-s2|PENDING|0:00|32|gres:gpu:h100:1;
2026-10-10T03:58:28Z 1051|kevin|s1a-a1-9b-s2|PENDING|0:00|90|N/A;1053|kevin|q2s1a-a1-9b-s2|PENDING|0:00|32|gres:gpu:h100:1;
2026-10-10T03:58:43Z 1051|kevin|s1a-a1-9b-s2|PENDING|0:00|90|N/A;1053|kevin|q2s1a-a1-9b-s2|PENDING|0:00|32|gres:gpu:h100:1;
2026-10-10T03:58:58Z 1051|kevin|s1a-a1-9b-s2|PENDING|0:00|90|N/A;1053|kevin|q2s1a-a1-9b-s2|PENDING|0:00|32|gres:gpu:h100:1;
2026-10-10T03:59:13Z 1051|kevin|s1a-a1-9b-s2|PENDING|0:00|90|N/A;1053|kevin|q2s1a-a1-9b-s2|PENDING|0:00|32|gres:gpu:h100:1;
2026-10-10T03:59:28Z 1051|kevin|s1a-a1-9b-s2|PENDING|0:00|90|N/A;1053|kevin|q2s1a-a1-9b-s2|PENDING|0:00|32|gres:gpu:h100:1;
2026-10-10T03:59:43Z 1051|kevin|s1a-a1-9b-s2|PENDING|0:00|90|N/A;1053|kevin|q2s1a-a1-9b-s2|PENDING|0:00|32|gres:gpu:h100:1;
2026-10-10T03:59:58Z 1051|kevin|s1a-a1-9b-s2|PENDING|0:00|90|N/A;1053|kevin|q2s1a-a1-9b-s2|PENDING|0:00|32|gres:gpu:h100:1;
2026-10-10T04:00:13Z 1051|kevin|s1a-a1-9b-s2|PENDING|0:00|90|N/A;1053|kevin|q2s1a-a1-9b-s2|PENDING|0:00|32|gres:gpu:h100:1;
2026-10-10T04:00:28Z 1051|kevin|s1a-a1-9b-s2|PENDING|0:00|90|N/A;1053|kevin|q2s1a-a1-9b-s2|PENDING|0:00|32|gres:gpu:h100:1;
2026-10-10T04:00:44Z 1051|kevin|s1a-a1-9b-s2|PENDING|0:00|90|N/A;1053|kevin|q2s1a-a1-9b-s2|PENDING|0:00|32|gres:gpu:h100:1;
2026-10-10T04:00:59Z 1051|kevin|s1a-a1-9b-s2|PENDING|0:00|90|N/A;1053|kevin|q2s1a-a1-9b-s2|PENDING|0:00|32|gres:gpu:h100:1;
2026-10-10T04:01:14Z 1051|kevin|s1a-a1-9b-s2|PENDING|0:00|90|N/A;1053|kevin|q2s1a-a1-9b-s2|PENDING|0:00|32|gres:gpu:h100:1;
2026-10-10T04:01:29Z 1051|kevin|s1a-a1-9b-s2|PENDING|0:00|90|N/A;1053|kevin|q2s1a-a1-9b-s2|PENDING|0:00|32|gres:gpu:h100:1;
2026-10-10T04:01:44Z 1051|kevin|s1a-a1-9b-s2|PENDING|0:00|90|N/A;1053|kevin|q2s1a-a1-9b-s2|PENDING|0:00|32|gres:gpu:h100:1;
2026-10-10T04:01:59Z 1051|kevin|s1a-a1-9b-s2|PENDING|0:00|90|N/A;1053|kevin|q2s1a-a1-9b-s2|PENDING|0:00|32|gres:gpu:h100:1;
2026-10-10T04:02:14Z 1051|kevin|s1a-a1-9b-s2|PENDING|0:00|90|N/A;1053|kevin|q2s1a-a1-9b-s2|PENDING|0:00|32|gres:gpu:h100:1;
2026-10-10T04:02:29Z 1051|kevin|s1a-a1-9b-s2|PENDING|0:00|90|N/A;1053|kevin|q2s1a-a1-9b-s2|PENDING|0:00|32|gres:gpu:h100:1;
2026-10-10T04:02:44Z 1051|kevin|s1a-a1-9b-s2|PENDING|0:00|90|N/A;1053|kevin|q2s1a-a1-9b-s2|PENDING|0:00|32|gres:gpu:h100:1;
2026-10-10T04:02:59Z 1051|kevin|s1a-a1-9b-s2|PENDING|0:00|90|N/A;1053|kevin|q2s1a-a1-9b-s2|PENDING|0:00|32|gres:gpu:h100:1;
2026-10-10T04:03:14Z 1051|kevin|s1a-a1-9b-s2|PENDING|0:00|90|N/A;1053|kevin|q2s1a-a1-9b-s2|PENDING|0:00|32|gres:gpu:h100:1;
2026-10-10T04:03:29Z 1051|kevin|s1a-a1-9b-s2|PENDING|0:00|90|N/A;1053|kevin|q2s1a-a1-9b-s2|PENDING|0:00|32|gres:gpu:h100:1;
2026-10-10T04:03:44Z 1051|kevin|s1a-a1-9b-s2|PENDING|0:00|90|N/A;1053|kevin|q2s1a-a1-9b-s2|PENDING|0:00|32|gres:gpu:h100:1;
2026-10-10T04:03:59Z 1051|kevin|s1a-a1-9b-s2|PENDING|0:00|90|N/A;1053|kevin|q2s1a-a1-9b-s2|PENDING|0:00|32|gres:gpu:h100:1;
2026-10-10T04:04:14Z 1051|kevin|s1a-a1-9b-s2|PENDING|0:00|90|N/A;1053|kevin|q2s1a-a1-9b-s2|PENDING|0:00|32|gres:gpu:h100:1;
2026-10-10T04:04:29Z 1051|kevin|s1a-a1-9b-s2|PENDING|0:00|90|N/A;1053|kevin|q2s1a-a1-9b-s2|PENDING|0:00|32|gres:gpu:h100:1;
2026-10-10T04:04:44Z 1051|kevin|s1a-a1-9b-s2|PENDING|0:00|90|N/A;1053|kevin|q2s1a-a1-9b-s2|PENDING|0:00|32|gres:gpu:h100:1;
2026-10-10T04:04:59Z 1051|kevin|s1a-a1-9b-s2|PENDING|0:00|90|N/A;1053|kevin|q2s1a-a1-9b-s2|PENDING|0:00|32|gres:gpu:h100:1;
2026-10-10T04:05:14Z 1051|kevin|s1a-a1-9b-s2|PENDING|0:00|90|N/A;1053|kevin|q2s1a-a1-9b-s2|PENDING|0:00|32|gres:gpu:h100:1;
2026-10-10T04:05:29Z 1051|kevin|s1a-a1-9b-s2|PENDING|0:00|90|N/A;1053|kevin|q2s1a-a1-9b-s2|PENDING|0:00|32|gres:gpu:h100:1;
2026-10-10T04:05:44Z 1051|kevin|s1a-a1-9b-s2|PENDING|0:00|90|N/A;1053|kevin|q2s1a-a1-9b-s2|PENDING|0:00|32|gres:gpu:h100:1;
2026-10-10T04:05:59Z 1051|kevin|s1a-a1-9b-s2|PENDING|0:00|90|N/A;1053|kevin|q2s1a-a1-9b-s2|PENDING|0:00|32|gres:gpu:h100:1;
2026-10-10T04:06:14Z 1051|kevin|s1a-a1-9b-s2|PENDING|0:00|90|N/A;1053|kevin|q2s1a-a1-9b-s2|PENDING|0:00|32|gres:gpu:h100:1;
2026-10-10T04:06:29Z 1051|kevin|s1a-a1-9b-s2|PENDING|0:00|90|N/A;1053|kevin|q2s1a-a1-9b-s2|PENDING|0:00|32|gres:gpu:h100:1;
2026-10-10T04:06:44Z 1051|kevin|s1a-a1-9b-s2|PENDING|0:00|90|N/A;1053|kevin|q2s1a-a1-9b-s2|PENDING|0:00|32|gres:gpu:h100:1;
2026-10-10T04:06:59Z 1051|kevin|s1a-a1-9b-s2|PENDING|0:00|90|N/A;1053|kevin|q2s1a-a1-9b-s2|PENDING|0:00|32|gres:gpu:h100:1;
2026-10-10T04:07:14Z 1051|kevin|s1a-a1-9b-s2|PENDING|0:00|90|N/A;1053|kevin|q2s1a-a1-9b-s2|PENDING|0:00|32|gres:gpu:h100:1;
2026-10-10T04:07:29Z 1051|kevin|s1a-a1-9b-s2|PENDING|0:00|90|N/A;1053|kevin|q2s1a-a1-9b-s2|PENDING|0:00|32|gres:gpu:h100:1;
2026-10-10T04:07:44Z 1051|kevin|s1a-a1-9b-s2|PENDING|0:00|90|N/A;1053|kevin|q2s1a-a1-9b-s2|PENDING|0:00|32|gres:gpu:h100:1;
2026-10-10T04:07:59Z 1051|kevin|s1a-a1-9b-s2|PENDING|0:00|90|N/A;1053|kevin|q2s1a-a1-9b-s2|PENDING|0:00|32|gres:gpu:h100:1;
2026-10-10T04:08:14Z 1051|kevin|s1a-a1-9b-s2|PENDING|0:00|90|N/A;1053|kevin|q2s1a-a1-9b-s2|PENDING|0:00|32|gres:gpu:h100:1;
2026-10-10T04:08:29Z 1051|kevin|s1a-a1-9b-s2|PENDING|0:00|90|N/A;1053|kevin|q2s1a-a1-9b-s2|PENDING|0:00|32|gres:gpu:h100:1;
2026-10-10T04:08:44Z 1051|kevin|s1a-a1-9b-s2|PENDING|0:00|90|N/A;1053|kevin|q2s1a-a1-9b-s2|PENDING|0:00|32|gres:gpu:h100:1;
2026-10-10T04:08:59Z 1051|kevin|s1a-a1-9b-s2|PENDING|0:00|90|N/A;1053|kevin|q2s1a-a1-9b-s2|PENDING|0:00|32|gres:gpu:h100:1;
2026-10-10T04:09:14Z 1051|kevin|s1a-a1-9b-s2|PENDING|0:00|90|N/A;1053|kevin|q2s1a-a1-9b-s2|PENDING|0:00|32|gres:gpu:h100:1;
2026-10-10T04:09:29Z 1051|kevin|s1a-a1-9b-s2|PENDING|0:00|90|N/A;1053|kevin|q2s1a-a1-9b-s2|PENDING|0:00|32|gres:gpu:h100:1;
2026-10-10T04:09:44Z 1051|kevin|s1a-a1-9b-s2|PENDING|0:00|90|N/A;1053|kevin|q2s1a-a1-9b-s2|PENDING|0:00|32|gres:gpu:h100:1;
2026-10-10T04:09:59Z 1051|kevin|s1a-a1-9b-s2|PENDING|0:00|90|N/A;1053|kevin|q2s1a-a1-9b-s2|PENDING|0:00|32|gres:gpu:h100:1;
2026-10-10T04:10:14Z 1051|kevin|s1a-a1-9b-s2|PENDING|0:00|90|N/A;1053|kevin|q2s1a-a1-9b-s2|PENDING|0:00|32|gres:gpu:h100:1;
2026-10-10T04:10:29Z 1051|kevin|s1a-a1-9b-s2|PENDING|0:00|90|N/A;1053|kevin|q2s1a-a1-9b-s2|PENDING|0:00|32|gres:gpu:h100:1;
2026-10-10T04:10:44Z 1051|kevin|s1a-a1-9b-s2|PENDING|0:00|90|N/A;1053|kevin|q2s1a-a1-9b-s2|PENDING|0:00|32|gres:gpu:h100:1;
2026-10-10T04:10:59Z 1051|kevin|s1a-a1-9b-s2|PENDING|0:00|90|N/A;1053|kevin|q2s1a-a1-9b-s2|PENDING|0:00|32|gres:gpu:h100:1;
2026-10-10T04:11:14Z 1051|kevin|s1a-a1-9b-s2|PENDING|0:00|90|N/A;1053|kevin|q2s1a-a1-9b-s2|PENDING|0:00|32|gres:gpu:h100:1;
2026-10-10T04:11:29Z 1051|kevin|s1a-a1-9b-s2|PENDING|0:00|90|N/A;1053|kevin|q2s1a-a1-9b-s2|PENDING|0:00|32|gres:gpu:h100:1;
2026-10-10T04:11:44Z 1051|kevin|s1a-a1-9b-s2|PENDING|0:00|90|N/A;1053|kevin|q2s1a-a1-9b-s2|PENDING|0:00|32|gres:gpu:h100:1;
2026-10-10T04:11:59Z 1051|kevin|s1a-a1-9b-s2|PENDING|0:00|90|N/A;1053|kevin|q2s1a-a1-9b-s2|PENDING|0:00|32|gres:gpu:h100:1;
2026-10-10T04:12:14Z 1051|kevin|s1a-a1-9b-s2|PENDING|0:00|90|N/A;1053|kevin|q2s1a-a1-9b-s2|PENDING|0:00|32|gres:gpu:h100:1;
2026-10-10T04:12:29Z 1051|kevin|s1a-a1-9b-s2|PENDING|0:00|90|N/A;1053|kevin|q2s1a-a1-9b-s2|PENDING|0:00|32|gres:gpu:h100:1;
2026-10-10T04:12:44Z 1051|kevin|s1a-a1-9b-s2|PENDING|0:00|90|N/A;1053|kevin|q2s1a-a1-9b-s2|PENDING|0:00|32|gres:gpu:h100:1;
2026-10-10T04:12:59Z 1051|kevin|s1a-a1-9b-s2|PENDING|0:00|90|N/A;1053|kevin|q2s1a-a1-9b-s2|PENDING|0:00|32|gres:gpu:h100:1;
2026-10-10T04:13:15Z 1051|kevin|s1a-a1-9b-s2|PENDING|0:00|90|N/A;1053|kevin|q2s1a-a1-9b-s2|PENDING|0:00|32|gres:gpu:h100:1;
2026-10-10T04:13:30Z 1051|kevin|s1a-a1-9b-s2|PENDING|0:00|90|N/A;1053|kevin|q2s1a-a1-9b-s2|PENDING|0:00|32|gres:gpu:h100:1;
2026-10-10T04:13:45Z 1051|kevin|s1a-a1-9b-s2|PENDING|0:00|90|N/A;1053|kevin|q2s1a-a1-9b-s2|PENDING|0:00|32|gres:gpu:h100:1;
2026-10-10T04:14:00Z 1051|kevin|s1a-a1-9b-s2|PENDING|0:00|90|N/A;1053|kevin|q2s1a-a1-9b-s2|PENDING|0:00|32|gres:gpu:h100:1;
2026-10-10T04:14:15Z 1051|kevin|s1a-a1-9b-s2|PENDING|0:00|90|N/A;1053|kevin|q2s1a-a1-9b-s2|PENDING|0:00|32|gres:gpu:h100:1;
2026-10-10T04:14:30Z 1051|kevin|s1a-a1-9b-s2|PENDING|0:00|90|N/A;1053|kevin|q2s1a-a1-9b-s2|PENDING|0:00|32|gres:gpu:h100:1;
2026-10-10T04:14:45Z 1051|kevin|s1a-a1-9b-s2|PENDING|0:00|90|N/A;1053|kevin|q2s1a-a1-9b-s2|PENDING|0:00|32|gres:gpu:h100:1;
2026-10-10T04:15:00Z 1051|kevin|s1a-a1-9b-s2|PENDING|0:00|90|N/A;1053|kevin|q2s1a-a1-9b-s2|PENDING|0:00|32|gres:gpu:h100:1;
2026-10-10T04:15:15Z 1051|kevin|s1a-a1-9b-s2|PENDING|0:00|90|N/A;1053|kevin|q2s1a-a1-9b-s2|PENDING|0:00|32|gres:gpu:h100:1;
2026-10-10T04:15:30Z 1051|kevin|s1a-a1-9b-s2|PENDING|0:00|90|N/A;1053|kevin|q2s1a-a1-9b-s2|PENDING|0:00|32|gres:gpu:h100:1;
2026-10-10T04:15:45Z 1051|kevin|s1a-a1-9b-s2|PENDING|0:00|90|N/A;1053|kevin|q2s1a-a1-9b-s2|PENDING|0:00|32|gres:gpu:h100:1;
2026-10-10T04:16:00Z 1051|kevin|s1a-a1-9b-s2|PENDING|0:00|90|N/A;1053|kevin|q2s1a-a1-9b-s2|PENDING|0:00|32|gres:gpu:h100:1;
2026-10-10T04:16:15Z 1051|kevin|s1a-a1-9b-s2|PENDING|0:00|90|N/A;1053|kevin|q2s1a-a1-9b-s2|PENDING|0:00|32|gres:gpu:h100:1;
2026-10-10T04:16:30Z 1051|kevin|s1a-a1-9b-s2|PENDING|0:00|90|N/A;1053|kevin|q2s1a-a1-9b-s2|PENDING|0:00|32|gres:gpu:h100:1;
2026-10-10T04:16:45Z 1051|kevin|s1a-a1-9b-s2|PENDING|0:00|90|N/A;1053|kevin|q2s1a-a1-9b-s2|PENDING|0:00|32|gres:gpu:h100:1;
2026-10-10T04:17:00Z 1051|kevin|s1a-a1-9b-s2|PENDING|0:00|90|N/A;1053|kevin|q2s1a-a1-9b-s2|PENDING|0:00|32|gres:gpu:h100:1;
2026-10-10T04:17:15Z 1051|kevin|s1a-a1-9b-s2|PENDING|0:00|90|N/A;1053|kevin|q2s1a-a1-9b-s2|PENDING|0:00|32|gres:gpu:h100:1;
2026-10-10T04:17:30Z 1051|kevin|s1a-a1-9b-s2|PENDING|0:00|90|N/A;1053|kevin|q2s1a-a1-9b-s2|PENDING|0:00|32|gres:gpu:h100:1;
2026-10-10T04:17:45Z 1051|kevin|s1a-a1-9b-s2|PENDING|0:00|90|N/A;1053|kevin|q2s1a-a1-9b-s2|PENDING|0:00|32|gres:gpu:h100:1;
2026-10-10T04:18:00Z 1051|kevin|s1a-a1-9b-s2|PENDING|0:00|90|N/A;1053|kevin|q2s1a-a1-9b-s2|PENDING|0:00|32|gres:gpu:h100:1;
2026-10-10T04:18:15Z 1051|kevin|s1a-a1-9b-s2|PENDING|0:00|90|N/A;1053|kevin|q2s1a-a1-9b-s2|PENDING|0:00|32|gres:gpu:h100:1;
2026-10-10T04:18:30Z 1051|kevin|s1a-a1-9b-s2|PENDING|0:00|90|N/A;1053|kevin|q2s1a-a1-9b-s2|PENDING|0:00|32|gres:gpu:h100:1;
2026-10-10T04:18:45Z 1051|kevin|s1a-a1-9b-s2|PENDING|0:00|90|N/A;1053|kevin|q2s1a-a1-9b-s2|PENDING|0:00|32|gres:gpu:h100:1;
2026-10-10T04:19:00Z 1051|kevin|s1a-a1-9b-s2|PENDING|0:00|90|N/A;1053|kevin|q2s1a-a1-9b-s2|PENDING|0:00|32|gres:gpu:h100:1;
2026-10-10T04:19:15Z 1051|kevin|s1a-a1-9b-s2|PENDING|0:00|90|N/A;1053|kevin|q2s1a-a1-9b-s2|PENDING|0:00|32|gres:gpu:h100:1;
2026-10-10T04:19:30Z 1051|kevin|s1a-a1-9b-s2|PENDING|0:00|90|N/A;1053|kevin|q2s1a-a1-9b-s2|PENDING|0:00|32|gres:gpu:h100:1;
2026-10-10T04:19:45Z 1051|kevin|s1a-a1-9b-s2|PENDING|0:00|90|N/A;1053|kevin|q2s1a-a1-9b-s2|PENDING|0:00|32|gres:gpu:h100:1;
2026-10-10T04:20:00Z 1051|kevin|s1a-a1-9b-s2|PENDING|0:00|90|N/A;1053|kevin|q2s1a-a1-9b-s2|PENDING|0:00|32|gres:gpu:h100:1;
2026-10-10T04:20:15Z 1051|kevin|s1a-a1-9b-s2|PENDING|0:00|90|N/A;1053|kevin|q2s1a-a1-9b-s2|PENDING|0:00|32|gres:gpu:h100:1;
2026-10-10T04:20:30Z 1051|kevin|s1a-a1-9b-s2|PENDING|0:00|90|N/A;1053|kevin|q2s1a-a1-9b-s2|PENDING|0:00|32|gres:gpu:h100:1;
2026-10-10T04:20:45Z 1051|kevin|s1a-a1-9b-s2|PENDING|0:00|90|N/A;1053|kevin|q2s1a-a1-9b-s2|PENDING|0:00|32|gres:gpu:h100:1;
2026-10-10T04:21:00Z 1051|kevin|s1a-a1-9b-s2|PENDING|0:00|90|N/A;1053|kevin|q2s1a-a1-9b-s2|PENDING|0:00|32|gres:gpu:h100:1;
2026-10-10T04:21:15Z 1051|kevin|s1a-a1-9b-s2|PENDING|0:00|90|N/A;1053|kevin|q2s1a-a1-9b-s2|PENDING|0:00|32|gres:gpu:h100:1;
2026-10-10T04:21:30Z 1051|kevin|s1a-a1-9b-s2|PENDING|0:00|90|N/A;1053|kevin|q2s1a-a1-9b-s2|PENDING|0:00|32|gres:gpu:h100:1;
2026-10-10T04:21:45Z 1051|kevin|s1a-a1-9b-s2|PENDING|0:00|90|N/A;1053|kevin|q2s1a-a1-9b-s2|PENDING|0:00|32|gres:gpu:h100:1;
2026-10-10T04:22:00Z 1051|kevin|s1a-a1-9b-s2|PENDING|0:00|90|N/A;1053|kevin|q2s1a-a1-9b-s2|PENDING|0:00|32|gres:gpu:h100:1;
2026-10-10T04:22:15Z 1051|kevin|s1a-a1-9b-s2|PENDING|0:00|90|N/A;1053|kevin|q2s1a-a1-9b-s2|PENDING|0:00|32|gres:gpu:h100:1;
2026-10-10T04:22:30Z 1051|kevin|s1a-a1-9b-s2|PENDING|0:00|90|N/A;1053|kevin|q2s1a-a1-9b-s2|PENDING|0:00|32|gres:gpu:h100:1;
2026-10-10T04:22:45Z 1051|kevin|s1a-a1-9b-s2|PENDING|0:00|90|N/A;1053|kevin|q2s1a-a1-9b-s2|PENDING|0:00|32|gres:gpu:h100:1;
2026-10-10T04:23:00Z 1051|kevin|s1a-a1-9b-s2|PENDING|0:00|90|N/A;1053|kevin|q2s1a-a1-9b-s2|PENDING|0:00|32|gres:gpu:h100:1;
2026-10-10T04:23:15Z 1051|kevin|s1a-a1-9b-s2|PENDING|0:00|90|N/A;1053|kevin|q2s1a-a1-9b-s2|PENDING|0:00|32|gres:gpu:h100:1;
2026-10-10T04:23:30Z 1051|kevin|s1a-a1-9b-s2|PENDING|0:00|90|N/A;1053|kevin|q2s1a-a1-9b-s2|PENDING|0:00|32|gres:gpu:h100:1;
2026-10-10T04:23:45Z 1051|kevin|s1a-a1-9b-s2|PENDING|0:00|90|N/A;1053|kevin|q2s1a-a1-9b-s2|PENDING|0:00|32|gres:gpu:h100:1;
2026-10-10T04:24:00Z 1051|kevin|s1a-a1-9b-s2|PENDING|0:00|90|N/A;1053|kevin|q2s1a-a1-9b-s2|PENDING|0:00|32|gres:gpu:h100:1;
2026-10-10T04:24:15Z 1051|kevin|s1a-a1-9b-s2|PENDING|0:00|90|N/A;1053|kevin|q2s1a-a1-9b-s2|PENDING|0:00|32|gres:gpu:h100:1;
2026-10-10T04:24:30Z 1051|kevin|s1a-a1-9b-s2|PENDING|0:00|90|N/A;1053|kevin|q2s1a-a1-9b-s2|PENDING|0:00|32|gres:gpu:h100:1;
2026-10-10T04:24:45Z 1051|kevin|s1a-a1-9b-s2|PENDING|0:00|90|N/A;1053|kevin|q2s1a-a1-9b-s2|PENDING|0:00|32|gres:gpu:h100:1;
2026-10-10T04:25:00Z 1051|kevin|s1a-a1-9b-s2|PENDING|0:00|90|N/A;1053|kevin|q2s1a-a1-9b-s2|PENDING|0:00|32|gres:gpu:h100:1;
2026-10-10T04:25:15Z 1051|kevin|s1a-a1-9b-s2|PENDING|0:00|90|N/A;1053|kevin|q2s1a-a1-9b-s2|PENDING|0:00|32|gres:gpu:h100:1;
2026-10-10T04:25:31Z 1051|kevin|s1a-a1-9b-s2|PENDING|0:00|90|N/A;1053|kevin|q2s1a-a1-9b-s2|PENDING|0:00|32|gres:gpu:h100:1;
2026-10-10T04:25:46Z 1051|kevin|s1a-a1-9b-s2|PENDING|0:00|90|N/A;1053|kevin|q2s1a-a1-9b-s2|PENDING|0:00|32|gres:gpu:h100:1;
2026-10-10T04:26:01Z 1051|kevin|s1a-a1-9b-s2|PENDING|0:00|90|N/A;1053|kevin|q2s1a-a1-9b-s2|PENDING|0:00|32|gres:gpu:h100:1;
2026-10-10T04:26:16Z 1051|kevin|s1a-a1-9b-s2|PENDING|0:00|90|N/A;1053|kevin|q2s1a-a1-9b-s2|PENDING|0:00|32|gres:gpu:h100:1;
2026-10-10T04:26:31Z 1051|kevin|s1a-a1-9b-s2|PENDING|0:00|90|N/A;1053|kevin|q2s1a-a1-9b-s2|PENDING|0:00|32|gres:gpu:h100:1;
2026-10-10T04:26:46Z 1051|kevin|s1a-a1-9b-s2|PENDING|0:00|90|N/A;1053|kevin|q2s1a-a1-9b-s2|PENDING|0:00|32|gres:gpu:h100:1;
2026-10-10T04:27:01Z 1051|kevin|s1a-a1-9b-s2|PENDING|0:00|90|N/A;1053|kevin|q2s1a-a1-9b-s2|PENDING|0:00|32|gres:gpu:h100:1;
2026-10-10T04:27:16Z 1051|kevin|s1a-a1-9b-s2|PENDING|0:00|90|N/A;1053|kevin|q2s1a-a1-9b-s2|PENDING|0:00|32|gres:gpu:h100:1;
2026-10-10T04:27:31Z 1051|kevin|s1a-a1-9b-s2|PENDING|0:00|90|N/A;1053|kevin|q2s1a-a1-9b-s2|PENDING|0:00|32|gres:gpu:h100:1;
2026-10-10T04:27:46Z 1051|kevin|s1a-a1-9b-s2|PENDING|0:00|90|N/A;1053|kevin|q2s1a-a1-9b-s2|PENDING|0:00|32|gres:gpu:h100:1;
2026-10-10T04:28:01Z 1051|kevin|s1a-a1-9b-s2|PENDING|0:00|90|N/A;1053|kevin|q2s1a-a1-9b-s2|PENDING|0:00|32|gres:gpu:h100:1;
2026-10-10T04:28:16Z 1051|kevin|s1a-a1-9b-s2|PENDING|0:00|90|N/A;1053|kevin|q2s1a-a1-9b-s2|PENDING|0:00|32|gres:gpu:h100:1;
2026-10-10T04:28:31Z 1051|kevin|s1a-a1-9b-s2|PENDING|0:00|90|N/A;1053|kevin|q2s1a-a1-9b-s2|PENDING|0:00|32|gres:gpu:h100:1;
2026-10-10T04:28:46Z 1051|kevin|s1a-a1-9b-s2|PENDING|0:00|90|N/A;1053|kevin|q2s1a-a1-9b-s2|PENDING|0:00|32|gres:gpu:h100:1;
2026-10-10T04:29:01Z 1051|kevin|s1a-a1-9b-s2|PENDING|0:00|90|N/A;1053|kevin|q2s1a-a1-9b-s2|PENDING|0:00|32|gres:gpu:h100:1;
2026-10-10T04:29:16Z 1051|kevin|s1a-a1-9b-s2|PENDING|0:00|90|N/A;1053|kevin|q2s1a-a1-9b-s2|PENDING|0:00|32|gres:gpu:h100:1;
2026-10-10T04:29:31Z 1051|kevin|s1a-a1-9b-s2|PENDING|0:00|90|N/A;1053|kevin|q2s1a-a1-9b-s2|PENDING|0:00|32|gres:gpu:h100:1;
2026-10-10T04:29:46Z 1051|kevin|s1a-a1-9b-s2|PENDING|0:00|90|N/A;1053|kevin|q2s1a-a1-9b-s2|PENDING|0:00|32|gres:gpu:h100:1;
2026-10-10T04:30:01Z 1051|kevin|s1a-a1-9b-s2|PENDING|0:00|90|N/A;1053|kevin|q2s1a-a1-9b-s2|PENDING|0:00|32|gres:gpu:h100:1;
2026-10-10T04:30:16Z 1051|kevin|s1a-a1-9b-s2|PENDING|0:00|90|N/A;1053|kevin|q2s1a-a1-9b-s2|PENDING|0:00|32|gres:gpu:h100:1;
2026-10-10T04:30:31Z 1051|kevin|s1a-a1-9b-s2|PENDING|0:00|90|N/A;1053|kevin|q2s1a-a1-9b-s2|PENDING|0:00|32|gres:gpu:h100:1;
2026-10-10T04:30:46Z 1051|kevin|s1a-a1-9b-s2|PENDING|0:00|90|N/A;1053|kevin|q2s1a-a1-9b-s2|PENDING|0:00|32|gres:gpu:h100:1;
2026-10-10T04:31:01Z 1051|kevin|s1a-a1-9b-s2|PENDING|0:00|90|N/A;1053|kevin|q2s1a-a1-9b-s2|PENDING|0:00|32|gres:gpu:h100:1;
2026-10-10T04:31:16Z 1051|kevin|s1a-a1-9b-s2|PENDING|0:00|90|N/A;1053|kevin|q2s1a-a1-9b-s2|PENDING|0:00|32|gres:gpu:h100:1;
2026-10-10T04:31:31Z 1051|kevin|s1a-a1-9b-s2|PENDING|0:00|90|N/A;1053|kevin|q2s1a-a1-9b-s2|PENDING|0:00|32|gres:gpu:h100:1;
2026-10-10T04:31:46Z 1051|kevin|s1a-a1-9b-s2|PENDING|0:00|90|N/A;1053|kevin|q2s1a-a1-9b-s2|PENDING|0:00|32|gres:gpu:h100:1;
2026-10-10T04:32:01Z 1051|kevin|s1a-a1-9b-s2|PENDING|0:00|90|N/A;1053|kevin|q2s1a-a1-9b-s2|PENDING|0:00|32|gres:gpu:h100:1;
2026-10-10T04:32:16Z 1051|kevin|s1a-a1-9b-s2|PENDING|0:00|90|N/A;1053|kevin|q2s1a-a1-9b-s2|PENDING|0:00|32|gres:gpu:h100:1;
2026-10-10T04:32:31Z 1051|kevin|s1a-a1-9b-s2|PENDING|0:00|90|N/A;1053|kevin|q2s1a-a1-9b-s2|PENDING|0:00|32|gres:gpu:h100:1;
2026-10-10T04:32:46Z 1051|kevin|s1a-a1-9b-s2|PENDING|0:00|90|N/A;1053|kevin|q2s1a-a1-9b-s2|PENDING|0:00|32|gres:gpu:h100:1;
2026-10-10T04:33:01Z 1051|kevin|s1a-a1-9b-s2|PENDING|0:00|90|N/A;1053|kevin|q2s1a-a1-9b-s2|PENDING|0:00|32|gres:gpu:h100:1;
2026-10-10T04:33:16Z 1051|kevin|s1a-a1-9b-s2|PENDING|0:00|90|N/A;1053|kevin|q2s1a-a1-9b-s2|PENDING|0:00|32|gres:gpu:h100:1;
2026-10-10T04:33:31Z 1051|kevin|s1a-a1-9b-s2|PENDING|0:00|90|N/A;1053|kevin|q2s1a-a1-9b-s2|PENDING|0:00|32|gres:gpu:h100:1;
2026-10-10T04:33:46Z 1051|kevin|s1a-a1-9b-s2|PENDING|0:00|90|N/A;1053|kevin|q2s1a-a1-9b-s2|PENDING|0:00|32|gres:gpu:h100:1;
2026-10-10T04:34:01Z 1051|kevin|s1a-a1-9b-s2|PENDING|0:00|90|N/A;1053|kevin|q2s1a-a1-9b-s2|PENDING|0:00|32|gres:gpu:h100:1;
2026-10-10T04:34:16Z 1051|kevin|s1a-a1-9b-s2|PENDING|0:00|90|N/A;1053|kevin|q2s1a-a1-9b-s2|PENDING|0:00|32|gres:gpu:h100:1;
2026-10-10T04:34:31Z 1051|kevin|s1a-a1-9b-s2|PENDING|0:00|90|N/A;1053|kevin|q2s1a-a1-9b-s2|PENDING|0:00|32|gres:gpu:h100:1;
2026-10-10T04:34:46Z 1051|kevin|s1a-a1-9b-s2|PENDING|0:00|90|N/A;1053|kevin|q2s1a-a1-9b-s2|PENDING|0:00|32|gres:gpu:h100:1;
2026-10-10T04:35:01Z 1051|kevin|s1a-a1-9b-s2|PENDING|0:00|90|N/A;1053|kevin|q2s1a-a1-9b-s2|PENDING|0:00|32|gres:gpu:h100:1;
2026-10-10T04:35:16Z 1051|kevin|s1a-a1-9b-s2|PENDING|0:00|90|N/A;1053|kevin|q2s1a-a1-9b-s2|PENDING|0:00|32|gres:gpu:h100:1;
2026-10-10T04:35:31Z 1051|kevin|s1a-a1-9b-s2|PENDING|0:00|90|N/A;1053|kevin|q2s1a-a1-9b-s2|PENDING|0:00|32|gres:gpu:h100:1;
2026-10-10T04:35:46Z 1051|kevin|s1a-a1-9b-s2|PENDING|0:00|90|N/A;1053|kevin|q2s1a-a1-9b-s2|PENDING|0:00|32|gres:gpu:h100:1;
2026-10-10T04:36:01Z 1051|kevin|s1a-a1-9b-s2|PENDING|0:00|90|N/A;1053|kevin|q2s1a-a1-9b-s2|PENDING|0:00|32|gres:gpu:h100:1;
2026-10-10T04:36:16Z 1051|kevin|s1a-a1-9b-s2|PENDING|0:00|90|N/A;1053|kevin|q2s1a-a1-9b-s2|PENDING|0:00|32|gres:gpu:h100:1;
2026-10-10T04:36:31Z 1051|kevin|s1a-a1-9b-s2|PENDING|0:00|90|N/A;1053|kevin|q2s1a-a1-9b-s2|PENDING|0:00|32|gres:gpu:h100:1;
2026-10-10T04:36:46Z 1051|kevin|s1a-a1-9b-s2|PENDING|0:00|90|N/A;1053|kevin|q2s1a-a1-9b-s2|PENDING|0:00|32|gres:gpu:h100:1;
2026-10-10T04:37:01Z 1051|kevin|s1a-a1-9b-s2|PENDING|0:00|90|N/A;1053|kevin|q2s1a-a1-9b-s2|PENDING|0:00|32|gres:gpu:h100:1;
2026-10-10T04:37:16Z 1051|kevin|s1a-a1-9b-s2|PENDING|0:00|90|N/A;1053|kevin|q2s1a-a1-9b-s2|PENDING|0:00|32|gres:gpu:h100:1;
2026-10-10T04:37:31Z 1051|kevin|s1a-a1-9b-s2|PENDING|0:00|90|N/A;1053|kevin|q2s1a-a1-9b-s2|PENDING|0:00|32|gres:gpu:h100:1;
2026-10-10T04:37:46Z 1051|kevin|s1a-a1-9b-s2|PENDING|0:00|90|N/A;1053|kevin|q2s1a-a1-9b-s2|PENDING|0:00|32|gres:gpu:h100:1;
2026-10-10T04:38:02Z 1051|kevin|s1a-a1-9b-s2|PENDING|0:00|90|N/A;1053|kevin|q2s1a-a1-9b-s2|PENDING|0:00|32|gres:gpu:h100:1;
2026-10-10T04:38:17Z 1051|kevin|s1a-a1-9b-s2|PENDING|0:00|90|N/A;1053|kevin|q2s1a-a1-9b-s2|PENDING|0:00|32|gres:gpu:h100:1;
2026-10-10T04:38:32Z 1051|kevin|s1a-a1-9b-s2|PENDING|0:00|90|N/A;1053|kevin|q2s1a-a1-9b-s2|PENDING|0:00|32|gres:gpu:h100:1;
2026-10-10T04:38:47Z 1051|kevin|s1a-a1-9b-s2|PENDING|0:00|90|N/A;1053|kevin|q2s1a-a1-9b-s2|PENDING|0:00|32|gres:gpu:h100:1;
2026-10-10T04:39:02Z 1051|kevin|s1a-a1-9b-s2|PENDING|0:00|90|N/A;1053|kevin|q2s1a-a1-9b-s2|PENDING|0:00|32|gres:gpu:h100:1;
2026-10-10T04:39:17Z 1051|kevin|s1a-a1-9b-s2|PENDING|0:00|90|N/A;1053|kevin|q2s1a-a1-9b-s2|PENDING|0:00|32|gres:gpu:h100:1;
2026-10-10T04:39:32Z 1051|kevin|s1a-a1-9b-s2|PENDING|0:00|90|N/A;1053|kevin|q2s1a-a1-9b-s2|PENDING|0:00|32|gres:gpu:h100:1;
2026-10-10T04:39:47Z 1051|kevin|s1a-a1-9b-s2|PENDING|0:00|90|N/A;1053|kevin|q2s1a-a1-9b-s2|PENDING|0:00|32|gres:gpu:h100:1;
2026-10-10T04:40:02Z 1051|kevin|s1a-a1-9b-s2|PENDING|0:00|90|N/A;1053|kevin|q2s1a-a1-9b-s2|PENDING|0:00|32|gres:gpu:h100:1;
2026-10-10T04:40:17Z 1051|kevin|s1a-a1-9b-s2|PENDING|0:00|90|N/A;1053|kevin|q2s1a-a1-9b-s2|PENDING|0:00|32|gres:gpu:h100:1;
2026-10-10T04:40:32Z 1051|kevin|s1a-a1-9b-s2|PENDING|0:00|90|N/A;1053|kevin|q2s1a-a1-9b-s2|PENDING|0:00|32|gres:gpu:h100:1;
2026-10-10T04:40:47Z 1051|kevin|s1a-a1-9b-s2|PENDING|0:00|90|N/A;1053|kevin|q2s1a-a1-9b-s2|PENDING|0:00|32|gres:gpu:h100:1;
2026-10-10T04:41:02Z 1051|kevin|s1a-a1-9b-s2|PENDING|0:00|90|N/A;1053|kevin|q2s1a-a1-9b-s2|PENDING|0:00|32|gres:gpu:h100:1;
2026-10-10T04:41:17Z 1051|kevin|s1a-a1-9b-s2|PENDING|0:00|90|N/A;1053|kevin|q2s1a-a1-9b-s2|PENDING|0:00|32|gres:gpu:h100:1;
2026-10-10T04:41:32Z 1051|kevin|s1a-a1-9b-s2|PENDING|0:00|90|N/A;1053|kevin|q2s1a-a1-9b-s2|PENDING|0:00|32|gres:gpu:h100:1;
2026-10-10T04:41:47Z 1051|kevin|s1a-a1-9b-s2|PENDING|0:00|90|N/A;1053|kevin|q2s1a-a1-9b-s2|PENDING|0:00|32|gres:gpu:h100:1;
2026-10-10T04:42:02Z 1051|kevin|s1a-a1-9b-s2|PENDING|0:00|90|N/A;1053|kevin|q2s1a-a1-9b-s2|PENDING|0:00|32|gres:gpu:h100:1;
2026-10-10T04:42:17Z 1051|kevin|s1a-a1-9b-s2|PENDING|0:00|90|N/A;1053|kevin|q2s1a-a1-9b-s2|PENDING|0:00|32|gres:gpu:h100:1;
2026-10-10T04:42:32Z 1051|kevin|s1a-a1-9b-s2|PENDING|0:00|90|N/A;1053|kevin|q2s1a-a1-9b-s2|PENDING|0:00|32|gres:gpu:h100:1;
2026-10-10T04:42:47Z 1051|kevin|s1a-a1-9b-s2|PENDING|0:00|90|N/A;1053|kevin|q2s1a-a1-9b-s2|PENDING|0:00|32|gres:gpu:h100:1;
2026-10-10T04:43:02Z 1051|kevin|s1a-a1-9b-s2|PENDING|0:00|90|N/A;1053|kevin|q2s1a-a1-9b-s2|PENDING|0:00|32|gres:gpu:h100:1;
2026-10-10T04:43:17Z 1051|kevin|s1a-a1-9b-s2|PENDING|0:00|90|N/A;1053|kevin|q2s1a-a1-9b-s2|PENDING|0:00|32|gres:gpu:h100:1;
2026-10-10T04:43:32Z 1051|kevin|s1a-a1-9b-s2|PENDING|0:00|90|N/A;1053|kevin|q2s1a-a1-9b-s2|PENDING|0:00|32|gres:gpu:h100:1;
2026-10-10T04:43:47Z 1051|kevin|s1a-a1-9b-s2|PENDING|0:00|90|N/A;1053|kevin|q2s1a-a1-9b-s2|PENDING|0:00|32|gres:gpu:h100:1;
2026-10-10T04:44:02Z 1051|kevin|s1a-a1-9b-s2|PENDING|0:00|90|N/A;1053|kevin|q2s1a-a1-9b-s2|PENDING|0:00|32|gres:gpu:h100:1;
2026-10-10T04:44:17Z 1051|kevin|s1a-a1-9b-s2|PENDING|0:00|90|N/A;1053|kevin|q2s1a-a1-9b-s2|PENDING|0:00|32|gres:gpu:h100:1;
2026-10-10T04:44:32Z 1051|kevin|s1a-a1-9b-s2|PENDING|0:00|90|N/A;1053|kevin|q2s1a-a1-9b-s2|PENDING|0:00|32|gres:gpu:h100:1;
2026-10-10T04:44:47Z 1051|kevin|s1a-a1-9b-s2|PENDING|0:00|90|N/A;1053|kevin|q2s1a-a1-9b-s2|PENDING|0:00|32|gres:gpu:h100:1;
2026-10-10T04:45:02Z 1051|kevin|s1a-a1-9b-s2|PENDING|0:00|90|N/A;1053|kevin|q2s1a-a1-9b-s2|PENDING|0:00|32|gres:gpu:h100:1;
2026-10-10T04:45:17Z 1051|kevin|s1a-a1-9b-s2|PENDING|0:00|90|N/A;1053|kevin|q2s1a-a1-9b-s2|PENDING|0:00|32|gres:gpu:h100:1;
2026-10-10T04:45:32Z 1051|kevin|s1a-a1-9b-s2|PENDING|0:00|90|N/A;1053|kevin|q2s1a-a1-9b-s2|PENDING|0:00|32|gres:gpu:h100:1;
2026-10-10T04:45:47Z 1051|kevin|s1a-a1-9b-s2|PENDING|0:00|90|N/A;1053|kevin|q2s1a-a1-9b-s2|PENDING|0:00|32|gres:gpu:h100:1;
2026-10-10T04:46:02Z 1051|kevin|s1a-a1-9b-s2|PENDING|0:00|90|N/A;1053|kevin|q2s1a-a1-9b-s2|PENDING|0:00|32|gres:gpu:h100:1;
2026-10-10T04:46:17Z 1051|kevin|s1a-a1-9b-s2|PENDING|0:00|90|N/A;1053|kevin|q2s1a-a1-9b-s2|PENDING|0:00|32|gres:gpu:h100:1;
2026-10-10T04:46:32Z 1051|kevin|s1a-a1-9b-s2|PENDING|0:00|90|N/A;1053|kevin|q2s1a-a1-9b-s2|PENDING|0:00|32|gres:gpu:h100:1;
2026-10-10T04:46:47Z 1051|kevin|s1a-a1-9b-s2|PENDING|0:00|90|N/A;1053|kevin|q2s1a-a1-9b-s2|PENDING|0:00|32|gres:gpu:h100:1;
2026-10-10T04:47:02Z 1051|kevin|s1a-a1-9b-s2|PENDING|0:00|90|N/A;1053|kevin|q2s1a-a1-9b-s2|PENDING|0:00|32|gres:gpu:h100:1;
2026-10-10T04:47:17Z 1051|kevin|s1a-a1-9b-s2|PENDING|0:00|90|N/A;1053|kevin|q2s1a-a1-9b-s2|PENDING|0:00|32|gres:gpu:h100:1;
2026-10-10T04:47:32Z 1051|kevin|s1a-a1-9b-s2|PENDING|0:00|90|N/A;1053|kevin|q2s1a-a1-9b-s2|PENDING|0:00|32|gres:gpu:h100:1;
2026-10-10T04:47:47Z 1051|kevin|s1a-a1-9b-s2|PENDING|0:00|90|N/A;1053|kevin|q2s1a-a1-9b-s2|PENDING|0:00|32|gres:gpu:h100:1;
2026-10-10T04:48:02Z 1051|kevin|s1a-a1-9b-s2|PENDING|0:00|90|N/A;1053|kevin|q2s1a-a1-9b-s2|PENDING|0:00|32|gres:gpu:h100:1;
2026-10-10T04:48:17Z 1051|kevin|s1a-a1-9b-s2|PENDING|0:00|90|N/A;1053|kevin|q2s1a-a1-9b-s2|PENDING|0:00|32|gres:gpu:h100:1;
2026-10-10T04:48:32Z 1051|kevin|s1a-a1-9b-s2|PENDING|0:00|90|N/A;1053|kevin|q2s1a-a1-9b-s2|PENDING|0:00|32|gres:gpu:h100:1;
2026-10-10T04:48:47Z 1051|kevin|s1a-a1-9b-s2|PENDING|0:00|90|N/A;1053|kevin|q2s1a-a1-9b-s2|PENDING|0:00|32|gres:gpu:h100:1;
2026-10-10T04:49:02Z 1051|kevin|s1a-a1-9b-s2|PENDING|0:00|90|N/A;1053|kevin|q2s1a-a1-9b-s2|PENDING|0:00|32|gres:gpu:h100:1;
2026-10-10T04:49:17Z 1051|kevin|s1a-a1-9b-s2|PENDING|0:00|90|N/A;1053|kevin|q2s1a-a1-9b-s2|PENDING|0:00|32|gres:gpu:h100:1;
2026-10-10T04:49:32Z 1051|kevin|s1a-a1-9b-s2|PENDING|0:00|90|N/A;1053|kevin|q2s1a-a1-9b-s2|PENDING|0:00|32|gres:gpu:h100:1;
2026-10-10T04:49:47Z 1051|kevin|s1a-a1-9b-s2|PENDING|0:00|90|N/A;1053|kevin|q2s1a-a1-9b-s2|PENDING|0:00|32|gres:gpu:h100:1;
2026-10-10T04:50:02Z 1051|kevin|s1a-a1-9b-s2|PENDING|0:00|90|N/A;1053|kevin|q2s1a-a1-9b-s2|PENDING|0:00|32|gres:gpu:h100:1;
2026-10-10T04:50:17Z 1051|kevin|s1a-a1-9b-s2|PENDING|0:00|90|N/A;1053|kevin|q2s1a-a1-9b-s2|PENDING|0:00|32|gres:gpu:h100:1;
2026-10-10T04:50:33Z 1051|kevin|s1a-a1-9b-s2|PENDING|0:00|90|N/A;1053|kevin|q2s1a-a1-9b-s2|PENDING|0:00|32|gres:gpu:h100:1;
2026-10-10T04:50:48Z 1051|kevin|s1a-a1-9b-s2|PENDING|0:00|90|N/A;1053|kevin|q2s1a-a1-9b-s2|PENDING|0:00|32|gres:gpu:h100:1;
2026-10-10T04:51:03Z 1051|kevin|s1a-a1-9b-s2|PENDING|0:00|90|N/A;1053|kevin|q2s1a-a1-9b-s2|PENDING|0:00|32|gres:gpu:h100:1;
2026-10-10T04:51:18Z 1051|kevin|s1a-a1-9b-s2|PENDING|0:00|90|N/A;1053|kevin|q2s1a-a1-9b-s2|PENDING|0:00|32|gres:gpu:h100:1;
2026-10-10T04:51:33Z 1051|kevin|s1a-a1-9b-s2|PENDING|0:00|90|N/A;1053|kevin|q2s1a-a1-9b-s2|PENDING|0:00|32|gres:gpu:h100:1;
2026-10-10T04:51:48Z 1051|kevin|s1a-a1-9b-s2|PENDING|0:00|90|N/A;1053|kevin|q2s1a-a1-9b-s2|PENDING|0:00|32|gres:gpu:h100:1;
2026-10-10T04:52:03Z 1051|kevin|s1a-a1-9b-s2|PENDING|0:00|90|N/A;1053|kevin|q2s1a-a1-9b-s2|PENDING|0:00|32|gres:gpu:h100:1;
2026-10-10T04:52:18Z 1051|kevin|s1a-a1-9b-s2|PENDING|0:00|90|N/A;1053|kevin|q2s1a-a1-9b-s2|PENDING|0:00|32|gres:gpu:h100:1;
2026-10-10T04:52:33Z 1051|kevin|s1a-a1-9b-s2|PENDING|0:00|90|N/A;1053|kevin|q2s1a-a1-9b-s2|PENDING|0:00|32|gres:gpu:h100:1;
2026-10-10T04:52:48Z 1051|kevin|s1a-a1-9b-s2|PENDING|0:00|90|N/A;1053|kevin|q2s1a-a1-9b-s2|PENDING|0:00|32|gres:gpu:h100:1;
2026-10-10T04:53:03Z 1051|kevin|s1a-a1-9b-s2|PENDING|0:00|90|N/A;1053|kevin|q2s1a-a1-9b-s2|PENDING|0:00|32|gres:gpu:h100:1;
2026-10-10T04:53:18Z 1051|kevin|s1a-a1-9b-s2|PENDING|0:00|90|N/A;1053|kevin|q2s1a-a1-9b-s2|PENDING|0:00|32|gres:gpu:h100:1;
2026-10-10T04:53:33Z 1051|kevin|s1a-a1-9b-s2|PENDING|0:00|90|N/A;1053|kevin|q2s1a-a1-9b-s2|PENDING|0:00|32|gres:gpu:h100:1;
2026-10-10T04:53:48Z 1051|kevin|s1a-a1-9b-s2|PENDING|0:00|90|N/A;1053|kevin|q2s1a-a1-9b-s2|PENDING|0:00|32|gres:gpu:h100:1;
2026-10-10T04:54:03Z 1051|kevin|s1a-a1-9b-s2|PENDING|0:00|90|N/A;1053|kevin|q2s1a-a1-9b-s2|PENDING|0:00|32|gres:gpu:h100:1;
2026-10-10T04:54:18Z 1051|kevin|s1a-a1-9b-s2|PENDING|0:00|90|N/A;1053|kevin|q2s1a-a1-9b-s2|PENDING|0:00|32|gres:gpu:h100:1;
2026-10-10T04:54:33Z 1051|kevin|s1a-a1-9b-s2|PENDING|0:00|90|N/A;1053|kevin|q2s1a-a1-9b-s2|PENDING|0:00|32|gres:gpu:h100:1;
2026-10-10T04:54:48Z 1051|kevin|s1a-a1-9b-s2|PENDING|0:00|90|N/A;1053|kevin|q2s1a-a1-9b-s2|PENDING|0:00|32|gres:gpu:h100:1;
2026-10-10T04:55:03Z 1051|kevin|s1a-a1-9b-s2|PENDING|0:00|90|N/A;1053|kevin|q2s1a-a1-9b-s2|PENDING|0:00|32|gres:gpu:h100:1;
2026-10-10T04:55:18Z 1051|kevin|s1a-a1-9b-s2|PENDING|0:00|90|N/A;1053|kevin|q2s1a-a1-9b-s2|PENDING|0:00|32|gres:gpu:h100:1;
2026-10-10T04:55:33Z 1051|kevin|s1a-a1-9b-s2|PENDING|0:00|90|N/A;1053|kevin|q2s1a-a1-9b-s2|PENDING|0:00|32|gres:gpu:h100:1;
2026-10-10T04:55:48Z 1051|kevin|s1a-a1-9b-s2|PENDING|0:00|90|N/A;1053|kevin|q2s1a-a1-9b-s2|PENDING|0:00|32|gres:gpu:h100:1;
2026-10-10T04:56:03Z 1051|kevin|s1a-a1-9b-s2|PENDING|0:00|90|N/A;1053|kevin|q2s1a-a1-9b-s2|PENDING|0:00|32|gres:gpu:h100:1;
2026-10-10T04:56:18Z 1051|kevin|s1a-a1-9b-s2|PENDING|0:00|90|N/A;1053|kevin|q2s1a-a1-9b-s2|PENDING|0:00|32|gres:gpu:h100:1;
2026-10-10T04:56:33Z 1051|kevin|s1a-a1-9b-s2|PENDING|0:00|90|N/A;1053|kevin|q2s1a-a1-9b-s2|PENDING|0:00|32|gres:gpu:h100:1;
2026-10-10T04:56:48Z 1051|kevin|s1a-a1-9b-s2|PENDING|0:00|90|N/A;1053|kevin|q2s1a-a1-9b-s2|PENDING|0:00|32|gres:gpu:h100:1;
2026-10-10T04:57:03Z 1051|kevin|s1a-a1-9b-s2|PENDING|0:00|90|N/A;1053|kevin|q2s1a-a1-9b-s2|PENDING|0:00|32|gres:gpu:h100:1;
2026-10-10T04:57:18Z 1051|kevin|s1a-a1-9b-s2|PENDING|0:00|90|N/A;1053|kevin|q2s1a-a1-9b-s2|PENDING|0:00|32|gres:gpu:h100:1;
2026-10-10T04:57:33Z 1051|kevin|s1a-a1-9b-s2|PENDING|0:00|90|N/A;1053|kevin|q2s1a-a1-9b-s2|PENDING|0:00|32|gres:gpu:h100:1;
2026-10-10T04:57:48Z 1051|kevin|s1a-a1-9b-s2|PENDING|0:00|90|N/A;1053|kevin|q2s1a-a1-9b-s2|PENDING|0:00|32|gres:gpu:h100:1;
2026-10-10T04:58:03Z 1051|kevin|s1a-a1-9b-s2|PENDING|0:00|90|N/A;1053|kevin|q2s1a-a1-9b-s2|PENDING|0:00|32|gres:gpu:h100:1;
2026-10-10T04:58:18Z 1051|kevin|s1a-a1-9b-s2|PENDING|0:00|90|N/A;1053|kevin|q2s1a-a1-9b-s2|PENDING|0:00|32|gres:gpu:h100:1;
2026-10-10T04:58:33Z 1051|kevin|s1a-a1-9b-s2|PENDING|0:00|90|N/A;1053|kevin|q2s1a-a1-9b-s2|PENDING|0:00|32|gres:gpu:h100:1;
2026-10-10T04:58:48Z 1051|kevin|s1a-a1-9b-s2|PENDING|0:00|90|N/A;1053|kevin|q2s1a-a1-9b-s2|PENDING|0:00|32|gres:gpu:h100:1;
2026-10-10T04:59:03Z 1051|kevin|s1a-a1-9b-s2|PENDING|0:00|90|N/A;1053|kevin|q2s1a-a1-9b-s2|PENDING|0:00|32|gres:gpu:h100:1;
2026-10-10T04:59:18Z 1051|kevin|s1a-a1-9b-s2|PENDING|0:00|90|N/A;1053|kevin|q2s1a-a1-9b-s2|PENDING|0:00|32|gres:gpu:h100:1;
2026-10-10T04:59:33Z 1051|kevin|s1a-a1-9b-s2|PENDING|0:00|90|N/A;1053|kevin|q2s1a-a1-9b-s2|PENDING|0:00|32|gres:gpu:h100:1;
2026-10-10T04:59:48Z 1051|kevin|s1a-a1-9b-s2|PENDING|0:00|90|N/A;1053|kevin|q2s1a-a1-9b-s2|PENDING|0:00|32|gres:gpu:h100:1;
2026-10-10T05:00:03Z 1051|kevin|s1a-a1-9b-s2|PENDING|0:00|90|N/A;1053|kevin|q2s1a-a1-9b-s2|PENDING|0:00|32|gres:gpu:h100:1;
2026-10-10T05:00:18Z 1051|kevin|s1a-a1-9b-s2|PENDING|0:00|90|N/A;1053|kevin|q2s1a-a1-9b-s2|PENDING|0:00|32|gres:gpu:h100:1;
2026-10-10T05:00:33Z 1051|kevin|s1a-a1-9b-s2|PENDING|0:00|90|N/A;1053|kevin|q2s1a-a1-9b-s2|PENDING|0:00|32|gres:gpu:h100:1;
2026-10-10T05:00:48Z 1051|kevin|s1a-a1-9b-s2|PENDING|0:00|90|N/A;1053|kevin|q2s1a-a1-9b-s2|PENDING|0:00|32|gres:gpu:h100:1;
2026-10-10T05:01:03Z 1051|kevin|s1a-a1-9b-s2|PENDING|0:00|90|N/A;1053|kevin|q2s1a-a1-9b-s2|PENDING|0:00|32|gres:gpu:h100:1;
2026-10-10T05:01:18Z 1051|kevin|s1a-a1-9b-s2|PENDING|0:00|90|N/A;1053|kevin|q2s1a-a1-9b-s2|PENDING|0:00|32|gres:gpu:h100:1;
2026-10-10T05:01:33Z 1051|kevin|s1a-a1-9b-s2|PENDING|0:00|90|N/A;1053|kevin|q2s1a-a1-9b-s2|PENDING|0:00|32|gres:gpu:h100:1;
2026-10-10T05:01:48Z 1051|kevin|s1a-a1-9b-s2|PENDING|0:00|90|N/A;1053|kevin|q2s1a-a1-9b-s2|PENDING|0:00|32|gres:gpu:h100:1;
2026-10-10T05:02:03Z 1051|kevin|s1a-a1-9b-s2|PENDING|0:00|90|N/A;1053|kevin|q2s1a-a1-9b-s2|PENDING|0:00|32|gres:gpu:h100:1;
2026-10-10T05:02:18Z 1051|kevin|s1a-a1-9b-s2|PENDING|0:00|90|N/A;1053|kevin|q2s1a-a1-9b-s2|PENDING|0:00|32|gres:gpu:h100:1;
2026-10-10T05:02:33Z 1051|kevin|s1a-a1-9b-s2|PENDING|0:00|90|N/A;1053|kevin|q2s1a-a1-9b-s2|PENDING|0:00|32|gres:gpu:h100:1;
2026-10-10T05:02:49Z 1051|kevin|s1a-a1-9b-s2|PENDING|0:00|90|N/A;1053|kevin|q2s1a-a1-9b-s2|PENDING|0:00|32|gres:gpu:h100:1;
2026-10-10T05:03:04Z 1051|kevin|s1a-a1-9b-s2|PENDING|0:00|90|N/A;1053|kevin|q2s1a-a1-9b-s2|PENDING|0:00|32|gres:gpu:h100:1;
2026-10-10T05:03:19Z 1051|kevin|s1a-a1-9b-s2|PENDING|0:00|90|N/A;1053|kevin|q2s1a-a1-9b-s2|PENDING|0:00|32|gres:gpu:h100:1;
2026-10-10T05:03:34Z 1051|kevin|s1a-a1-9b-s2|PENDING|0:00|90|N/A;1053|kevin|q2s1a-a1-9b-s2|PENDING|0:00|32|gres:gpu:h100:1;
2026-10-10T05:03:49Z 1051|kevin|s1a-a1-9b-s2|PENDING|0:00|90|N/A;1053|kevin|q2s1a-a1-9b-s2|PENDING|0:00|32|gres:gpu:h100:1;
2026-10-10T05:04:04Z 1051|kevin|s1a-a1-9b-s2|PENDING|0:00|90|N/A;1053|kevin|q2s1a-a1-9b-s2|PENDING|0:00|32|gres:gpu:h100:1;
2026-10-10T05:04:19Z 1051|kevin|s1a-a1-9b-s2|PENDING|0:00|90|N/A;1053|kevin|q2s1a-a1-9b-s2|PENDING|0:00|32|gres:gpu:h100:1;
2026-10-10T05:04:34Z 1051|kevin|s1a-a1-9b-s2|PENDING|0:00|90|N/A;1053|kevin|q2s1a-a1-9b-s2|PENDING|0:00|32|gres:gpu:h100:1;
2026-10-10T05:04:49Z 1051|kevin|s1a-a1-9b-s2|PENDING|0:00|90|N/A;1053|kevin|q2s1a-a1-9b-s2|PENDING|0:00|32|gres:gpu:h100:1;
2026-10-10T05:05:04Z 1051|kevin|s1a-a1-9b-s2|PENDING|0:00|90|N/A;1053|kevin|q2s1a-a1-9b-s2|PENDING|0:00|32|gres:gpu:h100:1;
2026-10-10T05:05:19Z 1051|kevin|s1a-a1-9b-s2|PENDING|0:00|90|N/A;1053|kevin|q2s1a-a1-9b-s2|PENDING|0:00|32|gres:gpu:h100:1;
2026-10-10T05:05:34Z 1051|kevin|s1a-a1-9b-s2|PENDING|0:00|90|N/A;1053|kevin|q2s1a-a1-9b-s2|PENDING|0:00|32|gres:gpu:h100:1;
2026-10-10T05:05:49Z 1051|kevin|s1a-a1-9b-s2|PENDING|0:00|90|N/A;1053|kevin|q2s1a-a1-9b-s2|PENDING|0:00|32|gres:gpu:h100:1;
2026-10-10T05:06:04Z 1051|kevin|s1a-a1-9b-s2|PENDING|0:00|90|N/A;1053|kevin|q2s1a-a1-9b-s2|PENDING|0:00|32|gres:gpu:h100:1;
2026-10-10T05:06:19Z 1051|kevin|s1a-a1-9b-s2|PENDING|0:00|90|N/A;1053|kevin|q2s1a-a1-9b-s2|PENDING|0:00|32|gres:gpu:h100:1;
2026-10-10T05:06:34Z 1051|kevin|s1a-a1-9b-s2|PENDING|0:00|90|N/A;1053|kevin|q2s1a-a1-9b-s2|PENDING|0:00|32|gres:gpu:h100:1;
2026-10-10T05:06:49Z 1051|kevin|s1a-a1-9b-s2|PENDING|0:00|90|N/A;1053|kevin|q2s1a-a1-9b-s2|PENDING|0:00|32|gres:gpu:h100:1;
2026-10-10T05:07:04Z 1051|kevin|s1a-a1-9b-s2|PENDING|0:00|90|N/A;1053|kevin|q2s1a-a1-9b-s2|PENDING|0:00|32|gres:gpu:h100:1;
2026-10-10T05:07:19Z 1051|kevin|s1a-a1-9b-s2|PENDING|0:00|90|N/A;1053|kevin|q2s1a-a1-9b-s2|PENDING|0:00|32|gres:gpu:h100:1;
2026-10-10T05:07:34Z 1051|kevin|s1a-a1-9b-s2|PENDING|0:00|90|N/A;1053|kevin|q2s1a-a1-9b-s2|PENDING|0:00|32|gres:gpu:h100:1;
2026-10-10T05:07:49Z 1051|kevin|s1a-a1-9b-s2|PENDING|0:00|90|N/A;1053|kevin|q2s1a-a1-9b-s2|PENDING|0:00|32|gres:gpu:h100:1;
2026-10-10T05:08:04Z 1051|kevin|s1a-a1-9b-s2|PENDING|0:00|90|N/A;1053|kevin|q2s1a-a1-9b-s2|PENDING|0:00|32|gres:gpu:h100:1;
2026-10-10T05:08:19Z 1051|kevin|s1a-a1-9b-s2|PENDING|0:00|90|N/A;1053|kevin|q2s1a-a1-9b-s2|PENDING|0:00|32|gres:gpu:h100:1;
2026-10-10T05:08:34Z 1051|kevin|s1a-a1-9b-s2|PENDING|0:00|90|N/A;1053|kevin|q2s1a-a1-9b-s2|PENDING|0:00|32|gres:gpu:h100:1;
2026-10-10T05:08:49Z 1051|kevin|s1a-a1-9b-s2|PENDING|0:00|90|N/A;1053|kevin|q2s1a-a1-9b-s2|PENDING|0:00|32|gres:gpu:h100:1;
2026-10-10T05:09:04Z 1051|kevin|s1a-a1-9b-s2|PENDING|0:00|90|N/A;1053|kevin|q2s1a-a1-9b-s2|PENDING|0:00|32|gres:gpu:h100:1;
2026-10-10T05:09:19Z 1051|kevin|s1a-a1-9b-s2|PENDING|0:00|90|N/A;1053|kevin|q2s1a-a1-9b-s2|PENDING|0:00|32|gres:gpu:h100:1;
2026-10-10T05:09:34Z 1051|kevin|s1a-a1-9b-s2|PENDING|0:00|90|N/A;1053|kevin|q2s1a-a1-9b-s2|PENDING|0:00|32|gres:gpu:h100:1;
2026-10-10T05:09:49Z 1051|kevin|s1a-a1-9b-s2|PENDING|0:00|90|N/A;1053|kevin|q2s1a-a1-9b-s2|PENDING|0:00|32|gres:gpu:h100:1;
2026-10-10T05:10:04Z 1051|kevin|s1a-a1-9b-s2|PENDING|0:00|90|N/A;1053|kevin|q2s1a-a1-9b-s2|PENDING|0:00|32|gres:gpu:h100:1;
2026-10-10T05:10:19Z 1051|kevin|s1a-a1-9b-s2|PENDING|0:00|90|N/A;1053|kevin|q2s1a-a1-9b-s2|PENDING|0:00|32|gres:gpu:h100:1;
2026-10-10T05:10:34Z 1051|kevin|s1a-a1-9b-s2|PENDING|0:00|90|N/A;1053|kevin|q2s1a-a1-9b-s2|PENDING|0:00|32|gres:gpu:h100:1;
2026-10-10T05:10:49Z 1051|kevin|s1a-a1-9b-s2|PENDING|0:00|90|N/A;1053|kevin|q2s1a-a1-9b-s2|PENDING|0:00|32|gres:gpu:h100:1;
2026-10-10T05:11:04Z 1051|kevin|s1a-a1-9b-s2|PENDING|0:00|90|N/A;1053|kevin|q2s1a-a1-9b-s2|PENDING|0:00|32|gres:gpu:h100:1;
2026-10-10T05:11:19Z 1051|kevin|s1a-a1-9b-s2|PENDING|0:00|90|N/A;1053|kevin|q2s1a-a1-9b-s2|PENDING|0:00|32|gres:gpu:h100:1;
2026-10-10T05:11:34Z 1051|kevin|s1a-a1-9b-s2|PENDING|0:00|90|N/A;1053|kevin|q2s1a-a1-9b-s2|PENDING|0:00|32|gres:gpu:h100:1;
2026-10-10T05:11:49Z 1051|kevin|s1a-a1-9b-s2|PENDING|0:00|90|N/A;1053|kevin|q2s1a-a1-9b-s2|PENDING|0:00|32|gres:gpu:h100:1;
2026-10-10T05:12:04Z 1051|kevin|s1a-a1-9b-s2|PENDING|0:00|90|N/A;1053|kevin|q2s1a-a1-9b-s2|PENDING|0:00|32|gres:gpu:h100:1;
2026-10-10T05:12:19Z 1051|kevin|s1a-a1-9b-s2|PENDING|0:00|90|N/A;1053|kevin|q2s1a-a1-9b-s2|PENDING|0:00|32|gres:gpu:h100:1;
2026-10-10T05:12:34Z 1051|kevin|s1a-a1-9b-s2|PENDING|0:00|90|N/A;1053|kevin|q2s1a-a1-9b-s2|PENDING|0:00|32|gres:gpu:h100:1;
2026-10-10T05:12:49Z 1051|kevin|s1a-a1-9b-s2|PENDING|0:00|90|N/A;1053|kevin|q2s1a-a1-9b-s2|PENDING|0:00|32|gres:gpu:h100:1;
2026-10-10T05:13:04Z 1051|kevin|s1a-a1-9b-s2|PENDING|0:00|90|N/A;1053|kevin|q2s1a-a1-9b-s2|PENDING|0:00|32|gres:gpu:h100:1;
2026-10-10T05:13:19Z 1051|kevin|s1a-a1-9b-s2|PENDING|0:00|90|N/A;1053|kevin|q2s1a-a1-9b-s2|PENDING|0:00|32|gres:gpu:h100:1;
2026-10-10T05:13:34Z 1051|kevin|s1a-a1-9b-s2|PENDING|0:00|90|N/A;1053|kevin|q2s1a-a1-9b-s2|PENDING|0:00|32|gres:gpu:h100:1;
2026-10-10T05:13:49Z 1051|kevin|s1a-a1-9b-s2|PENDING|0:00|90|N/A;1053|kevin|q2s1a-a1-9b-s2|PENDING|0:00|32|gres:gpu:h100:1;
2026-10-10T05:14:04Z 1051|kevin|s1a-a1-9b-s2|PENDING|0:00|90|N/A;1053|kevin|q2s1a-a1-9b-s2|PENDING|0:00|32|gres:gpu:h100:1;
2026-10-10T05:14:19Z 1051|kevin|s1a-a1-9b-s2|PENDING|0:00|90|N/A;1053|kevin|q2s1a-a1-9b-s2|PENDING|0:00|32|gres:gpu:h100:1;
2026-10-10T05:14:34Z 1051|kevin|s1a-a1-9b-s2|PENDING|0:00|90|N/A;1053|kevin|q2s1a-a1-9b-s2|PENDING|0:00|32|gres:gpu:h100:1;
2026-10-10T05:14:49Z 1051|kevin|s1a-a1-9b-s2|PENDING|0:00|90|N/A;1053|kevin|q2s1a-a1-9b-s2|PENDING|0:00|32|gres:gpu:h100:1;
2026-10-10T05:15:04Z 1051|kevin|s1a-a1-9b-s2|PENDING|0:00|90|N/A;1053|kevin|q2s1a-a1-9b-s2|PENDING|0:00|32|gres:gpu:h100:1;
2026-10-10T05:15:20Z 1051|kevin|s1a-a1-9b-s2|PENDING|0:00|90|N/A;1053|kevin|q2s1a-a1-9b-s2|PENDING|0:00|32|gres:gpu:h100:1;
2026-10-10T05:15:35Z 1051|kevin|s1a-a1-9b-s2|PENDING|0:00|90|N/A;1053|kevin|q2s1a-a1-9b-s2|PENDING|0:00|32|gres:gpu:h100:1;
2026-10-10T05:15:50Z 1051|kevin|s1a-a1-9b-s2|PENDING|0:00|90|N/A;1053|kevin|q2s1a-a1-9b-s2|PENDING|0:00|32|gres:gpu:h100:1;
2026-10-10T05:16:05Z 1051|kevin|s1a-a1-9b-s2|PENDING|0:00|90|N/A;1053|kevin|q2s1a-a1-9b-s2|PENDING|0:00|32|gres:gpu:h100:1;
2026-10-10T05:16:20Z 1051|kevin|s1a-a1-9b-s2|PENDING|0:00|90|N/A;1053|kevin|q2s1a-a1-9b-s2|PENDING|0:00|32|gres:gpu:h100:1;
2026-10-10T05:16:35Z 1051|kevin|s1a-a1-9b-s2|PENDING|0:00|90|N/A;1053|kevin|q2s1a-a1-9b-s2|PENDING|0:00|32|gres:gpu:h100:1;
2026-10-10T05:16:50Z 1051|kevin|s1a-a1-9b-s2|PENDING|0:00|90|N/A;1053|kevin|q2s1a-a1-9b-s2|PENDING|0:00|32|gres:gpu:h100:1;
2026-10-10T05:17:05Z 1051|kevin|s1a-a1-9b-s2|PENDING|0:00|90|N/A;1053|kevin|q2s1a-a1-9b-s2|PENDING|0:00|32|gres:gpu:h100:1;
2026-10-10T05:17:20Z 1051|kevin|s1a-a1-9b-s2|PENDING|0:00|90|N/A;1053|kevin|q2s1a-a1-9b-s2|PENDING|0:00|32|gres:gpu:h100:1;
2026-10-10T05:17:35Z 1051|kevin|s1a-a1-9b-s2|PENDING|0:00|90|N/A;1053|kevin|q2s1a-a1-9b-s2|PENDING|0:00|32|gres:gpu:h100:1;
2026-10-10T05:17:50Z 1051|kevin|s1a-a1-9b-s2|PENDING|0:00|90|N/A;1053|kevin|q2s1a-a1-9b-s2|PENDING|0:00|32|gres:gpu:h100:1;
2026-10-10T05:18:05Z 1051|kevin|s1a-a1-9b-s2|PENDING|0:00|90|N/A;1053|kevin|q2s1a-a1-9b-s2|PENDING|0:00|32|gres:gpu:h100:1;
2026-10-10T05:18:20Z 1051|kevin|s1a-a1-9b-s2|PENDING|0:00|90|N/A;1053|kevin|q2s1a-a1-9b-s2|PENDING|0:00|32|gres:gpu:h100:1;
2026-10-10T05:18:35Z 1051|kevin|s1a-a1-9b-s2|PENDING|0:00|90|N/A;1053|kevin|q2s1a-a1-9b-s2|PENDING|0:00|32|gres:gpu:h100:1;
2026-10-10T05:18:50Z 1051|kevin|s1a-a1-9b-s2|PENDING|0:00|90|N/A;1053|kevin|q2s1a-a1-9b-s2|PENDING|0:00|32|gres:gpu:h100:1;
2026-10-10T05:19:05Z 1051|kevin|s1a-a1-9b-s2|PENDING|0:00|90|N/A;1053|kevin|q2s1a-a1-9b-s2|PENDING|0:00|32|gres:gpu:h100:1;
2026-10-10T05:19:20Z 1051|kevin|s1a-a1-9b-s2|PENDING|0:00|90|N/A;1053|kevin|q2s1a-a1-9b-s2|PENDING|0:00|32|gres:gpu:h100:1;
2026-10-10T05:19:35Z 1051|kevin|s1a-a1-9b-s2|PENDING|0:00|90|N/A;1053|kevin|q2s1a-a1-9b-s2|PENDING|0:00|32|gres:gpu:h100:1;
2026-10-10T05:19:50Z 1051|kevin|s1a-a1-9b-s2|PENDING|0:00|90|N/A;1053|kevin|q2s1a-a1-9b-s2|PENDING|0:00|32|gres:gpu:h100:1;
2026-10-10T05:20:05Z 1051|kevin|s1a-a1-9b-s2|PENDING|0:00|90|N/A;1053|kevin|q2s1a-a1-9b-s2|PENDING|0:00|32|gres:gpu:h100:1;
2026-10-10T05:20:20Z 1051|kevin|s1a-a1-9b-s2|PENDING|0:00|90|N/A;1053|kevin|q2s1a-a1-9b-s2|PENDING|0:00|32|gres:gpu:h100:1;
2026-10-10T05:20:35Z 1051|kevin|s1a-a1-9b-s2|PENDING|0:00|90|N/A;1053|kevin|q2s1a-a1-9b-s2|PENDING|0:00|32|gres:gpu:h100:1;
2026-10-10T05:20:50Z 1051|kevin|s1a-a1-9b-s2|PENDING|0:00|90|N/A;1053|kevin|q2s1a-a1-9b-s2|PENDING|0:00|32|gres:gpu:h100:1;
2026-10-10T05:21:05Z 1051|kevin|s1a-a1-9b-s2|PENDING|0:00|90|N/A;1053|kevin|q2s1a-a1-9b-s2|PENDING|0:00|32|gres:gpu:h100:1;
2026-10-10T05:21:20Z 1051|kevin|s1a-a1-9b-s2|PENDING|0:00|90|N/A;1053|kevin|q2s1a-a1-9b-s2|PENDING|0:00|32|gres:gpu:h100:1;
2026-10-10T05:21:35Z 1051|kevin|s1a-a1-9b-s2|PENDING|0:00|90|N/A;1053|kevin|q2s1a-a1-9b-s2|PENDING|0:00|32|gres:gpu:h100:1;
2026-10-10T05:21:50Z 1051|kevin|s1a-a1-9b-s2|PENDING|0:00|90|N/A;1053|kevin|q2s1a-a1-9b-s2|PENDING|0:00|32|gres:gpu:h100:1;
2026-10-10T05:22:05Z 1051|kevin|s1a-a1-9b-s2|PENDING|0:00|90|N/A;1053|kevin|q2s1a-a1-9b-s2|PENDING|0:00|32|gres:gpu:h100:1;
2026-10-10T05:22:20Z 1051|kevin|s1a-a1-9b-s2|PENDING|0:00|90|N/A;1053|kevin|q2s1a-a1-9b-s2|PENDING|0:00|32|gres:gpu:h100:1;
2026-10-10T05:22:35Z 1051|kevin|s1a-a1-9b-s2|PENDING|0:00|90|N/A;1053|kevin|q2s1a-a1-9b-s2|PENDING|0:00|32|gres:gpu:h100:1;
2026-10-10T05:22:50Z 1051|kevin|s1a-a1-9b-s2|PENDING|0:00|90|N/A;1053|kevin|q2s1a-a1-9b-s2|PENDING|0:00|32|gres:gpu:h100:1;
2026-10-10T05:23:05Z 1051|kevin|s1a-a1-9b-s2|PENDING|0:00|90|N/A;1053|kevin|q2s1a-a1-9b-s2|PENDING|0:00|32|gres:gpu:h100:1;
2026-10-10T05:23:20Z 1051|kevin|s1a-a1-9b-s2|PENDING|0:00|90|N/A;1053|kevin|q2s1a-a1-9b-s2|PENDING|0:00|32|gres:gpu:h100:1;
2026-10-10T05:23:35Z 1051|kevin|s1a-a1-9b-s2|PENDING|0:00|90|N/A;1053|kevin|q2s1a-a1-9b-s2|PENDING|0:00|32|gres:gpu:h100:1;
2026-10-10T05:23:50Z 1051|kevin|s1a-a1-9b-s2|PENDING|0:00|90|N/A;1053|kevin|q2s1a-a1-9b-s2|PENDING|0:00|32|gres:gpu:h100:1;
2026-10-10T05:24:05Z 1051|kevin|s1a-a1-9b-s2|PENDING|0:00|90|N/A;1053|kevin|q2s1a-a1-9b-s2|PENDING|0:00|32|gres:gpu:h100:1;
2026-10-10T05:24:20Z 1051|kevin|s1a-a1-9b-s2|PENDING|0:00|90|N/A;1053|kevin|q2s1a-a1-9b-s2|PENDING|0:00|32|gres:gpu:h100:1;
2026-10-10T05:24:35Z 1051|kevin|s1a-a1-9b-s2|PENDING|0:00|90|N/A;1053|kevin|q2s1a-a1-9b-s2|PENDING|0:00|32|gres:gpu:h100:1;
2026-10-10T05:24:50Z 1051|kevin|s1a-a1-9b-s2|PENDING|0:00|90|N/A;1053|kevin|q2s1a-a1-9b-s2|PENDING|0:00|32|gres:gpu:h100:1;
2026-10-10T05:25:05Z 1051|kevin|s1a-a1-9b-s2|PENDING|0:00|90|N/A;1053|kevin|q2s1a-a1-9b-s2|PENDING|0:00|32|gres:gpu:h100:1;
2026-10-10T05:25:20Z 1051|kevin|s1a-a1-9b-s2|PENDING|0:00|90|N/A;1053|kevin|q2s1a-a1-9b-s2|PENDING|0:00|32|gres:gpu:h100:1;
2026-10-10T05:25:35Z 1051|kevin|s1a-a1-9b-s2|PENDING|0:00|90|N/A;1053|kevin|q2s1a-a1-9b-s2|PENDING|0:00|32|gres:gpu:h100:1;
2026-10-10T05:25:50Z 1051|kevin|s1a-a1-9b-s2|PENDING|0:00|90|N/A;1053|kevin|q2s1a-a1-9b-s2|PENDING|0:00|32|gres:gpu:h100:1;
2026-10-10T05:26:05Z 1051|kevin|s1a-a1-9b-s2|PENDING|0:00|90|N/A;1053|kevin|q2s1a-a1-9b-s2|PENDING|0:00|32|gres:gpu:h100:1;
2026-10-10T05:26:20Z 1051|kevin|s1a-a1-9b-s2|PENDING|0:00|90|N/A;1053|kevin|q2s1a-a1-9b-s2|PENDING|0:00|32|gres:gpu:h100:1;
2026-10-10T05:26:35Z 1051|kevin|s1a-a1-9b-s2|PENDING|0:00|90|N/A;1053|kevin|q2s1a-a1-9b-s2|PENDING|0:00|32|gres:gpu:h100:1;
2026-10-10T05:26:50Z 1051|kevin|s1a-a1-9b-s2|PENDING|0:00|90|N/A;1053|kevin|q2s1a-a1-9b-s2|PENDING|0:00|32|gres:gpu:h100:1;
2026-10-10T05:27:05Z 1051|kevin|s1a-a1-9b-s2|PENDING|0:00|90|N/A;1053|kevin|q2s1a-a1-9b-s2|PENDING|0:00|32|gres:gpu:h100:1;
2026-10-10T05:27:20Z 1051|kevin|s1a-a1-9b-s2|PENDING|0:00|90|N/A;1053|kevin|q2s1a-a1-9b-s2|PENDING|0:00|32|gres:gpu:h100:1;
2026-10-10T05:27:36Z 1051|kevin|s1a-a1-9b-s2|PENDING|0:00|90|N/A;1053|kevin|q2s1a-a1-9b-s2|PENDING|0:00|32|gres:gpu:h100:1;
2026-10-10T05:27:51Z 1051|kevin|s1a-a1-9b-s2|PENDING|0:00|90|N/A;1053|kevin|q2s1a-a1-9b-s2|PENDING|0:00|32|gres:gpu:h100:1;
2026-10-10T05:28:06Z 1051|kevin|s1a-a1-9b-s2|PENDING|0:00|90|N/A;1053|kevin|q2s1a-a1-9b-s2|PENDING|0:00|32|gres:gpu:h100:1;
2026-10-10T05:28:21Z 1051|kevin|s1a-a1-9b-s2|PENDING|0:00|90|N/A;1053|kevin|q2s1a-a1-9b-s2|PENDING|0:00|32|gres:gpu:h100:1;
2026-10-10T05:28:36Z 1051|kevin|s1a-a1-9b-s2|PENDING|0:00|90|N/A;1053|kevin|q2s1a-a1-9b-s2|PENDING|0:00|32|gres:gpu:h100:1;
2026-10-10T05:28:51Z 1051|kevin|s1a-a1-9b-s2|PENDING|0:00|90|N/A;1053|kevin|q2s1a-a1-9b-s2|PENDING|0:00|32|gres:gpu:h100:1;
2026-10-10T05:29:06Z 1051|kevin|s1a-a1-9b-s2|PENDING|0:00|90|N/A;1053|kevin|q2s1a-a1-9b-s2|PENDING|0:00|32|gres:gpu:h100:1;
2026-10-10T05:29:21Z 1051|kevin|s1a-a1-9b-s2|PENDING|0:00|90|N/A;1053|kevin|q2s1a-a1-9b-s2|PENDING|0:00|32|gres:gpu:h100:1;
2026-10-10T05:29:36Z 1051|kevin|s1a-a1-9b-s2|PENDING|0:00|90|N/A;1053|kevin|q2s1a-a1-9b-s2|PENDING|0:00|32|gres:gpu:h100:1;
2026-10-10T05:29:51Z 1051|kevin|s1a-a1-9b-s2|PENDING|0:00|90|N/A;1053|kevin|q2s1a-a1-9b-s2|PENDING|0:00|32|gres:gpu:h100:1;
2026-10-10T05:30:06Z 1051|kevin|s1a-a1-9b-s2|PENDING|0:00|90|N/A;1053|kevin|q2s1a-a1-9b-s2|PENDING|0:00|32|gres:gpu:h100:1;
2026-10-10T05:30:21Z 1051|kevin|s1a-a1-9b-s2|PENDING|0:00|90|N/A;1053|kevin|q2s1a-a1-9b-s2|PENDING|0:00|32|gres:gpu:h100:1;
2026-10-10T05:30:36Z 1051|kevin|s1a-a1-9b-s2|PENDING|0:00|90|N/A;1053|kevin|q2s1a-a1-9b-s2|PENDING|0:00|32|gres:gpu:h100:1;
2026-10-10T05:30:51Z 1051|kevin|s1a-a1-9b-s2|PENDING|0:00|90|N/A;1053|kevin|q2s1a-a1-9b-s2|PENDING|0:00|32|gres:gpu:h100:1;
2026-10-10T05:31:06Z 1051|kevin|s1a-a1-9b-s2|PENDING|0:00|90|N/A;1053|kevin|q2s1a-a1-9b-s2|PENDING|0:00|32|gres:gpu:h100:1;
2026-10-10T05:31:21Z 1051|kevin|s1a-a1-9b-s2|PENDING|0:00|90|N/A;1053|kevin|q2s1a-a1-9b-s2|PENDING|0:00|32|gres:gpu:h100:1;
2026-10-10T05:31:36Z 1051|kevin|s1a-a1-9b-s2|PENDING|0:00|90|N/A;1053|kevin|q2s1a-a1-9b-s2|PENDING|0:00|32|gres:gpu:h100:1;
2026-10-10T05:31:51Z 1051|kevin|s1a-a1-9b-s2|PENDING|0:00|90|N/A;1053|kevin|q2s1a-a1-9b-s2|PENDING|0:00|32|gres:gpu:h100:1;
2026-10-10T05:32:06Z 1051|kevin|s1a-a1-9b-s2|PENDING|0:00|90|N/A;1053|kevin|q2s1a-a1-9b-s2|PENDING|0:00|32|gres:gpu:h100:1;
2026-10-10T05:32:21Z 1051|kevin|s1a-a1-9b-s2|PENDING|0:00|90|N/A;1053|kevin|q2s1a-a1-9b-s2|PENDING|0:00|32|gres:gpu:h100:1;
2026-10-10T05:32:36Z 1051|kevin|s1a-a1-9b-s2|PENDING|0:00|90|N/A;1053|kevin|q2s1a-a1-9b-s2|PENDING|0:00|32|gres:gpu:h100:1;
2026-10-10T05:32:51Z 1051|kevin|s1a-a1-9b-s2|PENDING|0:00|90|N/A;1053|kevin|q2s1a-a1-9b-s2|PENDING|0:00|32|gres:gpu:h100:1;
2026-10-10T05:33:06Z 1051|kevin|s1a-a1-9b-s2|PENDING|0:00|90|N/A;1053|kevin|q2s1a-a1-9b-s2|PENDING|0:00|32|gres:gpu:h100:1;
2026-10-10T05:33:21Z 1051|kevin|s1a-a1-9b-s2|PENDING|0:00|90|N/A;1053|kevin|q2s1a-a1-9b-s2|PENDING|0:00|32|gres:gpu:h100:1;
2026-10-10T05:33:36Z 1051|kevin|s1a-a1-9b-s2|PENDING|0:00|90|N/A;1053|kevin|q2s1a-a1-9b-s2|PENDING|0:00|32|gres:gpu:h100:1;
2026-10-10T05:33:51Z 1051|kevin|s1a-a1-9b-s2|PENDING|0:00|90|N/A;1053|kevin|q2s1a-a1-9b-s2|PENDING|0:00|32|gres:gpu:h100:1;
2026-10-10T05:34:06Z 1051|kevin|s1a-a1-9b-s2|PENDING|0:00|90|N/A;1053|kevin|q2s1a-a1-9b-s2|PENDING|0:00|32|gres:gpu:h100:1;
2026-10-10T05:34:21Z 1051|kevin|s1a-a1-9b-s2|PENDING|0:00|90|N/A;1053|kevin|q2s1a-a1-9b-s2|PENDING|0:00|32|gres:gpu:h100:1;
2026-10-10T05:34:36Z 1051|kevin|s1a-a1-9b-s2|PENDING|0:00|90|N/A;1053|kevin|q2s1a-a1-9b-s2|PENDING|0:00|32|gres:gpu:h100:1;
2026-10-10T05:34:51Z 1051|kevin|s1a-a1-9b-s2|PENDING|0:00|90|N/A;1053|kevin|q2s1a-a1-9b-s2|PENDING|0:00|32|gres:gpu:h100:1;
2026-10-10T05:35:06Z 1051|kevin|s1a-a1-9b-s2|PENDING|0:00|90|N/A;1053|kevin|q2s1a-a1-9b-s2|PENDING|0:00|32|gres:gpu:h100:1;
2026-10-10T05:35:21Z 1051|kevin|s1a-a1-9b-s2|PENDING|0:00|90|N/A;1053|kevin|q2s1a-a1-9b-s2|PENDING|0:00|32|gres:gpu:h100:1;
2026-10-10T05:35:36Z 1051|kevin|s1a-a1-9b-s2|PENDING|0:00|90|N/A;1053|kevin|q2s1a-a1-9b-s2|PENDING|0:00|32|gres:gpu:h100:1;
2026-10-10T05:35:51Z 1051|kevin|s1a-a1-9b-s2|PENDING|0:00|90|N/A;1053|kevin|q2s1a-a1-9b-s2|PENDING|0:00|32|gres:gpu:h100:1;
2026-10-10T05:36:06Z 1051|kevin|s1a-a1-9b-s2|PENDING|0:00|90|N/A;1053|kevin|q2s1a-a1-9b-s2|PENDING|0:00|32|gres:gpu:h100:1;
2026-10-10T05:36:21Z 1051|kevin|s1a-a1-9b-s2|PENDING|0:00|90|N/A;1053|kevin|q2s1a-a1-9b-s2|PENDING|0:00|32|gres:gpu:h100:1;
2026-10-10T05:36:36Z 1051|kevin|s1a-a1-9b-s2|PENDING|0:00|90|N/A;1053|kevin|q2s1a-a1-9b-s2|PENDING|0:00|32|gres:gpu:h100:1;
2026-10-10T05:36:51Z 1051|kevin|s1a-a1-9b-s2|PENDING|0:00|90|N/A;1053|kevin|q2s1a-a1-9b-s2|PENDING|0:00|32|gres:gpu:h100:1;
2026-10-10T05:37:06Z 1051|kevin|s1a-a1-9b-s2|PENDING|0:00|90|N/A;1053|kevin|q2s1a-a1-9b-s2|PENDING|0:00|32|gres:gpu:h100:1;
2026-10-10T05:37:21Z 1051|kevin|s1a-a1-9b-s2|PENDING|0:00|90|N/A;1053|kevin|q2s1a-a1-9b-s2|PENDING|0:00|32|gres:gpu:h100:1;
2026-10-10T05:37:36Z 1051|kevin|s1a-a1-9b-s2|PENDING|0:00|90|N/A;1053|kevin|q2s1a-a1-9b-s2|PENDING|0:00|32|gres:gpu:h100:1;
2026-10-10T05:37:51Z 1051|kevin|s1a-a1-9b-s2|PENDING|0:00|90|N/A;1053|kevin|q2s1a-a1-9b-s2|PENDING|0:00|32|gres:gpu:h100:1;
2026-10-10T05:38:06Z 1051|kevin|s1a-a1-9b-s2|PENDING|0:00|90|N/A;1053|kevin|q2s1a-a1-9b-s2|PENDING|0:00|32|gres:gpu:h100:1;
2026-10-10T05:38:21Z 1051|kevin|s1a-a1-9b-s2|PENDING|0:00|90|N/A;1053|kevin|q2s1a-a1-9b-s2|PENDING|0:00|32|gres:gpu:h100:1;
2026-10-10T05:38:37Z 1051|kevin|s1a-a1-9b-s2|PENDING|0:00|90|N/A;1053|kevin|q2s1a-a1-9b-s2|PENDING|0:00|32|gres:gpu:h100:1;
2026-10-10T05:38:52Z 1051|kevin|s1a-a1-9b-s2|PENDING|0:00|90|N/A;1053|kevin|q2s1a-a1-9b-s2|PENDING|0:00|32|gres:gpu:h100:1;
2026-10-10T05:39:07Z 1051|kevin|s1a-a1-9b-s2|PENDING|0:00|90|N/A;1053|kevin|q2s1a-a1-9b-s2|PENDING|0:00|32|gres:gpu:h100:1;
2026-10-10T05:39:22Z 1051|kevin|s1a-a1-9b-s2|PENDING|0:00|90|N/A;1053|kevin|q2s1a-a1-9b-s2|PENDING|0:00|32|gres:gpu:h100:1;
2026-10-10T05:39:37Z 1051|kevin|s1a-a1-9b-s2|PENDING|0:00|90|N/A;1053|kevin|q2s1a-a1-9b-s2|PENDING|0:00|32|gres:gpu:h100:1;
2026-10-10T05:39:52Z 1051|kevin|s1a-a1-9b-s2|PENDING|0:00|90|N/A;1053|kevin|q2s1a-a1-9b-s2|PENDING|0:00|32|gres:gpu:h100:1;
2026-10-10T05:40:07Z 1051|kevin|s1a-a1-9b-s2|PENDING|0:00|90|N/A;1053|kevin|q2s1a-a1-9b-s2|PENDING|0:00|32|gres:gpu:h100:1;
2026-10-10T05:40:22Z 1051|kevin|s1a-a1-9b-s2|PENDING|0:00|90|N/A;1053|kevin|q2s1a-a1-9b-s2|PENDING|0:00|32|gres:gpu:h100:1;
2026-10-10T05:40:37Z 1051|kevin|s1a-a1-9b-s2|PENDING|0:00|90|N/A;1053|kevin|q2s1a-a1-9b-s2|PENDING|0:00|32|gres:gpu:h100:1;
2026-10-10T05:40:52Z 1051|kevin|s1a-a1-9b-s2|PENDING|0:00|90|N/A;1053|kevin|q2s1a-a1-9b-s2|PENDING|0:00|32|gres:gpu:h100:1;
2026-10-10T05:41:07Z 1051|kevin|s1a-a1-9b-s2|PENDING|0:00|90|N/A;1053|kevin|q2s1a-a1-9b-s2|PENDING|0:00|32|gres:gpu:h100:1;
2026-10-10T05:41:22Z 1051|kevin|s1a-a1-9b-s2|PENDING|0:00|90|N/A;1053|kevin|q2s1a-a1-9b-s2|PENDING|0:00|32|gres:gpu:h100:1;
2026-10-10T05:41:37Z 1051|kevin|s1a-a1-9b-s2|PENDING|0:00|90|N/A;1053|kevin|q2s1a-a1-9b-s2|PENDING|0:00|32|gres:gpu:h100:1;
2026-10-10T05:41:52Z 1051|kevin|s1a-a1-9b-s2|PENDING|0:00|90|N/A;1053|kevin|q2s1a-a1-9b-s2|PENDING|0:00|32|gres:gpu:h100:1;
2026-10-10T05:42:07Z 1051|kevin|s1a-a1-9b-s2|PENDING|0:00|90|N/A;1053|kevin|q2s1a-a1-9b-s2|PENDING|0:00|32|gres:gpu:h100:1;
2026-10-10T05:42:22Z 1051|kevin|s1a-a1-9b-s2|PENDING|0:00|90|N/A;1053|kevin|q2s1a-a1-9b-s2|PENDING|0:00|32|gres:gpu:h100:1;
2026-10-10T05:42:37Z 1051|kevin|s1a-a1-9b-s2|PENDING|0:00|90|N/A;1053|kevin|q2s1a-a1-9b-s2|PENDING|0:00|32|gres:gpu:h100:1;
2026-10-10T05:42:52Z 1051|kevin|s1a-a1-9b-s2|PENDING|0:00|90|N/A;1053|kevin|q2s1a-a1-9b-s2|PENDING|0:00|32|gres:gpu:h100:1;
2026-10-10T05:43:07Z 1051|kevin|s1a-a1-9b-s2|PENDING|0:00|90|N/A;1053|kevin|q2s1a-a1-9b-s2|PENDING|0:00|32|gres:gpu:h100:1;
2026-10-10T05:43:22Z 1051|kevin|s1a-a1-9b-s2|PENDING|0:00|90|N/A;1053|kevin|q2s1a-a1-9b-s2|PENDING|0:00|32|gres:gpu:h100:1;
2026-10-10T05:43:37Z 1051|kevin|s1a-a1-9b-s2|PENDING|0:00|90|N/A;1053|kevin|q2s1a-a1-9b-s2|PENDING|0:00|32|gres:gpu:h100:1;
2026-10-10T05:43:52Z 1051|kevin|s1a-a1-9b-s2|PENDING|0:00|90|N/A;1053|kevin|q2s1a-a1-9b-s2|PENDING|0:00|32|gres:gpu:h100:1;
2026-10-10T05:44:07Z 1051|kevin|s1a-a1-9b-s2|PENDING|0:00|90|N/A;1053|kevin|q2s1a-a1-9b-s2|PENDING|0:00|32|gres:gpu:h100:1;
2026-10-10T05:44:22Z 1051|kevin|s1a-a1-9b-s2|PENDING|0:00|90|N/A;1053|kevin|q2s1a-a1-9b-s2|PENDING|0:00|32|gres:gpu:h100:1;
2026-10-10T05:44:37Z 1051|kevin|s1a-a1-9b-s2|PENDING|0:00|90|N/A;1053|kevin|q2s1a-a1-9b-s2|PENDING|0:00|32|gres:gpu:h100:1;
2026-10-10T05:44:52Z 1051|kevin|s1a-a1-9b-s2|PENDING|0:00|90|N/A;1053|kevin|q2s1a-a1-9b-s2|PENDING|0:00|32|gres:gpu:h100:1;
2026-10-10T05:45:07Z 1051|kevin|s1a-a1-9b-s2|PENDING|0:00|90|N/A;1053|kevin|q2s1a-a1-9b-s2|PENDING|0:00|32|gres:gpu:h100:1;
2026-10-10T05:45:22Z 1051|kevin|s1a-a1-9b-s2|PENDING|0:00|90|N/A;1053|kevin|q2s1a-a1-9b-s2|PENDING|0:00|32|gres:gpu:h100:1;
2026-10-10T05:45:37Z 1051|kevin|s1a-a1-9b-s2|PENDING|0:00|90|N/A;1053|kevin|q2s1a-a1-9b-s2|PENDING|0:00|32|gres:gpu:h100:1;
2026-10-10T05:45:52Z 1051|kevin|s1a-a1-9b-s2|PENDING|0:00|90|N/A;1053|kevin|q2s1a-a1-9b-s2|PENDING|0:00|32|gres:gpu:h100:1;
2026-10-10T05:46:07Z 1051|kevin|s1a-a1-9b-s2|PENDING|0:00|90|N/A;1053|kevin|q2s1a-a1-9b-s2|PENDING|0:00|32|gres:gpu:h100:1;
2026-10-10T05:46:22Z 1051|kevin|s1a-a1-9b-s2|PENDING|0:00|90|N/A;1053|kevin|q2s1a-a1-9b-s2|PENDING|0:00|32|gres:gpu:h100:1;
2026-10-10T05:46:37Z 1051|kevin|s1a-a1-9b-s2|PENDING|0:00|90|N/A;1053|kevin|q2s1a-a1-9b-s2|PENDING|0:00|32|gres:gpu:h100:1;
2026-10-10T05:46:52Z 1051|kevin|s1a-a1-9b-s2|PENDING|0:00|90|N/A;1053|kevin|q2s1a-a1-9b-s2|PENDING|0:00|32|gres:gpu:h100:1;
2026-10-10T05:47:07Z 1051|kevin|s1a-a1-9b-s2|PENDING|0:00|90|N/A;1053|kevin|q2s1a-a1-9b-s2|PENDING|0:00|32|gres:gpu:h100:1;
2026-10-10T05:47:22Z 1051|kevin|s1a-a1-9b-s2|PENDING|0:00|90|N/A;1053|kevin|q2s1a-a1-9b-s2|PENDING|0:00|32|gres:gpu:h100:1;
2026-10-10T05:47:37Z 1051|kevin|s1a-a1-9b-s2|PENDING|0:00|90|N/A;1053|kevin|q2s1a-a1-9b-s2|PENDING|0:00|32|gres:gpu:h100:1;
2026-10-10T05:47:52Z 1051|kevin|s1a-a1-9b-s2|PENDING|0:00|90|N/A;1053|kevin|q2s1a-a1-9b-s2|PENDING|0:00|32|gres:gpu:h100:1;
2026-10-10T05:48:07Z 1051|kevin|s1a-a1-9b-s2|PENDING|0:00|90|N/A;1053|kevin|q2s1a-a1-9b-s2|PENDING|0:00|32|gres:gpu:h100:1;
2026-10-10T05:48:22Z 1051|kevin|s1a-a1-9b-s2|PENDING|0:00|90|N/A;1053|kevin|q2s1a-a1-9b-s2|PENDING|0:00|32|gres:gpu:h100:1;
2026-10-10T05:48:37Z 1051|kevin|s1a-a1-9b-s2|PENDING|0:00|90|N/A;1053|kevin|q2s1a-a1-9b-s2|PENDING|0:00|32|gres:gpu:h100:1;
2026-10-10T05:48:52Z 1051|kevin|s1a-a1-9b-s2|PENDING|0:00|90|N/A;1053|kevin|q2s1a-a1-9b-s2|PENDING|0:00|32|gres:gpu:h100:1;
2026-10-10T05:49:07Z 1051|kevin|s1a-a1-9b-s2|PENDING|0:00|90|N/A;1053|kevin|q2s1a-a1-9b-s2|PENDING|0:00|32|gres:gpu:h100:1;
2026-10-10T05:49:22Z 1051|kevin|s1a-a1-9b-s2|PENDING|0:00|90|N/A;1053|kevin|q2s1a-a1-9b-s2|PENDING|0:00|32|gres:gpu:h100:1;
2026-10-10T05:49:37Z 1051|kevin|s1a-a1-9b-s2|PENDING|0:00|90|N/A;1053|kevin|q2s1a-a1-9b-s2|PENDING|0:00|32|gres:gpu:h100:1;
2026-10-10T05:49:52Z 1051|kevin|s1a-a1-9b-s2|PENDING|0:00|90|N/A;1053|kevin|q2s1a-a1-9b-s2|PENDING|0:00|32|gres:gpu:h100:1;
2026-10-10T05:50:07Z 1051|kevin|s1a-a1-9b-s2|PENDING|0:00|90|N/A;1053|kevin|q2s1a-a1-9b-s2|PENDING|0:00|32|gres:gpu:h100:1;
2026-10-10T05:50:23Z 1051|kevin|s1a-a1-9b-s2|PENDING|0:00|90|N/A;1053|kevin|q2s1a-a1-9b-s2|PENDING|0:00|32|gres:gpu:h100:1;
2026-10-10T05:50:38Z 1051|kevin|s1a-a1-9b-s2|PENDING|0:00|90|N/A;1053|kevin|q2s1a-a1-9b-s2|PENDING|0:00|32|gres:gpu:h100:1;
2026-10-10T05:50:53Z 1051|kevin|s1a-a1-9b-s2|PENDING|0:00|90|N/A;1053|kevin|q2s1a-a1-9b-s2|PENDING|0:00|32|gres:gpu:h100:1;
2026-10-10T05:51:08Z 1051|kevin|s1a-a1-9b-s2|PENDING|0:00|90|N/A;1053|kevin|q2s1a-a1-9b-s2|PENDING|0:00|32|gres:gpu:h100:1;
2026-10-10T05:51:23Z 1051|kevin|s1a-a1-9b-s2|PENDING|0:00|90|N/A;1053|kevin|q2s1a-a1-9b-s2|PENDING|0:00|32|gres:gpu:h100:1;
2026-10-10T05:51:38Z 1051|kevin|s1a-a1-9b-s2|PENDING|0:00|90|N/A;1053|kevin|q2s1a-a1-9b-s2|PENDING|0:00|32|gres:gpu:h100:1;
2026-10-10T05:51:53Z 1051|kevin|s1a-a1-9b-s2|PENDING|0:00|90|N/A;1053|kevin|q2s1a-a1-9b-s2|PENDING|0:00|32|gres:gpu:h100:1;
2026-10-10T05:52:08Z 1051|kevin|s1a-a1-9b-s2|PENDING|0:00|90|N/A;1053|kevin|q2s1a-a1-9b-s2|PENDING|0:00|32|gres:gpu:h100:1;
2026-10-10T05:52:23Z 1051|kevin|s1a-a1-9b-s2|PENDING|0:00|90|N/A;1053|kevin|q2s1a-a1-9b-s2|PENDING|0:00|32|gres:gpu:h100:1;
2026-10-10T05:52:38Z 1051|kevin|s1a-a1-9b-s2|PENDING|0:00|90|N/A;1053|kevin|q2s1a-a1-9b-s2|PENDING|0:00|32|gres:gpu:h100:1;
2026-10-10T05:52:53Z 1051|kevin|s1a-a1-9b-s2|PENDING|0:00|90|N/A;1053|kevin|q2s1a-a1-9b-s2|PENDING|0:00|32|gres:gpu:h100:1;
2026-10-10T05:53:08Z 1051|kevin|s1a-a1-9b-s2|PENDING|0:00|90|N/A;1053|kevin|q2s1a-a1-9b-s2|PENDING|0:00|32|gres:gpu:h100:1;
2026-10-10T05:53:23Z 1051|kevin|s1a-a1-9b-s2|PENDING|0:00|90|N/A;1053|kevin|q2s1a-a1-9b-s2|PENDING|0:00|32|gres:gpu:h100:1;
2026-10-10T05:53:38Z 1051|kevin|s1a-a1-9b-s2|PENDING|0:00|90|N/A;1053|kevin|q2s1a-a1-9b-s2|PENDING|0:00|32|gres:gpu:h100:1;
2026-10-10T05:53:53Z 1051|kevin|s1a-a1-9b-s2|PENDING|0:00|90|N/A;1053|kevin|q2s1a-a1-9b-s2|PENDING|0:00|32|gres:gpu:h100:1;
2026-10-10T05:54:08Z 1051|kevin|s1a-a1-9b-s2|PENDING|0:00|90|N/A;1053|kevin|q2s1a-a1-9b-s2|PENDING|0:00|32|gres:gpu:h100:1;
2026-10-10T05:54:23Z 1051|kevin|s1a-a1-9b-s2|PENDING|0:00|90|N/A;1053|kevin|q2s1a-a1-9b-s2|PENDING|0:00|32|gres:gpu:h100:1;
2026-10-10T05:54:38Z 1051|kevin|s1a-a1-9b-s2|PENDING|0:00|90|N/A;1053|kevin|q2s1a-a1-9b-s2|PENDING|0:00|32|gres:gpu:h100:1;
2026-10-10T05:54:53Z 1051|kevin|s1a-a1-9b-s2|PENDING|0:00|90|N/A;1053|kevin|q2s1a-a1-9b-s2|PENDING|0:00|32|gres:gpu:h100:1;
2026-10-10T05:55:08Z 1051|kevin|s1a-a1-9b-s2|PENDING|0:00|90|N/A;1053|kevin|q2s1a-a1-9b-s2|PENDING|0:00|32|gres:gpu:h100:1;
2026-10-10T05:55:23Z 1051|kevin|s1a-a1-9b-s2|PENDING|0:00|90|N/A;1053|kevin|q2s1a-a1-9b-s2|PENDING|0:00|32|gres:gpu:h100:1;
2026-10-10T05:55:38Z 1051|kevin|s1a-a1-9b-s2|PENDING|0:00|90|N/A;1053|kevin|q2s1a-a1-9b-s2|PENDING|0:00|32|gres:gpu:h100:1;
2026-10-10T05:55:53Z 1051|kevin|s1a-a1-9b-s2|PENDING|0:00|90|N/A;1053|kevin|q2s1a-a1-9b-s2|PENDING|0:00|32|gres:gpu:h100:1;
2026-10-10T05:56:08Z 1051|kevin|s1a-a1-9b-s2|PENDING|0:00|90|N/A;1053|kevin|q2s1a-a1-9b-s2|PENDING|0:00|32|gres:gpu:h100:1;
2026-10-10T05:56:23Z 1051|kevin|s1a-a1-9b-s2|PENDING|0:00|90|N/A;1053|kevin|q2s1a-a1-9b-s2|PENDING|0:00|32|gres:gpu:h100:1;
2026-10-10T05:56:38Z 1051|kevin|s1a-a1-9b-s2|PENDING|0:00|90|N/A;1053|kevin|q2s1a-a1-9b-s2|PENDING|0:00|32|gres:gpu:h100:1;
2026-10-10T05:56:53Z 1051|kevin|s1a-a1-9b-s2|PENDING|0:00|90|N/A;1053|kevin|q2s1a-a1-9b-s2|PENDING|0:00|32|gres:gpu:h100:1;
2026-10-10T05:57:08Z 1051|kevin|s1a-a1-9b-s2|PENDING|0:00|90|N/A;1053|kevin|q2s1a-a1-9b-s2|PENDING|0:00|32|gres:gpu:h100:1;
2026-10-10T05:57:23Z 1051|kevin|s1a-a1-9b-s2|PENDING|0:00|90|N/A;1053|kevin|q2s1a-a1-9b-s2|PENDING|0:00|32|gres:gpu:h100:1;
2026-10-10T05:57:38Z 1051|kevin|s1a-a1-9b-s2|PENDING|0:00|90|N/A;1053|kevin|q2s1a-a1-9b-s2|PENDING|0:00|32|gres:gpu:h100:1;
2026-10-10T05:57:53Z 1051|kevin|s1a-a1-9b-s2|PENDING|0:00|90|N/A;1053|kevin|q2s1a-a1-9b-s2|PENDING|0:00|32|gres:gpu:h100:1;
2026-10-10T05:58:08Z 1051|kevin|s1a-a1-9b-s2|PENDING|0:00|90|N/A;1053|kevin|q2s1a-a1-9b-s2|PENDING|0:00|32|gres:gpu:h100:1;
2026-10-10T05:58:23Z 1051|kevin|s1a-a1-9b-s2|PENDING|0:00|90|N/A;1053|kevin|q2s1a-a1-9b-s2|PENDING|0:00|32|gres:gpu:h100:1;
2026-10-10T05:58:38Z 1051|kevin|s1a-a1-9b-s2|PENDING|0:00|90|N/A;1053|kevin|q2s1a-a1-9b-s2|PENDING|0:00|32|gres:gpu:h100:1;
2026-10-10T05:58:53Z 1051|kevin|s1a-a1-9b-s2|PENDING|0:00|90|N/A;1053|kevin|q2s1a-a1-9b-s2|PENDING|0:00|32|gres:gpu:h100:1;
2026-10-10T05:59:08Z 1051|kevin|s1a-a1-9b-s2|PENDING|0:00|90|N/A;1053|kevin|q2s1a-a1-9b-s2|PENDING|0:00|32|gres:gpu:h100:1;
2026-10-10T05:59:23Z 1051|kevin|s1a-a1-9b-s2|PENDING|0:00|90|N/A;1053|kevin|q2s1a-a1-9b-s2|PENDING|0:00|32|gres:gpu:h100:1;
2026-10-10T05:59:38Z 1051|kevin|s1a-a1-9b-s2|PENDING|0:00|90|N/A;1053|kevin|q2s1a-a1-9b-s2|PENDING|0:00|32|gres:gpu:h100:1;
2026-10-10T05:59:53Z 1051|kevin|s1a-a1-9b-s2|PENDING|0:00|90|N/A;1053|kevin|q2s1a-a1-9b-s2|PENDING|0:00|32|gres:gpu:h100:1;
2026-10-10T06:00:08Z 1051|kevin|s1a-a1-9b-s2|PENDING|0:00|90|N/A;1053|kevin|q2s1a-a1-9b-s2|PENDING|0:00|32|gres:gpu:h100:1;
2026-10-10T06:00:23Z 1051|kevin|s1a-a1-9b-s2|PENDING|0:00|90|N/A;1053|kevin|q2s1a-a1-9b-s2|PENDING|0:00|32|gres:gpu:h100:1;
2026-10-10T06:00:38Z 1051|kevin|s1a-a1-9b-s2|PENDING|0:00|90|N/A;1053|kevin|q2s1a-a1-9b-s2|PENDING|0:00|32|gres:gpu:h100:1;
2026-10-10T06:00:53Z 1051|kevin|s1a-a1-9b-s2|PENDING|0:00|90|N/A;1053|kevin|q2s1a-a1-9b-s2|PENDING|0:00|32|gres:gpu:h100:1;
2026-10-10T06:01:08Z 1051|kevin|s1a-a1-9b-s2|PENDING|0:00|90|N/A;1053|kevin|q2s1a-a1-9b-s2|PENDING|0:00|32|gres:gpu:h100:1;
2026-10-10T06:01:23Z 1051|kevin|s1a-a1-9b-s2|PENDING|0:00|90|N/A;1053|kevin|q2s1a-a1-9b-s2|PENDING|0:00|32|gres:gpu:h100:1;
2026-10-10T06:01:38Z 1051|kevin|s1a-a1-9b-s2|PENDING|0:00|90|N/A;1053|kevin|q2s1a-a1-9b-s2|PENDING|0:00|32|gres:gpu:h100:1;
2026-10-10T06:01:53Z 1051|kevin|s1a-a1-9b-s2|PENDING|0:00|90|N/A;1053|kevin|q2s1a-a1-9b-s2|PENDING|0:00|32|gres:gpu:h100:1;
2026-10-10T06:02:08Z 1051|kevin|s1a-a1-9b-s2|PENDING|0:00|90|N/A;1053|kevin|q2s1a-a1-9b-s2|PENDING|0:00|32|gres:gpu:h100:1;
2026-10-10T06:02:24Z 1051|kevin|s1a-a1-9b-s2|PENDING|0:00|90|N/A;1053|kevin|q2s1a-a1-9b-s2|PENDING|0:00|32|gres:gpu:h100:1;
2026-10-10T06:02:39Z 1051|kevin|s1a-a1-9b-s2|PENDING|0:00|90|N/A;1053|kevin|q2s1a-a1-9b-s2|PENDING|0:00|32|gres:gpu:h100:1;
2026-10-10T06:02:54Z 1051|kevin|s1a-a1-9b-s2|PENDING|0:00|90|N/A;1053|kevin|q2s1a-a1-9b-s2|PENDING|0:00|32|gres:gpu:h100:1;
2026-10-10T06:03:09Z 1051|kevin|s1a-a1-9b-s2|PENDING|0:00|90|N/A;1053|kevin|q2s1a-a1-9b-s2|PENDING|0:00|32|gres:gpu:h100:1;
2026-10-10T06:03:24Z 1051|kevin|s1a-a1-9b-s2|PENDING|0:00|90|N/A;1053|kevin|q2s1a-a1-9b-s2|PENDING|0:00|32|gres:gpu:h100:1;
2026-10-10T06:03:39Z 1051|kevin|s1a-a1-9b-s2|PENDING|0:00|90|N/A;1053|kevin|q2s1a-a1-9b-s2|PENDING|0:00|32|gres:gpu:h100:1;
2026-10-10T06:03:54Z 1051|kevin|s1a-a1-9b-s2|PENDING|0:00|90|N/A;1053|kevin|q2s1a-a1-9b-s2|PENDING|0:00|32|gres:gpu:h100:1;
2026-10-10T06:04:09Z 1051|kevin|s1a-a1-9b-s2|PENDING|0:00|90|N/A;1053|kevin|q2s1a-a1-9b-s2|PENDING|0:00|32|gres:gpu:h100:1;
2026-10-10T06:04:24Z 1051|kevin|s1a-a1-9b-s2|PENDING|0:00|90|N/A;1053|kevin|q2s1a-a1-9b-s2|PENDING|0:00|32|gres:gpu:h100:1;
2026-10-10T06:04:39Z 1051|kevin|s1a-a1-9b-s2|PENDING|0:00|90|N/A;1053|kevin|q2s1a-a1-9b-s2|PENDING|0:00|32|gres:gpu:h100:1;
2026-10-10T06:04:54Z 1051|kevin|s1a-a1-9b-s2|PENDING|0:00|90|N/A;1053|kevin|q2s1a-a1-9b-s2|PENDING|0:00|32|gres:gpu:h100:1;
2026-10-10T06:05:09Z 1051|kevin|s1a-a1-9b-s2|PENDING|0:00|90|N/A;1053|kevin|q2s1a-a1-9b-s2|PENDING|0:00|32|gres:gpu:h100:1;
2026-10-10T06:05:24Z 1051|kevin|s1a-a1-9b-s2|PENDING|0:00|90|N/A;1053|kevin|q2s1a-a1-9b-s2|PENDING|0:00|32|gres:gpu:h100:1;
2026-10-10T06:05:39Z 1051|kevin|s1a-a1-9b-s2|PENDING|0:00|90|N/A;1053|kevin|q2s1a-a1-9b-s2|PENDING|0:00|32|gres:gpu:h100:1;
2026-10-10T06:05:54Z 1051|kevin|s1a-a1-9b-s2|PENDING|0:00|90|N/A;1053|kevin|q2s1a-a1-9b-s2|PENDING|0:00|32|gres:gpu:h100:1;
2026-10-10T06:06:09Z 1051|kevin|s1a-a1-9b-s2|PENDING|0:00|90|N/A;1053|kevin|q2s1a-a1-9b-s2|PENDING|0:00|32|gres:gpu:h100:1;
2026-10-10T06:06:24Z 1051|kevin|s1a-a1-9b-s2|PENDING|0:00|90|N/A;1053|kevin|q2s1a-a1-9b-s2|PENDING|0:00|32|gres:gpu:h100:1;
2026-10-10T06:06:39Z 1051|kevin|s1a-a1-9b-s2|PENDING|0:00|90|N/A;1053|kevin|q2s1a-a1-9b-s2|PENDING|0:00|32|gres:gpu:h100:1;
2026-10-10T06:06:54Z 1051|kevin|s1a-a1-9b-s2|PENDING|0:00|90|N/A;1053|kevin|q2s1a-a1-9b-s2|PENDING|0:00|32|gres:gpu:h100:1;
2026-10-10T06:07:09Z 1051|kevin|s1a-a1-9b-s2|PENDING|0:00|90|N/A;1053|kevin|q2s1a-a1-9b-s2|PENDING|0:00|32|gres:gpu:h100:1;
2026-10-10T06:07:24Z 1051|kevin|s1a-a1-9b-s2|PENDING|0:00|90|N/A;1053|kevin|q2s1a-a1-9b-s2|PENDING|0:00|32|gres:gpu:h100:1;
2026-10-10T06:07:39Z 1051|kevin|s1a-a1-9b-s2|PENDING|0:00|90|N/A;1053|kevin|q2s1a-a1-9b-s2|PENDING|0:00|32|gres:gpu:h100:1;
2026-10-10T06:07:54Z 1051|kevin|s1a-a1-9b-s2|PENDING|0:00|90|N/A;1053|kevin|q2s1a-a1-9b-s2|PENDING|0:00|32|gres:gpu:h100:1;
2026-10-10T06:08:09Z 1051|kevin|s1a-a1-9b-s2|PENDING|0:00|90|N/A;1053|kevin|q2s1a-a1-9b-s2|PENDING|0:00|32|gres:gpu:h100:1;
2026-10-10T06:08:24Z 1051|kevin|s1a-a1-9b-s2|PENDING|0:00|90|N/A;1053|kevin|q2s1a-a1-9b-s2|PENDING|0:00|32|gres:gpu:h100:1;
2026-10-10T06:08:39Z 1051|kevin|s1a-a1-9b-s2|PENDING|0:00|90|N/A;1053|kevin|q2s1a-a1-9b-s2|PENDING|0:00|32|gres:gpu:h100:1;
2026-10-10T06:08:54Z 1051|kevin|s1a-a1-9b-s2|PENDING|0:00|90|N/A;1053|kevin|q2s1a-a1-9b-s2|PENDING|0:00|32|gres:gpu:h100:1;
2026-10-10T06:09:09Z 1051|kevin|s1a-a1-9b-s2|PENDING|0:00|90|N/A;1053|kevin|q2s1a-a1-9b-s2|PENDING|0:00|32|gres:gpu:h100:1;
2026-10-10T06:09:24Z 1051|kevin|s1a-a1-9b-s2|PENDING|0:00|90|N/A;1053|kevin|q2s1a-a1-9b-s2|PENDING|0:00|32|gres:gpu:h100:1;
2026-10-10T06:09:39Z 1051|kevin|s1a-a1-9b-s2|PENDING|0:00|90|N/A;1053|kevin|q2s1a-a1-9b-s2|PENDING|0:00|32|gres:gpu:h100:1;
2026-10-10T06:09:54Z 1051|kevin|s1a-a1-9b-s2|PENDING|0:00|90|N/A;1053|kevin|q2s1a-a1-9b-s2|PENDING|0:00|32|gres:gpu:h100:1;
2026-10-10T06:10:09Z 1051|kevin|s1a-a1-9b-s2|PENDING|0:00|90|N/A;1053|kevin|q2s1a-a1-9b-s2|PENDING|0:00|32|gres:gpu:h100:1;
2026-10-10T06:10:24Z 1051|kevin|s1a-a1-9b-s2|PENDING|0:00|90|N/A;1053|kevin|q2s1a-a1-9b-s2|PENDING|0:00|32|gres:gpu:h100:1;
2026-10-10T06:10:39Z 1051|kevin|s1a-a1-9b-s2|PENDING|0:00|90|N/A;1053|kevin|q2s1a-a1-9b-s2|PENDING|0:00|32|gres:gpu:h100:1;
2026-10-10T06:10:54Z 1051|kevin|s1a-a1-9b-s2|PENDING|0:00|90|N/A;1053|kevin|q2s1a-a1-9b-s2|PENDING|0:00|32|gres:gpu:h100:1;
2026-10-10T06:11:09Z 1051|kevin|s1a-a1-9b-s2|PENDING|0:00|90|N/A;1053|kevin|q2s1a-a1-9b-s2|PENDING|0:00|32|gres:gpu:h100:1;
2026-10-10T06:11:24Z 1051|kevin|s1a-a1-9b-s2|PENDING|0:00|90|N/A;1053|kevin|q2s1a-a1-9b-s2|PENDING|0:00|32|gres:gpu:h100:1;
2026-10-10T06:11:39Z 1051|kevin|s1a-a1-9b-s2|PENDING|0:00|90|N/A;1053|kevin|q2s1a-a1-9b-s2|PENDING|0:00|32|gres:gpu:h100:1;
2026-10-10T06:11:54Z 1051|kevin|s1a-a1-9b-s2|PENDING|0:00|90|N/A;1053|kevin|q2s1a-a1-9b-s2|PENDING|0:00|32|gres:gpu:h100:1;
2026-10-10T06:12:09Z 1051|kevin|s1a-a1-9b-s2|PENDING|0:00|90|N/A;1053|kevin|q2s1a-a1-9b-s2|PENDING|0:00|32|gres:gpu:h100:1;
2026-10-10T06:12:24Z 1051|kevin|s1a-a1-9b-s2|PENDING|0:00|90|N/A;1053|kevin|q2s1a-a1-9b-s2|PENDING|0:00|32|gres:gpu:h100:1;
2026-10-10T06:12:39Z 1051|kevin|s1a-a1-9b-s2|PENDING|0:00|90|N/A;1053|kevin|q2s1a-a1-9b-s2|PENDING|0:00|32|gres:gpu:h100:1;
2026-10-10T06:12:54Z 1051|kevin|s1a-a1-9b-s2|PENDING|0:00|90|N/A;1053|kevin|q2s1a-a1-9b-s2|PENDING|0:00|32|gres:gpu:h100:1;
2026-10-10T06:13:09Z 1051|kevin|s1a-a1-9b-s2|PENDING|0:00|90|N/A;1053|kevin|q2s1a-a1-9b-s2|PENDING|0:00|32|gres:gpu:h100:1;
2026-10-10T06:13:24Z 1051|kevin|s1a-a1-9b-s2|PENDING|0:00|90|N/A;1053|kevin|q2s1a-a1-9b-s2|PENDING|0:00|32|gres:gpu:h100:1;
2026-10-10T06:13:39Z 1051|kevin|s1a-a1-9b-s2|PENDING|0:00|90|N/A;1053|kevin|q2s1a-a1-9b-s2|PENDING|0:00|32|gres:gpu:h100:1;
2026-10-10T06:13:54Z 1051|kevin|s1a-a1-9b-s2|PENDING|0:00|90|N/A;1053|kevin|q2s1a-a1-9b-s2|PENDING|0:00|32|gres:gpu:h100:1;
2026-10-10T06:14:10Z 1051|kevin|s1a-a1-9b-s2|PENDING|0:00|90|N/A;1053|kevin|q2s1a-a1-9b-s2|PENDING|0:00|32|gres:gpu:h100:1;
2026-10-10T06:14:25Z 1051|kevin|s1a-a1-9b-s2|PENDING|0:00|90|N/A;1053|kevin|q2s1a-a1-9b-s2|PENDING|0:00|32|gres:gpu:h100:1;
2026-10-10T06:14:40Z 1051|kevin|s1a-a1-9b-s2|PENDING|0:00|90|N/A;1053|kevin|q2s1a-a1-9b-s2|PENDING|0:00|32|gres:gpu:h100:1;
2026-10-10T06:14:55Z 1051|kevin|s1a-a1-9b-s2|PENDING|0:00|90|N/A;1053|kevin|q2s1a-a1-9b-s2|PENDING|0:00|32|gres:gpu:h100:1;
2026-10-10T06:15:10Z 1051|kevin|s1a-a1-9b-s2|PENDING|0:00|90|N/A;1053|kevin|q2s1a-a1-9b-s2|PENDING|0:00|32|gres:gpu:h100:1;
2026-10-10T06:15:25Z 1051|kevin|s1a-a1-9b-s2|PENDING|0:00|90|N/A;1053|kevin|q2s1a-a1-9b-s2|PENDING|0:00|32|gres:gpu:h100:1;
2026-10-10T06:15:40Z 1051|kevin|s1a-a1-9b-s2|PENDING|0:00|90|N/A;1053|kevin|q2s1a-a1-9b-s2|PENDING|0:00|32|gres:gpu:h100:1;
2026-10-10T06:15:55Z 1051|kevin|s1a-a1-9b-s2|PENDING|0:00|90|N/A;1053|kevin|q2s1a-a1-9b-s2|PENDING|0:00|32|gres:gpu:h100:1;
2026-10-10T06:16:10Z 1051|kevin|s1a-a1-9b-s2|PENDING|0:00|90|N/A;1053|kevin|q2s1a-a1-9b-s2|PENDING|0:00|32|gres:gpu:h100:1;
2026-10-10T06:16:25Z 1051|kevin|s1a-a1-9b-s2|PENDING|0:00|90|N/A;1053|kevin|q2s1a-a1-9b-s2|PENDING|0:00|32|gres:gpu:h100:1;
2026-10-10T06:16:40Z 1051|kevin|s1a-a1-9b-s2|PENDING|0:00|90|N/A;1053|kevin|q2s1a-a1-9b-s2|PENDING|0:00|32|gres:gpu:h100:1;
2026-10-10T06:16:55Z 1051|kevin|s1a-a1-9b-s2|PENDING|0:00|90|N/A;1053|kevin|q2s1a-a1-9b-s2|PENDING|0:00|32|gres:gpu:h100:1;
2026-10-10T06:17:10Z 1051|kevin|s1a-a1-9b-s2|PENDING|0:00|90|N/A;1053|kevin|q2s1a-a1-9b-s2|PENDING|0:00|32|gres:gpu:h100:1;
2026-10-10T06:17:25Z 1051|kevin|s1a-a1-9b-s2|PENDING|0:00|90|N/A;1053|kevin|q2s1a-a1-9b-s2|PENDING|0:00|32|gres:gpu:h100:1;
2026-10-10T06:17:40Z 1051|kevin|s1a-a1-9b-s2|PENDING|0:00|90|N/A;1053|kevin|q2s1a-a1-9b-s2|PENDING|0:00|32|gres:gpu:h100:1;
2026-10-10T06:17:55Z 1051|kevin|s1a-a1-9b-s2|PENDING|0:00|90|N/A;1053|kevin|q2s1a-a1-9b-s2|PENDING|0:00|32|gres:gpu:h100:1;
2026-10-10T06:18:10Z 1051|kevin|s1a-a1-9b-s2|PENDING|0:00|90|N/A;1053|kevin|q2s1a-a1-9b-s2|PENDING|0:00|32|gres:gpu:h100:1;
2026-10-10T06:18:25Z 1051|kevin|s1a-a1-9b-s2|PENDING|0:00|90|N/A;1053|kevin|q2s1a-a1-9b-s2|PENDING|0:00|32|gres:gpu:h100:1;
2026-10-10T06:18:40Z 1051|kevin|s1a-a1-9b-s2|PENDING|0:00|90|N/A;1053|kevin|q2s1a-a1-9b-s2|PENDING|0:00|32|gres:gpu:h100:1;
2026-10-10T06:18:55Z 1051|kevin|s1a-a1-9b-s2|PENDING|0:00|90|N/A;1053|kevin|q2s1a-a1-9b-s2|PENDING|0:00|32|gres:gpu:h100:1;
2026-10-10T06:19:10Z 1051|kevin|s1a-a1-9b-s2|PENDING|0:00|90|N/A;1053|kevin|q2s1a-a1-9b-s2|PENDING|0:00|32|gres:gpu:h100:1;
2026-10-10T06:19:25Z 1051|kevin|s1a-a1-9b-s2|PENDING|0:00|90|N/A;1053|kevin|q2s1a-a1-9b-s2|PENDING|0:00|32|gres:gpu:h100:1;
2026-10-10T06:19:40Z 1051|kevin|s1a-a1-9b-s2|PENDING|0:00|90|N/A;1053|kevin|q2s1a-a1-9b-s2|PENDING|0:00|32|gres:gpu:h100:1;
2026-10-10T06:19:55Z 1051|kevin|s1a-a1-9b-s2|PENDING|0:00|90|N/A;1053|kevin|q2s1a-a1-9b-s2|PENDING|0:00|32|gres:gpu:h100:1;
2026-10-10T06:20:10Z 1051|kevin|s1a-a1-9b-s2|PENDING|0:00|90|N/A;1053|kevin|q2s1a-a1-9b-s2|PENDING|0:00|32|gres:gpu:h100:1;
2026-10-10T06:20:25Z 1051|kevin|s1a-a1-9b-s2|PENDING|0:00|90|N/A;1053|kevin|q2s1a-a1-9b-s2|PENDING|0:00|32|gres:gpu:h100:1;
2026-10-10T06:20:40Z 1051|kevin|s1a-a1-9b-s2|PENDING|0:00|90|N/A;1053|kevin|q2s1a-a1-9b-s2|PENDING|0:00|32|gres:gpu:h100:1;
2026-10-10T06:20:55Z 1051|kevin|s1a-a1-9b-s2|PENDING|0:00|90|N/A;1053|kevin|q2s1a-a1-9b-s2|PENDING|0:00|32|gres:gpu:h100:1;
2026-10-10T06:21:10Z 1051|kevin|s1a-a1-9b-s2|PENDING|0:00|90|N/A;1053|kevin|q2s1a-a1-9b-s2|PENDING|0:00|32|gres:gpu:h100:1;
2026-10-10T06:21:25Z 1051|kevin|s1a-a1-9b-s2|PENDING|0:00|90|N/A;1053|kevin|q2s1a-a1-9b-s2|PENDING|0:00|32|gres:gpu:h100:1;
2026-10-10T06:21:40Z 1051|kevin|s1a-a1-9b-s2|PENDING|0:00|90|N/A;1053|kevin|q2s1a-a1-9b-s2|PENDING|0:00|32|gres:gpu:h100:1;
2026-10-10T06:21:55Z 1051|kevin|s1a-a1-9b-s2|PENDING|0:00|90|N/A;1053|kevin|q2s1a-a1-9b-s2|PENDING|0:00|32|gres:gpu:h100:1;
2026-10-10T06:22:10Z 1051|kevin|s1a-a1-9b-s2|PENDING|0:00|90|N/A;1053|kevin|q2s1a-a1-9b-s2|PENDING|0:00|32|gres:gpu:h100:1;
2026-10-10T06:22:25Z 1051|kevin|s1a-a1-9b-s2|PENDING|0:00|90|N/A;1053|kevin|q2s1a-a1-9b-s2|PENDING|0:00|32|gres:gpu:h100:1;
2026-10-10T06:22:40Z 1051|kevin|s1a-a1-9b-s2|PENDING|0:00|90|N/A;1053|kevin|q2s1a-a1-9b-s2|PENDING|0:00|32|gres:gpu:h100:1;
2026-10-10T06:22:55Z 1051|kevin|s1a-a1-9b-s2|PENDING|0:00|90|N/A;1053|kevin|q2s1a-a1-9b-s2|PENDING|0:00|32|gres:gpu:h100:1;
2026-10-10T06:23:10Z 1051|kevin|s1a-a1-9b-s2|PENDING|0:00|90|N/A;1053|kevin|q2s1a-a1-9b-s2|PENDING|0:00|32|gres:gpu:h100:1;
2026-10-10T06:23:25Z 1051|kevin|s1a-a1-9b-s2|PENDING|0:00|90|N/A;1053|kevin|q2s1a-a1-9b-s2|PENDING|0:00|32|gres:gpu:h100:1;
2026-10-10T06:23:40Z 1051|kevin|s1a-a1-9b-s2|PENDING|0:00|90|N/A;1053|kevin|q2s1a-a1-9b-s2|PENDING|0:00|32|gres:gpu:h100:1;
2026-10-10T06:23:55Z 1051|kevin|s1a-a1-9b-s2|PENDING|0:00|90|N/A;1053|kevin|q2s1a-a1-9b-s2|PENDING|0:00|32|gres:gpu:h100:1;
2026-10-10T06:24:10Z 1051|kevin|s1a-a1-9b-s2|PENDING|0:00|90|N/A;1053|kevin|q2s1a-a1-9b-s2|PENDING|0:00|32|gres:gpu:h100:1;
2026-10-10T06:24:25Z 1051|kevin|s1a-a1-9b-s2|PENDING|0:00|90|N/A;1053|kevin|q2s1a-a1-9b-s2|PENDING|0:00|32|gres:gpu:h100:1;
2026-10-10T06:24:40Z 1051|kevin|s1a-a1-9b-s2|PENDING|0:00|90|N/A;1053|kevin|q2s1a-a1-9b-s2|PENDING|0:00|32|gres:gpu:h100:1;
2026-10-10T06:24:55Z 1051|kevin|s1a-a1-9b-s2|PENDING|0:00|90|N/A;1053|kevin|q2s1a-a1-9b-s2|PENDING|0:00|32|gres:gpu:h100:1;
2026-10-10T06:25:10Z 1051|kevin|s1a-a1-9b-s2|PENDING|0:00|90|N/A;1053|kevin|q2s1a-a1-9b-s2|PENDING|0:00|32|gres:gpu:h100:1;
2026-10-10T06:25:25Z 1051|kevin|s1a-a1-9b-s2|PENDING|0:00|90|N/A;1053|kevin|q2s1a-a1-9b-s2|PENDING|0:00|32|gres:gpu:h100:1;
2026-10-10T06:25:40Z 1051|kevin|s1a-a1-9b-s2|PENDING|0:00|90|N/A;1053|kevin|q2s1a-a1-9b-s2|PENDING|0:00|32|gres:gpu:h100:1;
2026-10-10T06:25:55Z 1051|kevin|s1a-a1-9b-s2|PENDING|0:00|90|N/A;1053|kevin|q2s1a-a1-9b-s2|PENDING|0:00|32|gres:gpu:h100:1;
2026-10-10T06:26:11Z 1051|kevin|s1a-a1-9b-s2|PENDING|0:00|90|N/A;1053|kevin|q2s1a-a1-9b-s2|PENDING|0:00|32|gres:gpu:h100:1;
2026-10-10T06:26:26Z 1051|kevin|s1a-a1-9b-s2|PENDING|0:00|90|N/A;1053|kevin|q2s1a-a1-9b-s2|PENDING|0:00|32|gres:gpu:h100:1;
2026-10-10T06:26:41Z 1051|kevin|s1a-a1-9b-s2|PENDING|0:00|90|N/A;1053|kevin|q2s1a-a1-9b-s2|PENDING|0:00|32|gres:gpu:h100:1;
2026-10-10T06:26:56Z 1051|kevin|s1a-a1-9b-s2|PENDING|0:00|90|N/A;1053|kevin|q2s1a-a1-9b-s2|PENDING|0:00|32|gres:gpu:h100:1;
2026-10-10T06:27:11Z 1051|kevin|s1a-a1-9b-s2|PENDING|0:00|90|N/A;1053|kevin|q2s1a-a1-9b-s2|PENDING|0:00|32|gres:gpu:h100:1;
2026-10-10T06:27:26Z 1051|kevin|s1a-a1-9b-s2|PENDING|0:00|90|N/A;1053|kevin|q2s1a-a1-9b-s2|PENDING|0:00|32|gres:gpu:h100:1;
2026-10-10T06:27:41Z 1051|kevin|s1a-a1-9b-s2|PENDING|0:00|90|N/A;1053|kevin|q2s1a-a1-9b-s2|PENDING|0:00|32|gres:gpu:h100:1;
2026-10-10T06:27:56Z 1051|kevin|s1a-a1-9b-s2|PENDING|0:00|90|N/A;1053|kevin|q2s1a-a1-9b-s2|PENDING|0:00|32|gres:gpu:h100:1;
2026-10-10T06:28:11Z 1051|kevin|s1a-a1-9b-s2|PENDING|0:00|90|N/A;1053|kevin|q2s1a-a1-9b-s2|PENDING|0:00|32|gres:gpu:h100:1;
2026-10-10T06:28:26Z 1051|kevin|s1a-a1-9b-s2|PENDING|0:00|90|N/A;1053|kevin|q2s1a-a1-9b-s2|PENDING|0:00|32|gres:gpu:h100:1;
2026-10-10T06:28:41Z 1051|kevin|s1a-a1-9b-s2|PENDING|0:00|90|N/A;1053|kevin|q2s1a-a1-9b-s2|PENDING|0:00|32|gres:gpu:h100:1;
2026-10-10T06:28:56Z 1051|kevin|s1a-a1-9b-s2|PENDING|0:00|90|N/A;1053|kevin|q2s1a-a1-9b-s2|PENDING|0:00|32|gres:gpu:h100:1;
2026-10-10T06:29:11Z 1051|kevin|s1a-a1-9b-s2|PENDING|0:00|90|N/A;1053|kevin|q2s1a-a1-9b-s2|PENDING|0:00|32|gres:gpu:h100:1;
2026-10-10T06:29:26Z 1051|kevin|s1a-a1-9b-s2|PENDING|0:00|90|N/A;1053|kevin|q2s1a-a1-9b-s2|PENDING|0:00|32|gres:gpu:h100:1;
2026-10-10T06:29:41Z 1051|kevin|s1a-a1-9b-s2|PENDING|0:00|90|N/A;1053|kevin|q2s1a-a1-9b-s2|PENDING|0:00|32|gres:gpu:h100:1;
2026-10-10T06:29:56Z 1051|kevin|s1a-a1-9b-s2|PENDING|0:00|90|N/A;1053|kevin|q2s1a-a1-9b-s2|PENDING|0:00|32|gres:gpu:h100:1;
2026-10-10T06:30:11Z 1051|kevin|s1a-a1-9b-s2|PENDING|0:00|90|N/A;1053|kevin|q2s1a-a1-9b-s2|PENDING|0:00|32|gres:gpu:h100:1;
2026-10-10T06:30:26Z 1051|kevin|s1a-a1-9b-s2|PENDING|0:00|90|N/A;1053|kevin|q2s1a-a1-9b-s2|PENDING|0:00|32|gres:gpu:h100:1;
2026-10-10T06:30:41Z 1051|kevin|s1a-a1-9b-s2|PENDING|0:00|90|N/A;1053|kevin|q2s1a-a1-9b-s2|PENDING|0:00|32|gres:gpu:h100:1;
2026-10-10T06:30:56Z 1051|kevin|s1a-a1-9b-s2|PENDING|0:00|90|N/A;1053|kevin|q2s1a-a1-9b-s2|PENDING|0:00|32|gres:gpu:h100:1;
2026-10-10T06:31:11Z 1051|kevin|s1a-a1-9b-s2|PENDING|0:00|90|N/A;1053|kevin|q2s1a-a1-9b-s2|PENDING|0:00|32|gres:gpu:h100:1;
2026-10-10T06:31:26Z 1051|kevin|s1a-a1-9b-s2|PENDING|0:00|90|N/A;1053|kevin|q2s1a-a1-9b-s2|PENDING|0:00|32|gres:gpu:h100:1;
2026-10-10T06:31:41Z 1051|kevin|s1a-a1-9b-s2|PENDING|0:00|90|N/A;1053|kevin|q2s1a-a1-9b-s2|PENDING|0:00|32|gres:gpu:h100:1;
2026-10-10T06:31:56Z 1051|kevin|s1a-a1-9b-s2|PENDING|0:00|90|N/A;1053|kevin|q2s1a-a1-9b-s2|PENDING|0:00|32|gres:gpu:h100:1;
2026-10-10T06:32:11Z 1051|kevin|s1a-a1-9b-s2|PENDING|0:00|90|N/A;1053|kevin|q2s1a-a1-9b-s2|PENDING|0:00|32|gres:gpu:h100:1;
2026-10-10T06:32:26Z 1051|kevin|s1a-a1-9b-s2|PENDING|0:00|90|N/A;1053|kevin|q2s1a-a1-9b-s2|PENDING|0:00|32|gres:gpu:h100:1;
2026-10-10T06:32:41Z 1051|kevin|s1a-a1-9b-s2|PENDING|0:00|90|N/A;1053|kevin|q2s1a-a1-9b-s2|PENDING|0:00|32|gres:gpu:h100:1;
2026-10-10T06:32:56Z 1051|kevin|s1a-a1-9b-s2|PENDING|0:00|90|N/A;1053|kevin|q2s1a-a1-9b-s2|PENDING|0:00|32|gres:gpu:h100:1;
2026-10-10T06:33:11Z 1051|kevin|s1a-a1-9b-s2|PENDING|0:00|90|N/A;1053|kevin|q2s1a-a1-9b-s2|PENDING|0:00|32|gres:gpu:h100:1;
2026-10-10T06:33:26Z 1051|kevin|s1a-a1-9b-s2|PENDING|0:00|90|N/A;1053|kevin|q2s1a-a1-9b-s2|PENDING|0:00|32|gres:gpu:h100:1;
2026-10-10T06:33:41Z 1051|kevin|s1a-a1-9b-s2|PENDING|0:00|90|N/A;1053|kevin|q2s1a-a1-9b-s2|PENDING|0:00|32|gres:gpu:h100:1;
2026-10-10T06:33:56Z 1051|kevin|s1a-a1-9b-s2|PENDING|0:00|90|N/A;1053|kevin|q2s1a-a1-9b-s2|PENDING|0:00|32|gres:gpu:h100:1;
2026-10-10T06:34:11Z 1051|kevin|s1a-a1-9b-s2|PENDING|0:00|90|N/A;1053|kevin|q2s1a-a1-9b-s2|PENDING|0:00|32|gres:gpu:h100:1;
2026-10-10T06:34:26Z 1051|kevin|s1a-a1-9b-s2|PENDING|0:00|90|N/A;1053|kevin|q2s1a-a1-9b-s2|PENDING|0:00|32|gres:gpu:h100:1;
2026-10-10T06:34:41Z 1051|kevin|s1a-a1-9b-s2|PENDING|0:00|90|N/A;1053|kevin|q2s1a-a1-9b-s2|PENDING|0:00|32|gres:gpu:h100:1;
2026-10-10T06:34:56Z 1051|kevin|s1a-a1-9b-s2|PENDING|0:00|90|N/A;1053|kevin|q2s1a-a1-9b-s2|PENDING|0:00|32|gres:gpu:h100:1;
2026-10-10T06:35:11Z 1051|kevin|s1a-a1-9b-s2|PENDING|0:00|90|N/A;1053|kevin|q2s1a-a1-9b-s2|PENDING|0:00|32|gres:gpu:h100:1;
2026-10-10T06:35:26Z 1051|kevin|s1a-a1-9b-s2|PENDING|0:00|90|N/A;1053|kevin|q2s1a-a1-9b-s2|PENDING|0:00|32|gres:gpu:h100:1;
2026-10-10T06:35:41Z 1051|kevin|s1a-a1-9b-s2|PENDING|0:00|90|N/A;1053|kevin|q2s1a-a1-9b-s2|PENDING|0:00|32|gres:gpu:h100:1;
2026-10-10T06:35:56Z 1051|kevin|s1a-a1-9b-s2|PENDING|0:00|90|N/A;1053|kevin|q2s1a-a1-9b-s2|PENDING|0:00|32|gres:gpu:h100:1;
2026-10-10T06:36:11Z 1051|kevin|s1a-a1-9b-s2|PENDING|0:00|90|N/A;1053|kevin|q2s1a-a1-9b-s2|PENDING|0:00|32|gres:gpu:h100:1;
2026-10-10T06:36:26Z 1051|kevin|s1a-a1-9b-s2|PENDING|0:00|90|N/A;1053|kevin|q2s1a-a1-9b-s2|PENDING|0:00|32|gres:gpu:h100:1;
2026-10-10T06:36:41Z 1051|kevin|s1a-a1-9b-s2|PENDING|0:00|90|N/A;1053|kevin|q2s1a-a1-9b-s2|PENDING|0:00|32|gres:gpu:h100:1;
2026-10-10T06:36:56Z 1051|kevin|s1a-a1-9b-s2|PENDING|0:00|90|N/A;1053|kevin|q2s1a-a1-9b-s2|PENDING|0:00|32|gres:gpu:h100:1;
2026-10-10T06:37:11Z 1051|kevin|s1a-a1-9b-s2|PENDING|0:00|90|N/A;1053|kevin|q2s1a-a1-9b-s2|PENDING|0:00|32|gres:gpu:h100:1;
2026-10-10T06:37:26Z 1051|kevin|s1a-a1-9b-s2|PENDING|0:00|90|N/A;1053|kevin|q2s1a-a1-9b-s2|PENDING|0:00|32|gres:gpu:h100:1;
2026-10-10T06:37:41Z 1051|kevin|s1a-a1-9b-s2|PENDING|0:00|90|N/A;1053|kevin|q2s1a-a1-9b-s2|PENDING|0:00|32|gres:gpu:h100:1;
2026-10-10T06:37:57Z 1051|kevin|s1a-a1-9b-s2|PENDING|0:00|90|N/A;1053|kevin|q2s1a-a1-9b-s2|PENDING|0:00|32|gres:gpu:h100:1;
2026-10-10T06:38:12Z 1051|kevin|s1a-a1-9b-s2|PENDING|0:00|90|N/A;1053|kevin|q2s1a-a1-9b-s2|PENDING|0:00|32|gres:gpu:h100:1;
2026-10-10T06:38:27Z 1051|kevin|s1a-a1-9b-s2|PENDING|0:00|90|N/A;1053|kevin|q2s1a-a1-9b-s2|PENDING|0:00|32|gres:gpu:h100:1;
2026-10-10T06:38:42Z 1051|kevin|s1a-a1-9b-s2|PENDING|0:00|90|N/A;1053|kevin|q2s1a-a1-9b-s2|PENDING|0:00|32|gres:gpu:h100:1;
2026-10-10T06:38:57Z 1051|kevin|s1a-a1-9b-s2|PENDING|0:00|90|N/A;1053|kevin|q2s1a-a1-9b-s2|PENDING|0:00|32|gres:gpu:h100:1;
2026-10-10T06:39:12Z 1051|kevin|s1a-a1-9b-s2|PENDING|0:00|90|N/A;1053|kevin|q2s1a-a1-9b-s2|PENDING|0:00|32|gres:gpu:h100:1;
2026-10-10T06:39:27Z 1051|kevin|s1a-a1-9b-s2|PENDING|0:00|90|N/A;1053|kevin|q2s1a-a1-9b-s2|PENDING|0:00|32|gres:gpu:h100:1;
2026-10-10T06:39:42Z 1051|kevin|s1a-a1-9b-s2|PENDING|0:00|90|N/A;1053|kevin|q2s1a-a1-9b-s2|PENDING|0:00|32|gres:gpu:h100:1;
2026-10-10T06:39:57Z 1051|kevin|s1a-a1-9b-s2|PENDING|0:00|90|N/A;1053|kevin|q2s1a-a1-9b-s2|PENDING|0:00|32|gres:gpu:h100:1;
2026-10-10T06:40:12Z 1051|kevin|s1a-a1-9b-s2|PENDING|0:00|90|N/A;1053|kevin|q2s1a-a1-9b-s2|PENDING|0:00|32|gres:gpu:h100:1;
2026-10-10T06:40:27Z 1051|kevin|s1a-a1-9b-s2|PENDING|0:00|90|N/A;1053|kevin|q2s1a-a1-9b-s2|PENDING|0:00|32|gres:gpu:h100:1;
2026-10-10T06:40:42Z 1051|kevin|s1a-a1-9b-s2|PENDING|0:00|90|N/A;1053|kevin|q2s1a-a1-9b-s2|PENDING|0:00|32|gres:gpu:h100:1;
2026-10-10T06:40:57Z 1051|kevin|s1a-a1-9b-s2|PENDING|0:00|90|N/A;1053|kevin|q2s1a-a1-9b-s2|PENDING|0:00|32|gres:gpu:h100:1;
2026-10-10T06:41:12Z 1051|kevin|s1a-a1-9b-s2|PENDING|0:00|90|N/A;1053|kevin|q2s1a-a1-9b-s2|PENDING|0:00|32|gres:gpu:h100:1;
2026-10-10T06:41:27Z 1051|kevin|s1a-a1-9b-s2|PENDING|0:00|90|N/A;1053|kevin|q2s1a-a1-9b-s2|PENDING|0:00|32|gres:gpu:h100:1;
2026-10-10T06:41:42Z 1051|kevin|s1a-a1-9b-s2|PENDING|0:00|90|N/A;1053|kevin|q2s1a-a1-9b-s2|PENDING|0:00|32|gres:gpu:h100:1;
2026-10-10T06:41:57Z 1051|kevin|s1a-a1-9b-s2|PENDING|0:00|90|N/A;1053|kevin|q2s1a-a1-9b-s2|PENDING|0:00|32|gres:gpu:h100:1;
2026-10-10T06:42:12Z 1051|kevin|s1a-a1-9b-s2|PENDING|0:00|90|N/A;1053|kevin|q2s1a-a1-9b-s2|PENDING|0:00|32|gres:gpu:h100:1;
2026-10-10T06:42:27Z 1051|kevin|s1a-a1-9b-s2|PENDING|0:00|90|N/A;1053|kevin|q2s1a-a1-9b-s2|PENDING|0:00|32|gres:gpu:h100:1;
2026-10-10T06:42:42Z 1051|kevin|s1a-a1-9b-s2|PENDING|0:00|90|N/A;1053|kevin|q2s1a-a1-9b-s2|PENDING|0:00|32|gres:gpu:h100:1;
2026-10-10T06:42:57Z 1051|kevin|s1a-a1-9b-s2|PENDING|0:00|90|N/A;1053|kevin|q2s1a-a1-9b-s2|PENDING|0:00|32|gres:gpu:h100:1;
2026-10-10T06:43:12Z 1051|kevin|s1a-a1-9b-s2|PENDING|0:00|90|N/A;1053|kevin|q2s1a-a1-9b-s2|PENDING|0:00|32|gres:gpu:h100:1;
2026-10-10T06:43:27Z 1051|kevin|s1a-a1-9b-s2|PENDING|0:00|90|N/A;1053|kevin|q2s1a-a1-9b-s2|PENDING|0:00|32|gres:gpu:h100:1;
2026-10-10T06:43:42Z 1051|kevin|s1a-a1-9b-s2|PENDING|0:00|90|N/A;1053|kevin|q2s1a-a1-9b-s2|PENDING|0:00|32|gres:gpu:h100:1;
2026-10-10T06:43:57Z 1051|kevin|s1a-a1-9b-s2|PENDING|0:00|90|N/A;1053|kevin|q2s1a-a1-9b-s2|PENDING|0:00|32|gres:gpu:h100:1;
2026-10-10T06:44:12Z 1051|kevin|s1a-a1-9b-s2|PENDING|0:00|90|N/A;1053|kevin|q2s1a-a1-9b-s2|PENDING|0:00|32|gres:gpu:h100:1;
2026-10-10T06:44:27Z 1051|kevin|s1a-a1-9b-s2|PENDING|0:00|90|N/A;1053|kevin|q2s1a-a1-9b-s2|PENDING|0:00|32|gres:gpu:h100:1;
2026-10-10T06:44:42Z 1051|kevin|s1a-a1-9b-s2|PENDING|0:00|90|N/A;1053|kevin|q2s1a-a1-9b-s2|PENDING|0:00|32|gres:gpu:h100:1;
2026-10-10T06:44:57Z 1051|kevin|s1a-a1-9b-s2|PENDING|0:00|90|N/A;1053|kevin|q2s1a-a1-9b-s2|PENDING|0:00|32|gres:gpu:h100:1;
2026-10-10T06:45:12Z 1051|kevin|s1a-a1-9b-s2|PENDING|0:00|90|N/A;1053|kevin|q2s1a-a1-9b-s2|PENDING|0:00|32|gres:gpu:h100:1;
2026-10-10T06:45:27Z 1051|kevin|s1a-a1-9b-s2|PENDING|0:00|90|N/A;1053|kevin|q2s1a-a1-9b-s2|PENDING|0:00|32|gres:gpu:h100:1;
2026-10-10T06:45:42Z 1051|kevin|s1a-a1-9b-s2|PENDING|0:00|90|N/A;1053|kevin|q2s1a-a1-9b-s2|PENDING|0:00|32|gres:gpu:h100:1;
2026-10-10T06:45:57Z 1051|kevin|s1a-a1-9b-s2|PENDING|0:00|90|N/A;1053|kevin|q2s1a-a1-9b-s2|PENDING|0:00|32|gres:gpu:h100:1;
2026-10-10T06:46:12Z 1051|kevin|s1a-a1-9b-s2|PENDING|0:00|90|N/A;1053|kevin|q2s1a-a1-9b-s2|PENDING|0:00|32|gres:gpu:h100:1;
2026-10-10T06:46:27Z 1051|kevin|s1a-a1-9b-s2|PENDING|0:00|90|N/A;1053|kevin|q2s1a-a1-9b-s2|PENDING|0:00|32|gres:gpu:h100:1;
2026-10-10T06:46:42Z 1051|kevin|s1a-a1-9b-s2|PENDING|0:00|90|N/A;1053|kevin|q2s1a-a1-9b-s2|PENDING|0:00|32|gres:gpu:h100:1;
2026-10-10T06:46:57Z 1051|kevin|s1a-a1-9b-s2|PENDING|0:00|90|N/A;1053|kevin|q2s1a-a1-9b-s2|PENDING|0:00|32|gres:gpu:h100:1;
2026-10-10T06:47:12Z 1051|kevin|s1a-a1-9b-s2|PENDING|0:00|90|N/A;1053|kevin|q2s1a-a1-9b-s2|PENDING|0:00|32|gres:gpu:h100:1;
2026-10-10T06:47:27Z 1051|kevin|s1a-a1-9b-s2|PENDING|0:00|90|N/A;1053|kevin|q2s1a-a1-9b-s2|PENDING|0:00|32|gres:gpu:h100:1;
2026-10-10T06:47:42Z 1051|kevin|s1a-a1-9b-s2|PENDING|0:00|90|N/A;1053|kevin|q2s1a-a1-9b-s2|PENDING|0:00|32|gres:gpu:h100:1;
2026-10-10T06:47:57Z 1051|kevin|s1a-a1-9b-s2|PENDING|0:00|90|N/A;1053|kevin|q2s1a-a1-9b-s2|PENDING|0:00|32|gres:gpu:h100:1;
2026-10-10T06:48:12Z 1051|kevin|s1a-a1-9b-s2|PENDING|0:00|90|N/A;1053|kevin|q2s1a-a1-9b-s2|PENDING|0:00|32|gres:gpu:h100:1;
2026-10-10T06:48:27Z 1051|kevin|s1a-a1-9b-s2|PENDING|0:00|90|N/A;1053|kevin|q2s1a-a1-9b-s2|PENDING|0:00|32|gres:gpu:h100:1;
2026-10-10T06:48:42Z 1051|kevin|s1a-a1-9b-s2|PENDING|0:00|90|N/A;1053|kevin|q2s1a-a1-9b-s2|PENDING|0:00|32|gres:gpu:h100:1;
2026-10-10T06:48:57Z 1051|kevin|s1a-a1-9b-s2|PENDING|0:00|90|N/A;1053|kevin|q2s1a-a1-9b-s2|PENDING|0:00|32|gres:gpu:h100:1;
2026-10-10T06:49:12Z 1051|kevin|s1a-a1-9b-s2|PENDING|0:00|90|N/A;1053|kevin|q2s1a-a1-9b-s2|PENDING|0:00|32|gres:gpu:h100:1;
2026-10-10T06:49:27Z 1051|kevin|s1a-a1-9b-s2|PENDING|0:00|90|N/A;1053|kevin|q2s1a-a1-9b-s2|PENDING|0:00|32|gres:gpu:h100:1;
2026-10-10T06:49:42Z 1051|kevin|s1a-a1-9b-s2|PENDING|0:00|90|N/A;1053|kevin|q2s1a-a1-9b-s2|PENDING|0:00|32|gres:gpu:h100:1;
2026-10-10T06:49:58Z 1051|kevin|s1a-a1-9b-s2|PENDING|0:00|90|N/A;1053|kevin|q2s1a-a1-9b-s2|PENDING|0:00|32|gres:gpu:h100:1;
2026-10-10T06:50:13Z 1051|kevin|s1a-a1-9b-s2|PENDING|0:00|90|N/A;1053|kevin|q2s1a-a1-9b-s2|PENDING|0:00|32|gres:gpu:h100:1;
2026-10-10T06:50:28Z 1051|kevin|s1a-a1-9b-s2|PENDING|0:00|90|N/A;1053|kevin|q2s1a-a1-9b-s2|PENDING|0:00|32|gres:gpu:h100:1;
2026-10-10T06:50:43Z 1051|kevin|s1a-a1-9b-s2|PENDING|0:00|90|N/A;1053|kevin|q2s1a-a1-9b-s2|PENDING|0:00|32|gres:gpu:h100:1;
2026-10-10T06:50:58Z 1051|kevin|s1a-a1-9b-s2|PENDING|0:00|90|N/A;1053|kevin|q2s1a-a1-9b-s2|PENDING|0:00|32|gres:gpu:h100:1;
2026-10-10T06:51:13Z 1051|kevin|s1a-a1-9b-s2|PENDING|0:00|90|N/A;1053|kevin|q2s1a-a1-9b-s2|PENDING|0:00|32|gres:gpu:h100:1;
2026-10-10T06:51:28Z 1051|kevin|s1a-a1-9b-s2|PENDING|0:00|90|N/A;1053|kevin|q2s1a-a1-9b-s2|PENDING|0:00|32|gres:gpu:h100:1;
2026-10-10T06:51:43Z 1051|kevin|s1a-a1-9b-s2|PENDING|0:00|90|N/A;1053|kevin|q2s1a-a1-9b-s2|PENDING|0:00|32|gres:gpu:h100:1;
2026-10-10T06:51:58Z 1051|kevin|s1a-a1-9b-s2|PENDING|0:00|90|N/A;1053|kevin|q2s1a-a1-9b-s2|PENDING|0:00|32|gres:gpu:h100:1;
2026-10-10T06:52:13Z 1051|kevin|s1a-a1-9b-s2|PENDING|0:00|90|N/A;1053|kevin|q2s1a-a1-9b-s2|PENDING|0:00|32|gres:gpu:h100:1;
2026-10-10T06:52:28Z 1051|kevin|s1a-a1-9b-s2|PENDING|0:00|90|N/A;1053|kevin|q2s1a-a1-9b-s2|PENDING|0:00|32|gres:gpu:h100:1;
2026-10-10T06:52:43Z 1051|kevin|s1a-a1-9b-s2|PENDING|0:00|90|N/A;1053|kevin|q2s1a-a1-9b-s2|PENDING|0:00|32|gres:gpu:h100:1;
2026-10-10T06:52:58Z 1051|kevin|s1a-a1-9b-s2|PENDING|0:00|90|N/A;1053|kevin|q2s1a-a1-9b-s2|PENDING|0:00|32|gres:gpu:h100:1;
2026-10-10T06:53:13Z 1051|kevin|s1a-a1-9b-s2|PENDING|0:00|90|N/A;1053|kevin|q2s1a-a1-9b-s2|PENDING|0:00|32|gres:gpu:h100:1;
2026-10-10T06:53:28Z 1051|kevin|s1a-a1-9b-s2|PENDING|0:00|90|N/A;1053|kevin|q2s1a-a1-9b-s2|PENDING|0:00|32|gres:gpu:h100:1;
2026-10-10T06:53:43Z 1051|kevin|s1a-a1-9b-s2|PENDING|0:00|90|N/A;1053|kevin|q2s1a-a1-9b-s2|PENDING|0:00|32|gres:gpu:h100:1;
2026-10-10T06:53:58Z 1051|kevin|s1a-a1-9b-s2|PENDING|0:00|90|N/A;1053|kevin|q2s1a-a1-9b-s2|PENDING|0:00|32|gres:gpu:h100:1;
2026-10-10T06:54:13Z 1051|kevin|s1a-a1-9b-s2|PENDING|0:00|90|N/A;1053|kevin|q2s1a-a1-9b-s2|PENDING|0:00|32|gres:gpu:h100:1;
2026-10-10T06:54:28Z 1051|kevin|s1a-a1-9b-s2|PENDING|0:00|90|N/A;1053|kevin|q2s1a-a1-9b-s2|PENDING|0:00|32|gres:gpu:h100:1;
2026-10-10T06:54:43Z 1051|kevin|s1a-a1-9b-s2|PENDING|0:00|90|N/A;1053|kevin|q2s1a-a1-9b-s2|PENDING|0:00|32|gres:gpu:h100:1;
2026-10-10T06:54:58Z 1051|kevin|s1a-a1-9b-s2|PENDING|0:00|90|N/A;1053|kevin|q2s1a-a1-9b-s2|PENDING|0:00|32|gres:gpu:h100:1;
2026-10-10T06:55:13Z 1051|kevin|s1a-a1-9b-s2|PENDING|0:00|90|N/A;1053|kevin|q2s1a-a1-9b-s2|PENDING|0:00|32|gres:gpu:h100:1;
2026-10-10T06:55:28Z 1051|kevin|s1a-a1-9b-s2|PENDING|0:00|90|N/A;1053|kevin|q2s1a-a1-9b-s2|PENDING|0:00|32|gres:gpu:h100:1;
2026-10-10T06:55:43Z 1051|kevin|s1a-a1-9b-s2|PENDING|0:00|90|N/A;1053|kevin|q2s1a-a1-9b-s2|PENDING|0:00|32|gres:gpu:h100:1;
2026-10-10T06:55:58Z 1051|kevin|s1a-a1-9b-s2|PENDING|0:00|90|N/A;1053|kevin|q2s1a-a1-9b-s2|PENDING|0:00|32|gres:gpu:h100:1;
2026-10-10T06:56:13Z 1051|kevin|s1a-a1-9b-s2|PENDING|0:00|90|N/A;1053|kevin|q2s1a-a1-9b-s2|PENDING|0:00|32|gres:gpu:h100:1;
2026-10-10T06:56:28Z 1051|kevin|s1a-a1-9b-s2|PENDING|0:00|90|N/A;1053|kevin|q2s1a-a1-9b-s2|PENDING|0:00|32|gres:gpu:h100:1;
2026-10-10T06:56:43Z 1051|kevin|s1a-a1-9b-s2|PENDING|0:00|90|N/A;1053|kevin|q2s1a-a1-9b-s2|PENDING|0:00|32|gres:gpu:h100:1;
2026-10-10T06:56:58Z 1051|kevin|s1a-a1-9b-s2|PENDING|0:00|90|N/A;1053|kevin|q2s1a-a1-9b-s2|PENDING|0:00|32|gres:gpu:h100:1;
2026-10-10T06:57:13Z 1051|kevin|s1a-a1-9b-s2|PENDING|0:00|90|N/A;1053|kevin|q2s1a-a1-9b-s2|PENDING|0:00|32|gres:gpu:h100:1;
2026-10-10T06:57:28Z 1051|kevin|s1a-a1-9b-s2|PENDING|0:00|90|N/A;1053|kevin|q2s1a-a1-9b-s2|PENDING|0:00|32|gres:gpu:h100:1;
2026-10-10T06:57:43Z 1051|kevin|s1a-a1-9b-s2|PENDING|0:00|90|N/A;1053|kevin|q2s1a-a1-9b-s2|PENDING|0:00|32|gres:gpu:h100:1;
2026-10-10T06:57:58Z 1051|kevin|s1a-a1-9b-s2|PENDING|0:00|90|N/A;1053|kevin|q2s1a-a1-9b-s2|PENDING|0:00|32|gres:gpu:h100:1;
2026-10-10T06:58:13Z 1051|kevin|s1a-a1-9b-s2|PENDING|0:00|90|N/A;1053|kevin|q2s1a-a1-9b-s2|PENDING|0:00|32|gres:gpu:h100:1;
2026-10-10T06:58:28Z 1051|kevin|s1a-a1-9b-s2|PENDING|0:00|90|N/A;1053|kevin|q2s1a-a1-9b-s2|PENDING|0:00|32|gres:gpu:h100:1;
2026-10-10T06:58:43Z 1051|kevin|s1a-a1-9b-s2|PENDING|0:00|90|N/A;1053|kevin|q2s1a-a1-9b-s2|PENDING|0:00|32|gres:gpu:h100:1;
2026-10-10T06:58:58Z 1051|kevin|s1a-a1-9b-s2|PENDING|0:00|90|N/A;1053|kevin|q2s1a-a1-9b-s2|PENDING|0:00|32|gres:gpu:h100:1;
2026-10-10T06:59:13Z 1051|kevin|s1a-a1-9b-s2|PENDING|0:00|90|N/A;1053|kevin|q2s1a-a1-9b-s2|PENDING|0:00|32|gres:gpu:h100:1;
2026-10-10T06:59:28Z 1051|kevin|s1a-a1-9b-s2|PENDING|0:00|90|N/A;1053|kevin|q2s1a-a1-9b-s2|PENDING|0:00|32|gres:gpu:h100:1;
2026-10-10T06:59:43Z 1051|kevin|s1a-a1-9b-s2|PENDING|0:00|90|N/A;1053|kevin|q2s1a-a1-9b-s2|PENDING|0:00|32|gres:gpu:h100:1;
2026-10-10T06:59:58Z 1051|kevin|s1a-a1-9b-s2|PENDING|0:00|90|N/A;1053|kevin|q2s1a-a1-9b-s2|PENDING|0:00|32|gres:gpu:h100:1;
2026-10-10T07:00:13Z 1051|kevin|s1a-a1-9b-s2|PENDING|0:00|90|N/A;1053|kevin|q2s1a-a1-9b-s2|PENDING|0:00|32|gres:gpu:h100:1;
2026-10-10T07:00:28Z 1051|kevin|s1a-a1-9b-s2|PENDING|0:00|90|N/A;1053|kevin|q2s1a-a1-9b-s2|PENDING|0:00|32|gres:gpu:h100:1;
2026-10-10T07:00:43Z 1051|kevin|s1a-a1-9b-s2|PENDING|0:00|90|N/A;1053|kevin|q2s1a-a1-9b-s2|PENDING|0:00|32|gres:gpu:h100:1;
2026-10-10T07:00:58Z 1051|kevin|s1a-a1-9b-s2|PENDING|0:00|90|N/A;1053|kevin|q2s1a-a1-9b-s2|PENDING|0:00|32|gres:gpu:h100:1;
2026-10-10T07:01:13Z 1051|kevin|s1a-a1-9b-s2|PENDING|0:00|90|N/A;1053|kevin|q2s1a-a1-9b-s2|PENDING|0:00|32|gres:gpu:h100:1;
2026-10-10T07:01:28Z 1051|kevin|s1a-a1-9b-s2|PENDING|0:00|90|N/A;1053|kevin|q2s1a-a1-9b-s2|PENDING|0:00|32|gres:gpu:h100:1;
2026-10-10T07:01:43Z 1051|kevin|s1a-a1-9b-s2|PENDING|0:00|90|N/A;1053|kevin|q2s1a-a1-9b-s2|PENDING|0:00|32|gres:gpu:h100:1;
2026-10-10T07:01:59Z 1051|kevin|s1a-a1-9b-s2|PENDING|0:00|90|N/A;1053|kevin|q2s1a-a1-9b-s2|PENDING|0:00|32|gres:gpu:h100:1;
2026-10-10T07:02:14Z 1051|kevin|s1a-a1-9b-s2|PENDING|0:00|90|N/A;1053|kevin|q2s1a-a1-9b-s2|PENDING|0:00|32|gres:gpu:h100:1;
2026-10-10T07:02:29Z 1051|kevin|s1a-a1-9b-s2|PENDING|0:00|90|N/A;1053|kevin|q2s1a-a1-9b-s2|PENDING|0:00|32|gres:gpu:h100:1;
2026-10-10T07:02:44Z 1051|kevin|s1a-a1-9b-s2|PENDING|0:00|90|N/A;1053|kevin|q2s1a-a1-9b-s2|PENDING|0:00|32|gres:gpu:h100:1;
2026-10-10T07:02:59Z 1051|kevin|s1a-a1-9b-s2|PENDING|0:00|90|N/A;1053|kevin|q2s1a-a1-9b-s2|PENDING|0:00|32|gres:gpu:h100:1;
2026-10-10T07:03:14Z 1051|kevin|s1a-a1-9b-s2|PENDING|0:00|90|N/A;1053|kevin|q2s1a-a1-9b-s2|PENDING|0:00|32|gres:gpu:h100:1;
2026-10-10T07:03:29Z 1051|kevin|s1a-a1-9b-s2|PENDING|0:00|90|N/A;1053|kevin|q2s1a-a1-9b-s2|PENDING|0:00|32|gres:gpu:h100:1;
2026-10-10T07:03:44Z 1051|kevin|s1a-a1-9b-s2|PENDING|0:00|90|N/A;1053|kevin|q2s1a-a1-9b-s2|PENDING|0:00|32|gres:gpu:h100:1;
2026-10-10T07:03:59Z 1051|kevin|s1a-a1-9b-s2|PENDING|0:00|90|N/A;1053|kevin|q2s1a-a1-9b-s2|PENDING|0:00|32|gres:gpu:h100:1;
2026-10-10T07:04:14Z 1051|kevin|s1a-a1-9b-s2|PENDING|0:00|90|N/A;1053|kevin|q2s1a-a1-9b-s2|PENDING|0:00|32|gres:gpu:h100:1;
2026-10-10T07:04:29Z 1051|kevin|s1a-a1-9b-s2|PENDING|0:00|90|N/A;1053|kevin|q2s1a-a1-9b-s2|PENDING|0:00|32|gres:gpu:h100:1;
2026-10-10T07:04:44Z 1051|kevin|s1a-a1-9b-s2|PENDING|0:00|90|N/A;1053|kevin|q2s1a-a1-9b-s2|PENDING|0:00|32|gres:gpu:h100:1;
2026-10-10T07:04:59Z 1051|kevin|s1a-a1-9b-s2|PENDING|0:00|90|N/A;1053|kevin|q2s1a-a1-9b-s2|PENDING|0:00|32|gres:gpu:h100:1;
2026-10-10T07:05:14Z 1051|kevin|s1a-a1-9b-s2|PENDING|0:00|90|N/A;1053|kevin|q2s1a-a1-9b-s2|PENDING|0:00|32|gres:gpu:h100:1;
2026-10-10T07:05:29Z 1051|kevin|s1a-a1-9b-s2|PENDING|0:00|90|N/A;1053|kevin|q2s1a-a1-9b-s2|PENDING|0:00|32|gres:gpu:h100:1;
2026-10-10T07:05:44Z 1051|kevin|s1a-a1-9b-s2|PENDING|0:00|90|N/A;1053|kevin|q2s1a-a1-9b-s2|PENDING|0:00|32|gres:gpu:h100:1;
2026-10-10T07:05:59Z 1051|kevin|s1a-a1-9b-s2|PENDING|0:00|90|N/A;1053|kevin|q2s1a-a1-9b-s2|PENDING|0:00|32|gres:gpu:h100:1;
2026-10-10T07:06:14Z 1051|kevin|s1a-a1-9b-s2|PENDING|0:00|90|N/A;1053|kevin|q2s1a-a1-9b-s2|PENDING|0:00|32|gres:gpu:h100:1;
2026-10-10T07:06:29Z 1051|kevin|s1a-a1-9b-s2|PENDING|0:00|90|N/A;1053|kevin|q2s1a-a1-9b-s2|PENDING|0:00|32|gres:gpu:h100:1;
2026-10-10T07:06:44Z 1051|kevin|s1a-a1-9b-s2|PENDING|0:00|90|N/A;1053|kevin|q2s1a-a1-9b-s2|PENDING|0:00|32|gres:gpu:h100:1;
2026-10-10T07:06:59Z 1051|kevin|s1a-a1-9b-s2|PENDING|0:00|90|N/A;1053|kevin|q2s1a-a1-9b-s2|PENDING|0:00|32|gres:gpu:h100:1;
2026-10-10T07:07:14Z 1051|kevin|s1a-a1-9b-s2|PENDING|0:00|90|N/A;1053|kevin|q2s1a-a1-9b-s2|PENDING|0:00|32|gres:gpu:h100:1;
2026-10-10T07:07:29Z 1051|kevin|s1a-a1-9b-s2|PENDING|0:00|90|N/A;1053|kevin|q2s1a-a1-9b-s2|PENDING|0:00|32|gres:gpu:h100:1;
2026-10-10T07:07:44Z 1051|kevin|s1a-a1-9b-s2|PENDING|0:00|90|N/A;1053|kevin|q2s1a-a1-9b-s2|PENDING|0:00|32|gres:gpu:h100:1;
2026-10-10T07:07:59Z 1051|kevin|s1a-a1-9b-s2|PENDING|0:00|90|N/A;1053|kevin|q2s1a-a1-9b-s2|PENDING|0:00|32|gres:gpu:h100:1;
2026-10-10T07:08:14Z 1051|kevin|s1a-a1-9b-s2|PENDING|0:00|90|N/A;1053|kevin|q2s1a-a1-9b-s2|PENDING|0:00|32|gres:gpu:h100:1;
2026-10-10T07:08:29Z 1051|kevin|s1a-a1-9b-s2|PENDING|0:00|90|N/A;1053|kevin|q2s1a-a1-9b-s2|PENDING|0:00|32|gres:gpu:h100:1;
2026-10-10T07:08:44Z 1051|kevin|s1a-a1-9b-s2|PENDING|0:00|90|N/A;1053|kevin|q2s1a-a1-9b-s2|PENDING|0:00|32|gres:gpu:h100:1;
2026-10-10T07:08:59Z 1051|kevin|s1a-a1-9b-s2|PENDING|0:00|90|N/A;1053|kevin|q2s1a-a1-9b-s2|PENDING|0:00|32|gres:gpu:h100:1;
2026-10-10T07:09:14Z 1051|kevin|s1a-a1-9b-s2|PENDING|0:00|90|N/A;1053|kevin|q2s1a-a1-9b-s2|PENDING|0:00|32|gres:gpu:h100:1;
2026-10-10T07:09:29Z 1051|kevin|s1a-a1-9b-s2|PENDING|0:00|90|N/A;1053|kevin|q2s1a-a1-9b-s2|PENDING|0:00|32|gres:gpu:h100:1;
2026-10-10T07:09:44Z 1051|kevin|s1a-a1-9b-s2|PENDING|0:00|90|N/A;1053|kevin|q2s1a-a1-9b-s2|PENDING|0:00|32|gres:gpu:h100:1;
2026-10-10T07:09:59Z 1051|kevin|s1a-a1-9b-s2|PENDING|0:00|90|N/A;1053|kevin|q2s1a-a1-9b-s2|PENDING|0:00|32|gres:gpu:h100:1;
2026-10-10T07:10:14Z 1051|kevin|s1a-a1-9b-s2|PENDING|0:00|90|N/A;1053|kevin|q2s1a-a1-9b-s2|PENDING|0:00|32|gres:gpu:h100:1;
2026-10-10T07:10:29Z 1051|kevin|s1a-a1-9b-s2|PENDING|0:00|90|N/A;1053|kevin|q2s1a-a1-9b-s2|PENDING|0:00|32|gres:gpu:h100:1;
2026-10-10T07:10:44Z 1051|kevin|s1a-a1-9b-s2|PENDING|0:00|90|N/A;1053|kevin|q2s1a-a1-9b-s2|PENDING|0:00|32|gres:gpu:h100:1;
2026-10-10T07:10:59Z 1051|kevin|s1a-a1-9b-s2|PENDING|0:00|90|N/A;1053|kevin|q2s1a-a1-9b-s2|PENDING|0:00|32|gres:gpu:h100:1;
2026-10-10T07:11:14Z 1051|kevin|s1a-a1-9b-s2|PENDING|0:00|90|N/A;1053|kevin|q2s1a-a1-9b-s2|PENDING|0:00|32|gres:gpu:h100:1;1059|kevin|owr-e4w1-r2|RUNNING|0:07|16|gres:gpu:h100:1;
2026-10-10T07:11:29Z 1051|kevin|s1a-a1-9b-s2|PENDING|0:00|90|N/A;1053|kevin|q2s1a-a1-9b-s2|PENDING|0:00|32|gres:gpu:h100:1;1059|kevin|owr-e4w1-r2|RUNNING|0:22|16|gres:gpu:h100:1;
2026-10-10T07:11:44Z 1051|kevin|s1a-a1-9b-s2|PENDING|0:00|90|N/A;1053|kevin|q2s1a-a1-9b-s2|PENDING|0:00|32|gres:gpu:h100:1;1059|kevin|owr-e4w1-r2|RUNNING|0:37|16|gres:gpu:h100:1;
2026-10-10T07:11:59Z 1051|kevin|s1a-a1-9b-s2|PENDING|0:00|90|N/A;1053|kevin|q2s1a-a1-9b-s2|PENDING|0:00|32|gres:gpu:h100:1;1059|kevin|owr-e4w1-r2|RUNNING|0:52|16|gres:gpu:h100:1;
2026-10-10T07:12:14Z 1051|kevin|s1a-a1-9b-s2|PENDING|0:00|90|N/A;1053|kevin|q2s1a-a1-9b-s2|PENDING|0:00|32|gres:gpu:h100:1;1059|kevin|owr-e4w1-r2|RUNNING|1:07|16|gres:gpu:h100:1;
2026-10-10T07:12:29Z 1051|kevin|s1a-a1-9b-s2|PENDING|0:00|90|N/A;1053|kevin|q2s1a-a1-9b-s2|PENDING|0:00|32|gres:gpu:h100:1;1059|kevin|owr-e4w1-r2|RUNNING|1:22|16|gres:gpu:h100:1;
2026-10-10T07:12:44Z 1051|kevin|s1a-a1-9b-s2|PENDING|0:00|90|N/A;1053|kevin|q2s1a-a1-9b-s2|PENDING|0:00|32|gres:gpu:h100:1;1059|kevin|owr-e4w1-r2|RUNNING|1:37|16|gres:gpu:h100:1;
2026-10-10T07:12:59Z 1051|kevin|s1a-a1-9b-s2|PENDING|0:00|90|N/A;1053|kevin|q2s1a-a1-9b-s2|PENDING|0:00|32|gres:gpu:h100:1;1059|kevin|owr-e4w1-r2|RUNNING|1:52|16|gres:gpu:h100:1;
2026-10-10T07:13:14Z 1051|kevin|s1a-a1-9b-s2|PENDING|0:00|90|N/A;1053|kevin|q2s1a-a1-9b-s2|PENDING|0:00|32|gres:gpu:h100:1;1059|kevin|owr-e4w1-r2|RUNNING|2:07|16|gres:gpu:h100:1;
2026-10-10T07:13:29Z 1051|kevin|s1a-a1-9b-s2|PENDING|0:00|90|N/A;1053|kevin|q2s1a-a1-9b-s2|PENDING|0:00|32|gres:gpu:h100:1;1059|kevin|owr-e4w1-r2|RUNNING|2:22|16|gres:gpu:h100:1;
2026-10-10T07:13:44Z 1051|kevin|s1a-a1-9b-s2|PENDING|0:00|90|N/A;1053|kevin|q2s1a-a1-9b-s2|PENDING|0:00|32|gres:gpu:h100:1;1059|kevin|owr-e4w1-r2|RUNNING|2:37|16|gres:gpu:h100:1;
2026-10-10T07:14:00Z 1051|kevin|s1a-a1-9b-s2|PENDING|0:00|90|N/A;1053|kevin|q2s1a-a1-9b-s2|PENDING|0:00|32|gres:gpu:h100:1;1059|kevin|owr-e4w1-r2|RUNNING|2:53|16|gres:gpu:h100:1;
2026-10-10T07:14:15Z 1051|kevin|s1a-a1-9b-s2|PENDING|0:00|90|N/A;1053|kevin|q2s1a-a1-9b-s2|PENDING|0:00|32|gres:gpu:h100:1;1059|kevin|owr-e4w1-r2|RUNNING|3:08|16|gres:gpu:h100:1;
2026-10-10T07:14:30Z 1051|kevin|s1a-a1-9b-s2|PENDING|0:00|90|N/A;1053|kevin|q2s1a-a1-9b-s2|PENDING|0:00|32|gres:gpu:h100:1;
2026-10-10T07:14:45Z 1051|kevin|s1a-a1-9b-s2|PENDING|0:00|90|N/A;1053|kevin|q2s1a-a1-9b-s2|PENDING|0:00|32|gres:gpu:h100:1;
2026-10-10T07:15:00Z 1051|kevin|s1a-a1-9b-s2|PENDING|0:00|90|N/A;1053|kevin|q2s1a-a1-9b-s2|PENDING|0:00|32|gres:gpu:h100:1;
2026-10-10T07:15:15Z 1051|kevin|s1a-a1-9b-s2|PENDING|0:00|90|N/A;1053|kevin|q2s1a-a1-9b-s2|PENDING|0:00|32|gres:gpu:h100:1;
2026-10-10T07:15:30Z 1051|kevin|s1a-a1-9b-s2|PENDING|0:00|90|N/A;1053|kevin|q2s1a-a1-9b-s2|PENDING|0:00|32|gres:gpu:h100:1;
2026-10-10T07:15:45Z 1051|kevin|s1a-a1-9b-s2|PENDING|0:00|90|N/A;1053|kevin|q2s1a-a1-9b-s2|PENDING|0:00|32|gres:gpu:h100:1;
2026-10-10T07:16:00Z 1051|kevin|s1a-a1-9b-s2|PENDING|0:00|90|N/A;1053|kevin|q2s1a-a1-9b-s2|PENDING|0:00|32|gres:gpu:h100:1;
2026-10-10T07:16:15Z 1051|kevin|s1a-a1-9b-s2|PENDING|0:00|90|N/A;1053|kevin|q2s1a-a1-9b-s2|PENDING|0:00|32|gres:gpu:h100:1;
2026-10-10T07:16:30Z 1051|kevin|s1a-a1-9b-s2|PENDING|0:00|90|N/A;1053|kevin|q2s1a-a1-9b-s2|PENDING|0:00|32|gres:gpu:h100:1;
2026-10-10T07:16:45Z 1051|kevin|s1a-a1-9b-s2|PENDING|0:00|90|N/A;1053|kevin|q2s1a-a1-9b-s2|PENDING|0:00|32|gres:gpu:h100:1;
2026-10-10T07:17:00Z 1051|kevin|s1a-a1-9b-s2|PENDING|0:00|90|N/A;1053|kevin|q2s1a-a1-9b-s2|PENDING|0:00|32|gres:gpu:h100:1;
2026-10-10T07:17:15Z 1051|kevin|s1a-a1-9b-s2|PENDING|0:00|90|N/A;1053|kevin|q2s1a-a1-9b-s2|PENDING|0:00|32|gres:gpu:h100:1;
2026-10-10T07:17:30Z 1051|kevin|s1a-a1-9b-s2|PENDING|0:00|90|N/A;1053|kevin|q2s1a-a1-9b-s2|PENDING|0:00|32|gres:gpu:h100:1;
2026-10-10T07:17:45Z 1051|kevin|s1a-a1-9b-s2|PENDING|0:00|90|N/A;1053|kevin|q2s1a-a1-9b-s2|PENDING|0:00|32|gres:gpu:h100:1;
2026-10-10T07:18:00Z 1051|kevin|s1a-a1-9b-s2|PENDING|0:00|90|N/A;1053|kevin|q2s1a-a1-9b-s2|PENDING|0:00|32|gres:gpu:h100:1;
2026-10-10T07:18:15Z 1051|kevin|s1a-a1-9b-s2|PENDING|0:00|90|N/A;1053|kevin|q2s1a-a1-9b-s2|PENDING|0:00|32|gres:gpu:h100:1;
2026-10-10T07:18:30Z 1051|kevin|s1a-a1-9b-s2|PENDING|0:00|90|N/A;1053|kevin|q2s1a-a1-9b-s2|PENDING|0:00|32|gres:gpu:h100:1;
2026-10-10T07:18:45Z 1051|kevin|s1a-a1-9b-s2|PENDING|0:00|90|N/A;1053|kevin|q2s1a-a1-9b-s2|PENDING|0:00|32|gres:gpu:h100:1;
2026-10-10T07:19:00Z 1051|kevin|s1a-a1-9b-s2|PENDING|0:00|90|N/A;1053|kevin|q2s1a-a1-9b-s2|PENDING|0:00|32|gres:gpu:h100:1;
2026-10-10T07:19:15Z 1051|kevin|s1a-a1-9b-s2|PENDING|0:00|90|N/A;1053|kevin|q2s1a-a1-9b-s2|PENDING|0:00|32|gres:gpu:h100:1;
2026-10-10T07:19:30Z 1051|kevin|s1a-a1-9b-s2|PENDING|0:00|90|N/A;1053|kevin|q2s1a-a1-9b-s2|PENDING|0:00|32|gres:gpu:h100:1;
2026-10-10T07:19:45Z 1051|kevin|s1a-a1-9b-s2|PENDING|0:00|90|N/A;1053|kevin|q2s1a-a1-9b-s2|PENDING|0:00|32|gres:gpu:h100:1;
2026-10-10T07:20:00Z 1051|kevin|s1a-a1-9b-s2|PENDING|0:00|90|N/A;1053|kevin|q2s1a-a1-9b-s2|PENDING|0:00|32|gres:gpu:h100:1;
2026-10-10T07:20:15Z 1051|kevin|s1a-a1-9b-s2|PENDING|0:00|90|N/A;1053|kevin|q2s1a-a1-9b-s2|PENDING|0:00|32|gres:gpu:h100:1;
2026-10-10T07:20:30Z 1051|kevin|s1a-a1-9b-s2|PENDING|0:00|90|N/A;1053|kevin|q2s1a-a1-9b-s2|PENDING|0:00|32|gres:gpu:h100:1;
2026-10-10T07:20:45Z 1051|kevin|s1a-a1-9b-s2|PENDING|0:00|90|N/A;1053|kevin|q2s1a-a1-9b-s2|PENDING|0:00|32|gres:gpu:h100:1;
2026-10-10T07:21:00Z 1051|kevin|s1a-a1-9b-s2|PENDING|0:00|90|N/A;1053|kevin|q2s1a-a1-9b-s2|PENDING|0:00|32|gres:gpu:h100:1;
2026-10-10T07:21:15Z 1051|kevin|s1a-a1-9b-s2|PENDING|0:00|90|N/A;1053|kevin|q2s1a-a1-9b-s2|PENDING|0:00|32|gres:gpu:h100:1;
2026-10-10T07:21:30Z 1051|kevin|s1a-a1-9b-s2|PENDING|0:00|90|N/A;1053|kevin|q2s1a-a1-9b-s2|PENDING|0:00|32|gres:gpu:h100:1;
2026-10-10T07:21:45Z 1051|kevin|s1a-a1-9b-s2|PENDING|0:00|90|N/A;1053|kevin|q2s1a-a1-9b-s2|PENDING|0:00|32|gres:gpu:h100:1;
2026-10-10T07:22:00Z 1051|kevin|s1a-a1-9b-s2|PENDING|0:00|90|N/A;1053|kevin|q2s1a-a1-9b-s2|PENDING|0:00|32|gres:gpu:h100:1;
2026-10-10T07:22:15Z 1051|kevin|s1a-a1-9b-s2|PENDING|0:00|90|N/A;1053|kevin|q2s1a-a1-9b-s2|PENDING|0:00|32|gres:gpu:h100:1;
2026-10-10T07:22:30Z 1051|kevin|s1a-a1-9b-s2|PENDING|0:00|90|N/A;1053|kevin|q2s1a-a1-9b-s2|PENDING|0:00|32|gres:gpu:h100:1;
2026-10-10T07:22:45Z 1051|kevin|s1a-a1-9b-s2|PENDING|0:00|90|N/A;1053|kevin|q2s1a-a1-9b-s2|PENDING|0:00|32|gres:gpu:h100:1;
2026-10-10T07:23:00Z 1051|kevin|s1a-a1-9b-s2|PENDING|0:00|90|N/A;1053|kevin|q2s1a-a1-9b-s2|PENDING|0:00|32|gres:gpu:h100:1;
2026-10-10T07:23:15Z 1051|kevin|s1a-a1-9b-s2|PENDING|0:00|90|N/A;1053|kevin|q2s1a-a1-9b-s2|PENDING|0:00|32|gres:gpu:h100:1;
2026-10-10T07:23:30Z 1051|kevin|s1a-a1-9b-s2|PENDING|0:00|90|N/A;1053|kevin|q2s1a-a1-9b-s2|PENDING|0:00|32|gres:gpu:h100:1;
2026-10-10T07:23:45Z 1051|kevin|s1a-a1-9b-s2|PENDING|0:00|90|N/A;1053|kevin|q2s1a-a1-9b-s2|PENDING|0:00|32|gres:gpu:h100:1;
2026-10-10T07:24:00Z 1051|kevin|s1a-a1-9b-s2|PENDING|0:00|90|N/A;1053|kevin|q2s1a-a1-9b-s2|PENDING|0:00|32|gres:gpu:h100:1;
2026-10-10T07:24:15Z 1051|kevin|s1a-a1-9b-s2|PENDING|0:00|90|N/A;1053|kevin|q2s1a-a1-9b-s2|PENDING|0:00|32|gres:gpu:h100:1;
2026-10-10T07:24:30Z 1051|kevin|s1a-a1-9b-s2|PENDING|0:00|90|N/A;1053|kevin|q2s1a-a1-9b-s2|PENDING|0:00|32|gres:gpu:h100:1;
2026-10-10T07:24:45Z 1051|kevin|s1a-a1-9b-s2|PENDING|0:00|90|N/A;1053|kevin|q2s1a-a1-9b-s2|PENDING|0:00|32|gres:gpu:h100:1;
2026-10-10T07:25:00Z 1051|kevin|s1a-a1-9b-s2|PENDING|0:00|90|N/A;1053|kevin|q2s1a-a1-9b-s2|PENDING|0:00|32|gres:gpu:h100:1;
2026-10-10T07:25:15Z 1051|kevin|s1a-a1-9b-s2|PENDING|0:00|90|N/A;1053|kevin|q2s1a-a1-9b-s2|PENDING|0:00|32|gres:gpu:h100:1;
2026-10-10T07:25:30Z 1051|kevin|s1a-a1-9b-s2|PENDING|0:00|90|N/A;1053|kevin|q2s1a-a1-9b-s2|PENDING|0:00|32|gres:gpu:h100:1;
2026-10-10T07:25:45Z 1051|kevin|s1a-a1-9b-s2|PENDING|0:00|90|N/A;1053|kevin|q2s1a-a1-9b-s2|PENDING|0:00|32|gres:gpu:h100:1;
2026-10-10T07:26:01Z 1051|kevin|s1a-a1-9b-s2|PENDING|0:00|90|N/A;1053|kevin|q2s1a-a1-9b-s2|PENDING|0:00|32|gres:gpu:h100:1;
2026-10-10T07:26:16Z 1051|kevin|s1a-a1-9b-s2|PENDING|0:00|90|N/A;1053|kevin|q2s1a-a1-9b-s2|PENDING|0:00|32|gres:gpu:h100:1;
2026-10-10T07:26:31Z 1051|kevin|s1a-a1-9b-s2|PENDING|0:00|90|N/A;1053|kevin|q2s1a-a1-9b-s2|PENDING|0:00|32|gres:gpu:h100:1;
2026-10-10T07:26:46Z 1051|kevin|s1a-a1-9b-s2|PENDING|0:00|90|N/A;1053|kevin|q2s1a-a1-9b-s2|PENDING|0:00|32|gres:gpu:h100:1;
2026-10-10T07:27:01Z 1051|kevin|s1a-a1-9b-s2|PENDING|0:00|90|N/A;1053|kevin|q2s1a-a1-9b-s2|PENDING|0:00|32|gres:gpu:h100:1;
2026-10-10T07:27:16Z 1051|kevin|s1a-a1-9b-s2|PENDING|0:00|90|N/A;1053|kevin|q2s1a-a1-9b-s2|PENDING|0:00|32|gres:gpu:h100:1;
2026-10-10T07:27:31Z 1051|kevin|s1a-a1-9b-s2|PENDING|0:00|90|N/A;1053|kevin|q2s1a-a1-9b-s2|PENDING|0:00|32|gres:gpu:h100:1;
2026-10-10T07:27:46Z 1051|kevin|s1a-a1-9b-s2|PENDING|0:00|90|N/A;1053|kevin|q2s1a-a1-9b-s2|PENDING|0:00|32|gres:gpu:h100:1;
2026-10-10T07:28:01Z 1051|kevin|s1a-a1-9b-s2|PENDING|0:00|90|N/A;1053|kevin|q2s1a-a1-9b-s2|PENDING|0:00|32|gres:gpu:h100:1;
2026-10-10T07:28:16Z 1051|kevin|s1a-a1-9b-s2|PENDING|0:00|90|N/A;1053|kevin|q2s1a-a1-9b-s2|PENDING|0:00|32|gres:gpu:h100:1;
2026-10-10T07:28:31Z 1051|kevin|s1a-a1-9b-s2|PENDING|0:00|90|N/A;1053|kevin|q2s1a-a1-9b-s2|PENDING|0:00|32|gres:gpu:h100:1;
2026-10-10T07:28:46Z 1051|kevin|s1a-a1-9b-s2|PENDING|0:00|90|N/A;1053|kevin|q2s1a-a1-9b-s2|PENDING|0:00|32|gres:gpu:h100:1;
2026-10-10T07:29:01Z 1051|kevin|s1a-a1-9b-s2|PENDING|0:00|90|N/A;1053|kevin|q2s1a-a1-9b-s2|PENDING|0:00|32|gres:gpu:h100:1;
2026-10-10T07:29:16Z 1051|kevin|s1a-a1-9b-s2|PENDING|0:00|90|N/A;1053|kevin|q2s1a-a1-9b-s2|PENDING|0:00|32|gres:gpu:h100:1;
2026-10-10T07:29:31Z 1051|kevin|s1a-a1-9b-s2|PENDING|0:00|90|N/A;1053|kevin|q2s1a-a1-9b-s2|PENDING|0:00|32|gres:gpu:h100:1;
2026-10-10T07:29:46Z 1051|kevin|s1a-a1-9b-s2|PENDING|0:00|90|N/A;1053|kevin|q2s1a-a1-9b-s2|PENDING|0:00|32|gres:gpu:h100:1;
2026-10-10T07:30:01Z 1051|kevin|s1a-a1-9b-s2|PENDING|0:00|90|N/A;1053|kevin|q2s1a-a1-9b-s2|PENDING|0:00|32|gres:gpu:h100:1;
2026-10-10T07:30:16Z 1051|kevin|s1a-a1-9b-s2|PENDING|0:00|90|N/A;1053|kevin|q2s1a-a1-9b-s2|PENDING|0:00|32|gres:gpu:h100:1;
2026-10-10T07:30:31Z 1051|kevin|s1a-a1-9b-s2|PENDING|0:00|90|N/A;1053|kevin|q2s1a-a1-9b-s2|PENDING|0:00|32|gres:gpu:h100:1;
2026-10-10T07:30:46Z 1051|kevin|s1a-a1-9b-s2|PENDING|0:00|90|N/A;1053|kevin|q2s1a-a1-9b-s2|PENDING|0:00|32|gres:gpu:h100:1;
2026-10-10T07:31:01Z 1051|kevin|s1a-a1-9b-s2|PENDING|0:00|90|N/A;1053|kevin|q2s1a-a1-9b-s2|PENDING|0:00|32|gres:gpu:h100:1;
2026-10-10T07:31:16Z 1051|kevin|s1a-a1-9b-s2|PENDING|0:00|90|N/A;1053|kevin|q2s1a-a1-9b-s2|PENDING|0:00|32|gres:gpu:h100:1;
2026-10-10T07:31:31Z 1051|kevin|s1a-a1-9b-s2|PENDING|0:00|90|N/A;1053|kevin|q2s1a-a1-9b-s2|PENDING|0:00|32|gres:gpu:h100:1;
2026-10-10T07:31:46Z 1051|kevin|s1a-a1-9b-s2|PENDING|0:00|90|N/A;1053|kevin|q2s1a-a1-9b-s2|PENDING|0:00|32|gres:gpu:h100:1;
2026-10-10T07:32:01Z 1051|kevin|s1a-a1-9b-s2|PENDING|0:00|90|N/A;1053|kevin|q2s1a-a1-9b-s2|PENDING|0:00|32|gres:gpu:h100:1;
2026-10-10T07:32:16Z 1051|kevin|s1a-a1-9b-s2|PENDING|0:00|90|N/A;1053|kevin|q2s1a-a1-9b-s2|PENDING|0:00|32|gres:gpu:h100:1;
2026-10-10T07:32:31Z 1051|kevin|s1a-a1-9b-s2|PENDING|0:00|90|N/A;1053|kevin|q2s1a-a1-9b-s2|PENDING|0:00|32|gres:gpu:h100:1;
2026-10-10T07:32:46Z 1051|kevin|s1a-a1-9b-s2|PENDING|0:00|90|N/A;1053|kevin|q2s1a-a1-9b-s2|PENDING|0:00|32|gres:gpu:h100:1;
2026-10-10T07:33:01Z 1051|kevin|s1a-a1-9b-s2|PENDING|0:00|90|N/A;1053|kevin|q2s1a-a1-9b-s2|PENDING|0:00|32|gres:gpu:h100:1;
2026-10-10T07:33:16Z 1051|kevin|s1a-a1-9b-s2|PENDING|0:00|90|N/A;1053|kevin|q2s1a-a1-9b-s2|PENDING|0:00|32|gres:gpu:h100:1;
2026-10-10T07:33:31Z 1051|kevin|s1a-a1-9b-s2|PENDING|0:00|90|N/A;1053|kevin|q2s1a-a1-9b-s2|PENDING|0:00|32|gres:gpu:h100:1;
2026-10-10T07:33:46Z 1051|kevin|s1a-a1-9b-s2|PENDING|0:00|90|N/A;1053|kevin|q2s1a-a1-9b-s2|PENDING|0:00|32|gres:gpu:h100:1;
2026-10-10T07:34:01Z 1051|kevin|s1a-a1-9b-s2|PENDING|0:00|90|N/A;1053|kevin|q2s1a-a1-9b-s2|PENDING|0:00|32|gres:gpu:h100:1;
2026-10-10T07:34:16Z 1051|kevin|s1a-a1-9b-s2|PENDING|0:00|90|N/A;1053|kevin|q2s1a-a1-9b-s2|PENDING|0:00|32|gres:gpu:h100:1;
2026-10-10T07:34:31Z 1051|kevin|s1a-a1-9b-s2|PENDING|0:00|90|N/A;1053|kevin|q2s1a-a1-9b-s2|PENDING|0:00|32|gres:gpu:h100:1;
2026-10-10T07:34:46Z 1051|kevin|s1a-a1-9b-s2|PENDING|0:00|90|N/A;1053|kevin|q2s1a-a1-9b-s2|PENDING|0:00|32|gres:gpu:h100:1;
2026-10-10T07:35:01Z 1051|kevin|s1a-a1-9b-s2|PENDING|0:00|90|N/A;1053|kevin|q2s1a-a1-9b-s2|PENDING|0:00|32|gres:gpu:h100:1;
2026-10-10T07:35:16Z 1051|kevin|s1a-a1-9b-s2|PENDING|0:00|90|N/A;1053|kevin|q2s1a-a1-9b-s2|PENDING|0:00|32|gres:gpu:h100:1;
2026-10-10T07:35:31Z 1051|kevin|s1a-a1-9b-s2|PENDING|0:00|90|N/A;1053|kevin|q2s1a-a1-9b-s2|PENDING|0:00|32|gres:gpu:h100:1;
2026-10-10T07:35:46Z 1051|kevin|s1a-a1-9b-s2|PENDING|0:00|90|N/A;1053|kevin|q2s1a-a1-9b-s2|PENDING|0:00|32|gres:gpu:h100:1;
2026-10-10T07:36:01Z 1051|kevin|s1a-a1-9b-s2|PENDING|0:00|90|N/A;1053|kevin|q2s1a-a1-9b-s2|PENDING|0:00|32|gres:gpu:h100:1;
2026-10-10T07:36:16Z 1051|kevin|s1a-a1-9b-s2|PENDING|0:00|90|N/A;1053|kevin|q2s1a-a1-9b-s2|PENDING|0:00|32|gres:gpu:h100:1;
2026-10-10T07:36:31Z 1051|kevin|s1a-a1-9b-s2|PENDING|0:00|90|N/A;1053|kevin|q2s1a-a1-9b-s2|PENDING|0:00|32|gres:gpu:h100:1;
2026-10-10T07:36:46Z 1051|kevin|s1a-a1-9b-s2|PENDING|0:00|90|N/A;1053|kevin|q2s1a-a1-9b-s2|PENDING|0:00|32|gres:gpu:h100:1;
2026-10-10T07:37:01Z 1051|kevin|s1a-a1-9b-s2|PENDING|0:00|90|N/A;1053|kevin|q2s1a-a1-9b-s2|PENDING|0:00|32|gres:gpu:h100:1;
2026-10-10T07:37:16Z 1051|kevin|s1a-a1-9b-s2|PENDING|0:00|90|N/A;1053|kevin|q2s1a-a1-9b-s2|PENDING|0:00|32|gres:gpu:h100:1;
2026-10-10T07:37:31Z 1051|kevin|s1a-a1-9b-s2|PENDING|0:00|90|N/A;1053|kevin|q2s1a-a1-9b-s2|PENDING|0:00|32|gres:gpu:h100:1;
2026-10-10T07:37:46Z 1051|kevin|s1a-a1-9b-s2|PENDING|0:00|90|N/A;1053|kevin|q2s1a-a1-9b-s2|PENDING|0:00|32|gres:gpu:h100:1;
2026-10-10T07:38:02Z 1051|kevin|s1a-a1-9b-s2|PENDING|0:00|90|N/A;1053|kevin|q2s1a-a1-9b-s2|PENDING|0:00|32|gres:gpu:h100:1;
2026-10-10T07:38:17Z 1051|kevin|s1a-a1-9b-s2|PENDING|0:00|90|N/A;1053|kevin|q2s1a-a1-9b-s2|PENDING|0:00|32|gres:gpu:h100:1;
2026-10-10T07:38:32Z 1051|kevin|s1a-a1-9b-s2|PENDING|0:00|90|N/A;1053|kevin|q2s1a-a1-9b-s2|PENDING|0:00|32|gres:gpu:h100:1;
2026-10-10T07:38:47Z 1051|kevin|s1a-a1-9b-s2|PENDING|0:00|90|N/A;1053|kevin|q2s1a-a1-9b-s2|PENDING|0:00|32|gres:gpu:h100:1;
2026-10-10T07:39:02Z 1051|kevin|s1a-a1-9b-s2|PENDING|0:00|90|N/A;1053|kevin|q2s1a-a1-9b-s2|PENDING|0:00|32|gres:gpu:h100:1;
2026-10-10T07:39:17Z 1051|kevin|s1a-a1-9b-s2|PENDING|0:00|90|N/A;1053|kevin|q2s1a-a1-9b-s2|PENDING|0:00|32|gres:gpu:h100:1;
2026-10-10T07:39:32Z 1051|kevin|s1a-a1-9b-s2|PENDING|0:00|90|N/A;1053|kevin|q2s1a-a1-9b-s2|PENDING|0:00|32|gres:gpu:h100:1;
2026-10-10T07:39:47Z 1051|kevin|s1a-a1-9b-s2|PENDING|0:00|90|N/A;1053|kevin|q2s1a-a1-9b-s2|PENDING|0:00|32|gres:gpu:h100:1;
2026-10-10T07:40:02Z 1051|kevin|s1a-a1-9b-s2|PENDING|0:00|90|N/A;1053|kevin|q2s1a-a1-9b-s2|PENDING|0:00|32|gres:gpu:h100:1;
2026-10-10T07:40:17Z 1051|kevin|s1a-a1-9b-s2|PENDING|0:00|90|N/A;1053|kevin|q2s1a-a1-9b-s2|PENDING|0:00|32|gres:gpu:h100:1;
2026-10-10T07:40:32Z 1051|kevin|s1a-a1-9b-s2|PENDING|0:00|90|N/A;1053|kevin|q2s1a-a1-9b-s2|PENDING|0:00|32|gres:gpu:h100:1;
2026-10-10T07:40:47Z 1051|kevin|s1a-a1-9b-s2|PENDING|0:00|90|N/A;1053|kevin|q2s1a-a1-9b-s2|PENDING|0:00|32|gres:gpu:h100:1;
2026-10-10T07:41:02Z 1051|kevin|s1a-a1-9b-s2|PENDING|0:00|90|N/A;1053|kevin|q2s1a-a1-9b-s2|PENDING|0:00|32|gres:gpu:h100:1;
2026-10-10T07:41:17Z 1051|kevin|s1a-a1-9b-s2|PENDING|0:00|90|N/A;1053|kevin|q2s1a-a1-9b-s2|PENDING|0:00|32|gres:gpu:h100:1;
2026-10-10T07:41:32Z 1051|kevin|s1a-a1-9b-s2|PENDING|0:00|90|N/A;1053|kevin|q2s1a-a1-9b-s2|PENDING|0:00|32|gres:gpu:h100:1;
2026-10-10T07:41:47Z 1051|kevin|s1a-a1-9b-s2|PENDING|0:00|90|N/A;1053|kevin|q2s1a-a1-9b-s2|PENDING|0:00|32|gres:gpu:h100:1;
2026-10-10T07:42:02Z 1051|kevin|s1a-a1-9b-s2|PENDING|0:00|90|N/A;1053|kevin|q2s1a-a1-9b-s2|PENDING|0:00|32|gres:gpu:h100:1;
2026-10-10T07:42:17Z 1051|kevin|s1a-a1-9b-s2|PENDING|0:00|90|N/A;1053|kevin|q2s1a-a1-9b-s2|PENDING|0:00|32|gres:gpu:h100:1;
2026-10-10T07:42:32Z 1051|kevin|s1a-a1-9b-s2|PENDING|0:00|90|N/A;1053|kevin|q2s1a-a1-9b-s2|PENDING|0:00|32|gres:gpu:h100:1;
2026-10-10T07:42:47Z 1051|kevin|s1a-a1-9b-s2|PENDING|0:00|90|N/A;1053|kevin|q2s1a-a1-9b-s2|PENDING|0:00|32|gres:gpu:h100:1;
2026-10-10T07:43:02Z 1051|kevin|s1a-a1-9b-s2|PENDING|0:00|90|N/A;1053|kevin|q2s1a-a1-9b-s2|PENDING|0:00|32|gres:gpu:h100:1;
2026-10-10T07:43:17Z 1051|kevin|s1a-a1-9b-s2|PENDING|0:00|90|N/A;1053|kevin|q2s1a-a1-9b-s2|PENDING|0:00|32|gres:gpu:h100:1;
2026-10-10T07:43:32Z 1051|kevin|s1a-a1-9b-s2|PENDING|0:00|90|N/A;1053|kevin|q2s1a-a1-9b-s2|PENDING|0:00|32|gres:gpu:h100:1;
2026-10-10T07:43:47Z 1051|kevin|s1a-a1-9b-s2|PENDING|0:00|90|N/A;1053|kevin|q2s1a-a1-9b-s2|PENDING|0:00|32|gres:gpu:h100:1;
2026-10-10T07:44:02Z 1051|kevin|s1a-a1-9b-s2|PENDING|0:00|90|N/A;1053|kevin|q2s1a-a1-9b-s2|PENDING|0:00|32|gres:gpu:h100:1;
2026-10-10T07:44:17Z 1051|kevin|s1a-a1-9b-s2|PENDING|0:00|90|N/A;1053|kevin|q2s1a-a1-9b-s2|PENDING|0:00|32|gres:gpu:h100:1;
2026-10-10T07:44:32Z 1051|kevin|s1a-a1-9b-s2|PENDING|0:00|90|N/A;1053|kevin|q2s1a-a1-9b-s2|PENDING|0:00|32|gres:gpu:h100:1;
2026-10-10T07:44:47Z 1051|kevin|s1a-a1-9b-s2|PENDING|0:00|90|N/A;1053|kevin|q2s1a-a1-9b-s2|PENDING|0:00|32|gres:gpu:h100:1;
2026-10-10T07:45:02Z 1051|kevin|s1a-a1-9b-s2|PENDING|0:00|90|N/A;1053|kevin|q2s1a-a1-9b-s2|PENDING|0:00|32|gres:gpu:h100:1;
2026-10-10T07:45:17Z 1051|kevin|s1a-a1-9b-s2|PENDING|0:00|90|N/A;1053|kevin|q2s1a-a1-9b-s2|PENDING|0:00|32|gres:gpu:h100:1;
2026-10-10T07:45:32Z 1051|kevin|s1a-a1-9b-s2|PENDING|0:00|90|N/A;1053|kevin|q2s1a-a1-9b-s2|PENDING|0:00|32|gres:gpu:h100:1;
2026-10-10T07:45:47Z 1051|kevin|s1a-a1-9b-s2|PENDING|0:00|90|N/A;1053|kevin|q2s1a-a1-9b-s2|PENDING|0:00|32|gres:gpu:h100:1;
2026-10-10T07:46:02Z 1051|kevin|s1a-a1-9b-s2|PENDING|0:00|90|N/A;1053|kevin|q2s1a-a1-9b-s2|PENDING|0:00|32|gres:gpu:h100:1;
2026-10-10T07:46:17Z 1051|kevin|s1a-a1-9b-s2|PENDING|0:00|90|N/A;1053|kevin|q2s1a-a1-9b-s2|PENDING|0:00|32|gres:gpu:h100:1;
2026-10-10T07:46:32Z 1051|kevin|s1a-a1-9b-s2|PENDING|0:00|90|N/A;1053|kevin|q2s1a-a1-9b-s2|PENDING|0:00|32|gres:gpu:h100:1;
2026-10-10T07:46:47Z 1051|kevin|s1a-a1-9b-s2|PENDING|0:00|90|N/A;1053|kevin|q2s1a-a1-9b-s2|PENDING|0:00|32|gres:gpu:h100:1;
2026-10-10T07:47:02Z 1051|kevin|s1a-a1-9b-s2|PENDING|0:00|90|N/A;1053|kevin|q2s1a-a1-9b-s2|PENDING|0:00|32|gres:gpu:h100:1;
2026-10-10T07:47:17Z 1051|kevin|s1a-a1-9b-s2|PENDING|0:00|90|N/A;1053|kevin|q2s1a-a1-9b-s2|PENDING|0:00|32|gres:gpu:h100:1;
2026-10-10T07:47:32Z 1051|kevin|s1a-a1-9b-s2|PENDING|0:00|90|N/A;1053|kevin|q2s1a-a1-9b-s2|PENDING|0:00|32|gres:gpu:h100:1;
2026-10-10T07:47:47Z 1051|kevin|s1a-a1-9b-s2|PENDING|0:00|90|N/A;1053|kevin|q2s1a-a1-9b-s2|PENDING|0:00|32|gres:gpu:h100:1;
2026-10-10T07:48:02Z 1051|kevin|s1a-a1-9b-s2|PENDING|0:00|90|N/A;1053|kevin|q2s1a-a1-9b-s2|PENDING|0:00|32|gres:gpu:h100:1;
2026-10-10T07:48:17Z 1051|kevin|s1a-a1-9b-s2|PENDING|0:00|90|N/A;1053|kevin|q2s1a-a1-9b-s2|PENDING|0:00|32|gres:gpu:h100:1;
2026-10-10T07:48:32Z 1051|kevin|s1a-a1-9b-s2|PENDING|0:00|90|N/A;1053|kevin|q2s1a-a1-9b-s2|PENDING|0:00|32|gres:gpu:h100:1;
2026-10-10T07:48:47Z 1051|kevin|s1a-a1-9b-s2|PENDING|0:00|90|N/A;1053|kevin|q2s1a-a1-9b-s2|PENDING|0:00|32|gres:gpu:h100:1;
2026-10-10T07:49:02Z 1051|kevin|s1a-a1-9b-s2|PENDING|0:00|90|N/A;1053|kevin|q2s1a-a1-9b-s2|PENDING|0:00|32|gres:gpu:h100:1;
2026-10-10T07:49:17Z 1051|kevin|s1a-a1-9b-s2|PENDING|0:00|90|N/A;1053|kevin|q2s1a-a1-9b-s2|PENDING|0:00|32|gres:gpu:h100:1;
2026-10-10T07:49:32Z 1051|kevin|s1a-a1-9b-s2|PENDING|0:00|90|N/A;1053|kevin|q2s1a-a1-9b-s2|PENDING|0:00|32|gres:gpu:h100:1;
2026-10-10T07:49:47Z 1051|kevin|s1a-a1-9b-s2|PENDING|0:00|90|N/A;1053|kevin|q2s1a-a1-9b-s2|PENDING|0:00|32|gres:gpu:h100:1;
2026-10-10T07:50:02Z 1051|kevin|s1a-a1-9b-s2|PENDING|0:00|90|N/A;1053|kevin|q2s1a-a1-9b-s2|PENDING|0:00|32|gres:gpu:h100:1;
2026-10-10T07:50:18Z 1051|kevin|s1a-a1-9b-s2|PENDING|0:00|90|N/A;1053|kevin|q2s1a-a1-9b-s2|PENDING|0:00|32|gres:gpu:h100:1;
2026-10-10T07:50:33Z 1051|kevin|s1a-a1-9b-s2|PENDING|0:00|90|N/A;1053|kevin|q2s1a-a1-9b-s2|PENDING|0:00|32|gres:gpu:h100:1;
2026-10-10T07:50:48Z 1051|kevin|s1a-a1-9b-s2|PENDING|0:00|90|N/A;1053|kevin|q2s1a-a1-9b-s2|PENDING|0:00|32|gres:gpu:h100:1;
2026-10-10T07:51:03Z 1051|kevin|s1a-a1-9b-s2|PENDING|0:00|90|N/A;1053|kevin|q2s1a-a1-9b-s2|PENDING|0:00|32|gres:gpu:h100:1;
2026-10-10T07:51:18Z 1051|kevin|s1a-a1-9b-s2|PENDING|0:00|90|N/A;1053|kevin|q2s1a-a1-9b-s2|PENDING|0:00|32|gres:gpu:h100:1;
2026-10-10T07:51:33Z 1051|kevin|s1a-a1-9b-s2|PENDING|0:00|90|N/A;1053|kevin|q2s1a-a1-9b-s2|PENDING|0:00|32|gres:gpu:h100:1;
2026-10-10T07:51:48Z 1051|kevin|s1a-a1-9b-s2|PENDING|0:00|90|N/A;1053|kevin|q2s1a-a1-9b-s2|PENDING|0:00|32|gres:gpu:h100:1;
2026-10-10T07:52:03Z 1051|kevin|s1a-a1-9b-s2|PENDING|0:00|90|N/A;1053|kevin|q2s1a-a1-9b-s2|PENDING|0:00|32|gres:gpu:h100:1;
2026-10-10T07:52:18Z 1051|kevin|s1a-a1-9b-s2|PENDING|0:00|90|N/A;1053|kevin|q2s1a-a1-9b-s2|PENDING|0:00|32|gres:gpu:h100:1;
2026-10-10T07:52:33Z 1051|kevin|s1a-a1-9b-s2|PENDING|0:00|90|N/A;1053|kevin|q2s1a-a1-9b-s2|PENDING|0:00|32|gres:gpu:h100:1;
2026-10-10T07:52:48Z 1051|kevin|s1a-a1-9b-s2|PENDING|0:00|90|N/A;1053|kevin|q2s1a-a1-9b-s2|PENDING|0:00|32|gres:gpu:h100:1;
2026-10-10T07:53:03Z 1051|kevin|s1a-a1-9b-s2|PENDING|0:00|90|N/A;1053|kevin|q2s1a-a1-9b-s2|PENDING|0:00|32|gres:gpu:h100:1;
2026-10-10T07:53:18Z 1051|kevin|s1a-a1-9b-s2|PENDING|0:00|90|N/A;1053|kevin|q2s1a-a1-9b-s2|PENDING|0:00|32|gres:gpu:h100:1;
2026-10-10T07:53:33Z 1051|kevin|s1a-a1-9b-s2|PENDING|0:00|90|N/A;1053|kevin|q2s1a-a1-9b-s2|PENDING|0:00|32|gres:gpu:h100:1;
2026-10-10T07:53:48Z 1051|kevin|s1a-a1-9b-s2|PENDING|0:00|90|N/A;1053|kevin|q2s1a-a1-9b-s2|PENDING|0:00|32|gres:gpu:h100:1;
2026-10-10T07:54:03Z 1051|kevin|s1a-a1-9b-s2|PENDING|0:00|90|N/A;1053|kevin|q2s1a-a1-9b-s2|PENDING|0:00|32|gres:gpu:h100:1;
2026-10-10T07:54:18Z 1051|kevin|s1a-a1-9b-s2|PENDING|0:00|90|N/A;1053|kevin|q2s1a-a1-9b-s2|PENDING|0:00|32|gres:gpu:h100:1;
2026-10-10T07:54:33Z 1051|kevin|s1a-a1-9b-s2|PENDING|0:00|90|N/A;1053|kevin|q2s1a-a1-9b-s2|PENDING|0:00|32|gres:gpu:h100:1;
2026-10-10T07:54:48Z 1051|kevin|s1a-a1-9b-s2|PENDING|0:00|90|N/A;1053|kevin|q2s1a-a1-9b-s2|PENDING|0:00|32|gres:gpu:h100:1;
2026-10-10T07:55:03Z 1051|kevin|s1a-a1-9b-s2|PENDING|0:00|90|N/A;1053|kevin|q2s1a-a1-9b-s2|PENDING|0:00|32|gres:gpu:h100:1;
2026-10-10T07:55:18Z 1051|kevin|s1a-a1-9b-s2|PENDING|0:00|90|N/A;1053|kevin|q2s1a-a1-9b-s2|PENDING|0:00|32|gres:gpu:h100:1;
2026-10-10T07:55:33Z 1051|kevin|s1a-a1-9b-s2|PENDING|0:00|90|N/A;1053|kevin|q2s1a-a1-9b-s2|PENDING|0:00|32|gres:gpu:h100:1;
2026-10-10T07:55:48Z 1051|kevin|s1a-a1-9b-s2|PENDING|0:00|90|N/A;1053|kevin|q2s1a-a1-9b-s2|PENDING|0:00|32|gres:gpu:h100:1;
2026-10-10T07:56:03Z 1051|kevin|s1a-a1-9b-s2|PENDING|0:00|90|N/A;1053|kevin|q2s1a-a1-9b-s2|PENDING|0:00|32|gres:gpu:h100:1;
2026-10-10T07:56:18Z 1051|kevin|s1a-a1-9b-s2|PENDING|0:00|90|N/A;1053|kevin|q2s1a-a1-9b-s2|PENDING|0:00|32|gres:gpu:h100:1;
2026-10-10T07:56:33Z 1051|kevin|s1a-a1-9b-s2|PENDING|0:00|90|N/A;1053|kevin|q2s1a-a1-9b-s2|PENDING|0:00|32|gres:gpu:h100:1;
2026-10-10T07:56:48Z 1051|kevin|s1a-a1-9b-s2|PENDING|0:00|90|N/A;1053|kevin|q2s1a-a1-9b-s2|PENDING|0:00|32|gres:gpu:h100:1;
2026-10-10T07:57:03Z 1051|kevin|s1a-a1-9b-s2|PENDING|0:00|90|N/A;1053|kevin|q2s1a-a1-9b-s2|PENDING|0:00|32|gres:gpu:h100:1;
2026-10-10T07:57:18Z 1051|kevin|s1a-a1-9b-s2|PENDING|0:00|90|N/A;1053|kevin|q2s1a-a1-9b-s2|PENDING|0:00|32|gres:gpu:h100:1;
2026-10-10T07:57:33Z 1051|kevin|s1a-a1-9b-s2|PENDING|0:00|90|N/A;1053|kevin|q2s1a-a1-9b-s2|PENDING|0:00|32|gres:gpu:h100:1;
2026-10-10T07:57:48Z 1051|kevin|s1a-a1-9b-s2|PENDING|0:00|90|N/A;1053|kevin|q2s1a-a1-9b-s2|PENDING|0:00|32|gres:gpu:h100:1;
2026-10-10T07:58:03Z 1051|kevin|s1a-a1-9b-s2|PENDING|0:00|90|N/A;1053|kevin|q2s1a-a1-9b-s2|PENDING|0:00|32|gres:gpu:h100:1;
2026-10-10T07:58:18Z 1051|kevin|s1a-a1-9b-s2|PENDING|0:00|90|N/A;1053|kevin|q2s1a-a1-9b-s2|PENDING|0:00|32|gres:gpu:h100:1;
2026-10-10T07:58:33Z 1051|kevin|s1a-a1-9b-s2|PENDING|0:00|90|N/A;1053|kevin|q2s1a-a1-9b-s2|PENDING|0:00|32|gres:gpu:h100:1;
2026-10-10T07:58:48Z 1051|kevin|s1a-a1-9b-s2|PENDING|0:00|90|N/A;1053|kevin|q2s1a-a1-9b-s2|PENDING|0:00|32|gres:gpu:h100:1;
2026-10-10T07:59:03Z 1051|kevin|s1a-a1-9b-s2|PENDING|0:00|90|N/A;1053|kevin|q2s1a-a1-9b-s2|PENDING|0:00|32|gres:gpu:h100:1;
2026-10-10T07:59:18Z 1051|kevin|s1a-a1-9b-s2|PENDING|0:00|90|N/A;1053|kevin|q2s1a-a1-9b-s2|PENDING|0:00|32|gres:gpu:h100:1;
2026-10-10T07:59:33Z 1051|kevin|s1a-a1-9b-s2|PENDING|0:00|90|N/A;1053|kevin|q2s1a-a1-9b-s2|PENDING|0:00|32|gres:gpu:h100:1;
2026-10-10T07:59:48Z 1051|kevin|s1a-a1-9b-s2|PENDING|0:00|90|N/A;1053|kevin|q2s1a-a1-9b-s2|PENDING|0:00|32|gres:gpu:h100:1;
2026-10-10T08:00:03Z 1051|kevin|s1a-a1-9b-s2|PENDING|0:00|90|N/A;1053|kevin|q2s1a-a1-9b-s2|PENDING|0:00|32|gres:gpu:h100:1;
2026-10-10T08:00:18Z 1051|kevin|s1a-a1-9b-s2|PENDING|0:00|90|N/A;1053|kevin|q2s1a-a1-9b-s2|PENDING|0:00|32|gres:gpu:h100:1;
2026-10-10T08:00:33Z 1051|kevin|s1a-a1-9b-s2|PENDING|0:00|90|N/A;1053|kevin|q2s1a-a1-9b-s2|PENDING|0:00|32|gres:gpu:h100:1;
2026-10-10T08:00:48Z 1051|kevin|s1a-a1-9b-s2|PENDING|0:00|90|N/A;1053|kevin|q2s1a-a1-9b-s2|PENDING|0:00|32|gres:gpu:h100:1;
2026-10-10T08:01:03Z 1051|kevin|s1a-a1-9b-s2|PENDING|0:00|90|N/A;1053|kevin|q2s1a-a1-9b-s2|PENDING|0:00|32|gres:gpu:h100:1;
2026-10-10T08:01:18Z 1051|kevin|s1a-a1-9b-s2|PENDING|0:00|90|N/A;1053|kevin|q2s1a-a1-9b-s2|PENDING|0:00|32|gres:gpu:h100:1;
2026-10-10T08:01:33Z 1051|kevin|s1a-a1-9b-s2|PENDING|0:00|90|N/A;1053|kevin|q2s1a-a1-9b-s2|PENDING|0:00|32|gres:gpu:h100:1;
2026-10-10T08:01:48Z 1051|kevin|s1a-a1-9b-s2|PENDING|0:00|90|N/A;1053|kevin|q2s1a-a1-9b-s2|PENDING|0:00|32|gres:gpu:h100:1;
2026-10-10T08:02:03Z 1051|kevin|s1a-a1-9b-s2|PENDING|0:00|90|N/A;1053|kevin|q2s1a-a1-9b-s2|PENDING|0:00|32|gres:gpu:h100:1;
2026-10-10T08:02:18Z 1051|kevin|s1a-a1-9b-s2|PENDING|0:00|90|N/A;1053|kevin|q2s1a-a1-9b-s2|PENDING|0:00|32|gres:gpu:h100:1;
2026-10-10T08:02:34Z 1051|kevin|s1a-a1-9b-s2|PENDING|0:00|90|N/A;1053|kevin|q2s1a-a1-9b-s2|PENDING|0:00|32|gres:gpu:h100:1;
2026-10-10T08:02:49Z 1051|kevin|s1a-a1-9b-s2|PENDING|0:00|90|N/A;1053|kevin|q2s1a-a1-9b-s2|PENDING|0:00|32|gres:gpu:h100:1;
2026-10-10T08:03:04Z 1051|kevin|s1a-a1-9b-s2|PENDING|0:00|90|N/A;1053|kevin|q2s1a-a1-9b-s2|PENDING|0:00|32|gres:gpu:h100:1;
2026-10-10T08:03:19Z 1051|kevin|s1a-a1-9b-s2|PENDING|0:00|90|N/A;1053|kevin|q2s1a-a1-9b-s2|PENDING|0:00|32|gres:gpu:h100:1;
2026-10-10T08:03:34Z 1051|kevin|s1a-a1-9b-s2|PENDING|0:00|90|N/A;1053|kevin|q2s1a-a1-9b-s2|PENDING|0:00|32|gres:gpu:h100:1;
2026-10-10T08:03:49Z 1051|kevin|s1a-a1-9b-s2|PENDING|0:00|90|N/A;1053|kevin|q2s1a-a1-9b-s2|PENDING|0:00|32|gres:gpu:h100:1;
2026-10-10T08:04:04Z 1051|kevin|s1a-a1-9b-s2|PENDING|0:00|90|N/A;1053|kevin|q2s1a-a1-9b-s2|PENDING|0:00|32|gres:gpu:h100:1;
2026-10-10T08:04:19Z 1051|kevin|s1a-a1-9b-s2|PENDING|0:00|90|N/A;1053|kevin|q2s1a-a1-9b-s2|PENDING|0:00|32|gres:gpu:h100:1;
2026-10-10T08:04:34Z 1051|kevin|s1a-a1-9b-s2|PENDING|0:00|90|N/A;1053|kevin|q2s1a-a1-9b-s2|PENDING|0:00|32|gres:gpu:h100:1;
2026-10-10T08:04:49Z 1051|kevin|s1a-a1-9b-s2|PENDING|0:00|90|N/A;1053|kevin|q2s1a-a1-9b-s2|PENDING|0:00|32|gres:gpu:h100:1;
2026-10-10T08:05:04Z 1051|kevin|s1a-a1-9b-s2|PENDING|0:00|90|N/A;1053|kevin|q2s1a-a1-9b-s2|PENDING|0:00|32|gres:gpu:h100:1;
2026-10-10T08:05:19Z 1051|kevin|s1a-a1-9b-s2|PENDING|0:00|90|N/A;1053|kevin|q2s1a-a1-9b-s2|PENDING|0:00|32|gres:gpu:h100:1;
2026-10-10T08:05:34Z 1051|kevin|s1a-a1-9b-s2|PENDING|0:00|90|N/A;1053|kevin|q2s1a-a1-9b-s2|PENDING|0:00|32|gres:gpu:h100:1;
2026-10-10T08:05:49Z 1051|kevin|s1a-a1-9b-s2|PENDING|0:00|90|N/A;1053|kevin|q2s1a-a1-9b-s2|PENDING|0:00|32|gres:gpu:h100:1;
2026-10-10T08:06:04Z 1051|kevin|s1a-a1-9b-s2|PENDING|0:00|90|N/A;1053|kevin|q2s1a-a1-9b-s2|PENDING|0:00|32|gres:gpu:h100:1;
2026-10-10T08:06:19Z 1051|kevin|s1a-a1-9b-s2|PENDING|0:00|90|N/A;1053|kevin|q2s1a-a1-9b-s2|PENDING|0:00|32|gres:gpu:h100:1;
2026-10-10T08:06:34Z 1051|kevin|s1a-a1-9b-s2|PENDING|0:00|90|N/A;1053|kevin|q2s1a-a1-9b-s2|PENDING|0:00|32|gres:gpu:h100:1;
2026-10-10T08:06:49Z 1051|kevin|s1a-a1-9b-s2|PENDING|0:00|90|N/A;1053|kevin|q2s1a-a1-9b-s2|PENDING|0:00|32|gres:gpu:h100:1;
2026-10-10T08:07:04Z 1051|kevin|s1a-a1-9b-s2|PENDING|0:00|90|N/A;1053|kevin|q2s1a-a1-9b-s2|PENDING|0:00|32|gres:gpu:h100:1;
2026-10-10T08:07:19Z 1051|kevin|s1a-a1-9b-s2|PENDING|0:00|90|N/A;1053|kevin|q2s1a-a1-9b-s2|PENDING|0:00|32|gres:gpu:h100:1;
2026-10-10T08:07:34Z 1051|kevin|s1a-a1-9b-s2|PENDING|0:00|90|N/A;1053|kevin|q2s1a-a1-9b-s2|PENDING|0:00|32|gres:gpu:h100:1;
2026-10-10T08:07:49Z 1051|kevin|s1a-a1-9b-s2|PENDING|0:00|90|N/A;1053|kevin|q2s1a-a1-9b-s2|PENDING|0:00|32|gres:gpu:h100:1;
2026-10-10T08:08:04Z 1051|kevin|s1a-a1-9b-s2|PENDING|0:00|90|N/A;1053|kevin|q2s1a-a1-9b-s2|PENDING|0:00|32|gres:gpu:h100:1;
2026-10-10T08:08:19Z 1051|kevin|s1a-a1-9b-s2|PENDING|0:00|90|N/A;1053|kevin|q2s1a-a1-9b-s2|PENDING|0:00|32|gres:gpu:h100:1;
2026-10-10T08:08:34Z 1051|kevin|s1a-a1-9b-s2|PENDING|0:00|90|N/A;1053|kevin|q2s1a-a1-9b-s2|PENDING|0:00|32|gres:gpu:h100:1;
2026-10-10T08:08:49Z 1051|kevin|s1a-a1-9b-s2|PENDING|0:00|90|N/A;1053|kevin|q2s1a-a1-9b-s2|PENDING|0:00|32|gres:gpu:h100:1;
2026-10-10T08:09:04Z 1051|kevin|s1a-a1-9b-s2|PENDING|0:00|90|N/A;1053|kevin|q2s1a-a1-9b-s2|PENDING|0:00|32|gres:gpu:h100:1;
2026-10-10T08:09:19Z 1051|kevin|s1a-a1-9b-s2|PENDING|0:00|90|N/A;1053|kevin|q2s1a-a1-9b-s2|PENDING|0:00|32|gres:gpu:h100:1;
2026-10-10T08:09:34Z 1051|kevin|s1a-a1-9b-s2|PENDING|0:00|90|N/A;1053|kevin|q2s1a-a1-9b-s2|PENDING|0:00|32|gres:gpu:h100:1;
2026-10-10T08:09:49Z 1051|kevin|s1a-a1-9b-s2|PENDING|0:00|90|N/A;1053|kevin|q2s1a-a1-9b-s2|PENDING|0:00|32|gres:gpu:h100:1;
2026-10-10T08:10:04Z 1051|kevin|s1a-a1-9b-s2|PENDING|0:00|90|N/A;1053|kevin|q2s1a-a1-9b-s2|PENDING|0:00|32|gres:gpu:h100:1;
2026-10-10T08:10:19Z 1051|kevin|s1a-a1-9b-s2|PENDING|0:00|90|N/A;1053|kevin|q2s1a-a1-9b-s2|PENDING|0:00|32|gres:gpu:h100:1;
2026-10-10T08:10:34Z 1051|kevin|s1a-a1-9b-s2|PENDING|0:00|90|N/A;1053|kevin|q2s1a-a1-9b-s2|PENDING|0:00|32|gres:gpu:h100:1;
2026-10-10T08:10:49Z 1051|kevin|s1a-a1-9b-s2|PENDING|0:00|90|N/A;1053|kevin|q2s1a-a1-9b-s2|PENDING|0:00|32|gres:gpu:h100:1;
2026-10-10T08:11:04Z 1051|kevin|s1a-a1-9b-s2|PENDING|0:00|90|N/A;1053|kevin|q2s1a-a1-9b-s2|PENDING|0:00|32|gres:gpu:h100:1;
2026-10-10T08:11:19Z 1051|kevin|s1a-a1-9b-s2|PENDING|0:00|90|N/A;1053|kevin|q2s1a-a1-9b-s2|PENDING|0:00|32|gres:gpu:h100:1;
2026-10-10T08:11:34Z 1051|kevin|s1a-a1-9b-s2|PENDING|0:00|90|N/A;1053|kevin|q2s1a-a1-9b-s2|PENDING|0:00|32|gres:gpu:h100:1;
2026-10-10T08:11:49Z 1051|kevin|s1a-a1-9b-s2|PENDING|0:00|90|N/A;1053|kevin|q2s1a-a1-9b-s2|PENDING|0:00|32|gres:gpu:h100:1;
2026-10-10T08:12:04Z 1051|kevin|s1a-a1-9b-s2|PENDING|0:00|90|N/A;1053|kevin|q2s1a-a1-9b-s2|PENDING|0:00|32|gres:gpu:h100:1;
2026-10-10T08:12:19Z 1051|kevin|s1a-a1-9b-s2|PENDING|0:00|90|N/A;1053|kevin|q2s1a-a1-9b-s2|PENDING|0:00|32|gres:gpu:h100:1;
2026-10-10T08:12:34Z 1051|kevin|s1a-a1-9b-s2|PENDING|0:00|90|N/A;1053|kevin|q2s1a-a1-9b-s2|PENDING|0:00|32|gres:gpu:h100:1;
2026-10-10T08:12:49Z 1051|kevin|s1a-a1-9b-s2|PENDING|0:00|90|N/A;1053|kevin|q2s1a-a1-9b-s2|PENDING|0:00|32|gres:gpu:h100:1;
2026-10-10T08:13:04Z 1051|kevin|s1a-a1-9b-s2|PENDING|0:00|90|N/A;1053|kevin|q2s1a-a1-9b-s2|PENDING|0:00|32|gres:gpu:h100:1;
2026-10-10T08:13:19Z 1051|kevin|s1a-a1-9b-s2|PENDING|0:00|90|N/A;1053|kevin|q2s1a-a1-9b-s2|PENDING|0:00|32|gres:gpu:h100:1;
2026-10-10T08:13:34Z 1051|kevin|s1a-a1-9b-s2|PENDING|0:00|90|N/A;1053|kevin|q2s1a-a1-9b-s2|PENDING|0:00|32|gres:gpu:h100:1;
2026-10-10T08:13:49Z 1051|kevin|s1a-a1-9b-s2|PENDING|0:00|90|N/A;1053|kevin|q2s1a-a1-9b-s2|PENDING|0:00|32|gres:gpu:h100:1;
2026-10-10T08:14:04Z 1051|kevin|s1a-a1-9b-s2|PENDING|0:00|90|N/A;1053|kevin|q2s1a-a1-9b-s2|PENDING|0:00|32|gres:gpu:h100:1;
2026-10-10T08:14:19Z 1051|kevin|s1a-a1-9b-s2|PENDING|0:00|90|N/A;1053|kevin|q2s1a-a1-9b-s2|PENDING|0:00|32|gres:gpu:h100:1;
2026-10-10T08:14:34Z 1051|kevin|s1a-a1-9b-s2|PENDING|0:00|90|N/A;1053|kevin|q2s1a-a1-9b-s2|PENDING|0:00|32|gres:gpu:h100:1;
2026-10-10T08:14:50Z 1051|kevin|s1a-a1-9b-s2|PENDING|0:00|90|N/A;1053|kevin|q2s1a-a1-9b-s2|PENDING|0:00|32|gres:gpu:h100:1;
2026-10-10T08:15:05Z 1051|kevin|s1a-a1-9b-s2|PENDING|0:00|90|N/A;1053|kevin|q2s1a-a1-9b-s2|PENDING|0:00|32|gres:gpu:h100:1;
2026-10-10T08:15:20Z 1051|kevin|s1a-a1-9b-s2|PENDING|0:00|90|N/A;1053|kevin|q2s1a-a1-9b-s2|PENDING|0:00|32|gres:gpu:h100:1;
2026-10-10T08:15:35Z 1051|kevin|s1a-a1-9b-s2|PENDING|0:00|90|N/A;1053|kevin|q2s1a-a1-9b-s2|PENDING|0:00|32|gres:gpu:h100:1;
2026-10-10T08:15:50Z 1051|kevin|s1a-a1-9b-s2|PENDING|0:00|90|N/A;1053|kevin|q2s1a-a1-9b-s2|PENDING|0:00|32|gres:gpu:h100:1;
2026-10-10T08:16:05Z 1051|kevin|s1a-a1-9b-s2|PENDING|0:00|90|N/A;1053|kevin|q2s1a-a1-9b-s2|PENDING|0:00|32|gres:gpu:h100:1;
2026-10-10T08:16:20Z 1051|kevin|s1a-a1-9b-s2|PENDING|0:00|90|N/A;1053|kevin|q2s1a-a1-9b-s2|PENDING|0:00|32|gres:gpu:h100:1;
2026-10-10T08:16:35Z 1051|kevin|s1a-a1-9b-s2|PENDING|0:00|90|N/A;1053|kevin|q2s1a-a1-9b-s2|PENDING|0:00|32|gres:gpu:h100:1;
2026-10-10T08:16:50Z 1051|kevin|s1a-a1-9b-s2|PENDING|0:00|90|N/A;1053|kevin|q2s1a-a1-9b-s2|PENDING|0:00|32|gres:gpu:h100:1;
2026-10-10T08:17:05Z 1051|kevin|s1a-a1-9b-s2|PENDING|0:00|90|N/A;1053|kevin|q2s1a-a1-9b-s2|PENDING|0:00|32|gres:gpu:h100:1;
2026-10-10T08:17:20Z 1051|kevin|s1a-a1-9b-s2|PENDING|0:00|90|N/A;1053|kevin|q2s1a-a1-9b-s2|PENDING|0:00|32|gres:gpu:h100:1;
2026-10-10T08:17:35Z 1051|kevin|s1a-a1-9b-s2|PENDING|0:00|90|N/A;1053|kevin|q2s1a-a1-9b-s2|PENDING|0:00|32|gres:gpu:h100:1;
2026-10-10T08:17:50Z 1051|kevin|s1a-a1-9b-s2|PENDING|0:00|90|N/A;1053|kevin|q2s1a-a1-9b-s2|PENDING|0:00|32|gres:gpu:h100:1;
2026-10-10T08:18:05Z 1051|kevin|s1a-a1-9b-s2|PENDING|0:00|90|N/A;1053|kevin|q2s1a-a1-9b-s2|PENDING|0:00|32|gres:gpu:h100:1;
2026-10-10T08:18:20Z 1051|kevin|s1a-a1-9b-s2|PENDING|0:00|90|N/A;1053|kevin|q2s1a-a1-9b-s2|PENDING|0:00|32|gres:gpu:h100:1;
2026-10-10T08:18:35Z 1051|kevin|s1a-a1-9b-s2|PENDING|0:00|90|N/A;1053|kevin|q2s1a-a1-9b-s2|PENDING|0:00|32|gres:gpu:h100:1;
2026-10-10T08:18:50Z 1051|kevin|s1a-a1-9b-s2|PENDING|0:00|90|N/A;1053|kevin|q2s1a-a1-9b-s2|PENDING|0:00|32|gres:gpu:h100:1;
2026-10-10T08:19:05Z 1051|kevin|s1a-a1-9b-s2|PENDING|0:00|90|N/A;1053|kevin|q2s1a-a1-9b-s2|PENDING|0:00|32|gres:gpu:h100:1;
2026-10-10T08:19:20Z 1051|kevin|s1a-a1-9b-s2|PENDING|0:00|90|N/A;1053|kevin|q2s1a-a1-9b-s2|PENDING|0:00|32|gres:gpu:h100:1;
2026-10-10T08:19:35Z 1051|kevin|s1a-a1-9b-s2|PENDING|0:00|90|N/A;1053|kevin|q2s1a-a1-9b-s2|PENDING|0:00|32|gres:gpu:h100:1;
2026-10-10T08:19:50Z 1051|kevin|s1a-a1-9b-s2|PENDING|0:00|90|N/A;1053|kevin|q2s1a-a1-9b-s2|PENDING|0:00|32|gres:gpu:h100:1;
2026-10-10T08:20:05Z 1051|kevin|s1a-a1-9b-s2|PENDING|0:00|90|N/A;1053|kevin|q2s1a-a1-9b-s2|PENDING|0:00|32|gres:gpu:h100:1;
2026-10-10T08:20:20Z 1051|kevin|s1a-a1-9b-s2|PENDING|0:00|90|N/A;1053|kevin|q2s1a-a1-9b-s2|PENDING|0:00|32|gres:gpu:h100:1;
2026-10-10T08:20:35Z 1051|kevin|s1a-a1-9b-s2|PENDING|0:00|90|N/A;1053|kevin|q2s1a-a1-9b-s2|PENDING|0:00|32|gres:gpu:h100:1;
2026-10-10T08:20:50Z 1051|kevin|s1a-a1-9b-s2|PENDING|0:00|90|N/A;1053|kevin|q2s1a-a1-9b-s2|PENDING|0:00|32|gres:gpu:h100:1;
2026-10-10T08:21:05Z 1051|kevin|s1a-a1-9b-s2|PENDING|0:00|90|N/A;1053|kevin|q2s1a-a1-9b-s2|PENDING|0:00|32|gres:gpu:h100:1;
2026-10-10T08:21:20Z 1051|kevin|s1a-a1-9b-s2|PENDING|0:00|90|N/A;1053|kevin|q2s1a-a1-9b-s2|PENDING|0:00|32|gres:gpu:h100:1;
2026-10-10T08:21:35Z 1051|kevin|s1a-a1-9b-s2|PENDING|0:00|90|N/A;1053|kevin|q2s1a-a1-9b-s2|PENDING|0:00|32|gres:gpu:h100:1;
2026-10-10T08:21:50Z 1051|kevin|s1a-a1-9b-s2|PENDING|0:00|90|N/A;1053|kevin|q2s1a-a1-9b-s2|PENDING|0:00|32|gres:gpu:h100:1;
2026-10-10T08:22:05Z 1051|kevin|s1a-a1-9b-s2|PENDING|0:00|90|N/A;1053|kevin|q2s1a-a1-9b-s2|PENDING|0:00|32|gres:gpu:h100:1;
2026-10-10T08:22:20Z 1051|kevin|s1a-a1-9b-s2|PENDING|0:00|90|N/A;1053|kevin|q2s1a-a1-9b-s2|PENDING|0:00|32|gres:gpu:h100:1;
2026-10-10T08:22:35Z 1051|kevin|s1a-a1-9b-s2|PENDING|0:00|90|N/A;1053|kevin|q2s1a-a1-9b-s2|PENDING|0:00|32|gres:gpu:h100:1;
2026-10-10T08:22:50Z 1051|kevin|s1a-a1-9b-s2|PENDING|0:00|90|N/A;1053|kevin|q2s1a-a1-9b-s2|PENDING|0:00|32|gres:gpu:h100:1;
2026-10-10T08:23:05Z 1051|kevin|s1a-a1-9b-s2|PENDING|0:00|90|N/A;1053|kevin|q2s1a-a1-9b-s2|PENDING|0:00|32|gres:gpu:h100:1;
2026-10-10T08:23:20Z 1051|kevin|s1a-a1-9b-s2|PENDING|0:00|90|N/A;1053|kevin|q2s1a-a1-9b-s2|PENDING|0:00|32|gres:gpu:h100:1;
2026-10-10T08:23:35Z 1051|kevin|s1a-a1-9b-s2|PENDING|0:00|90|N/A;1053|kevin|q2s1a-a1-9b-s2|PENDING|0:00|32|gres:gpu:h100:1;
2026-10-10T08:23:50Z 1051|kevin|s1a-a1-9b-s2|PENDING|0:00|90|N/A;1053|kevin|q2s1a-a1-9b-s2|PENDING|0:00|32|gres:gpu:h100:1;
2026-10-10T08:24:05Z 1051|kevin|s1a-a1-9b-s2|PENDING|0:00|90|N/A;1053|kevin|q2s1a-a1-9b-s2|PENDING|0:00|32|gres:gpu:h100:1;
2026-10-10T08:24:20Z 1051|kevin|s1a-a1-9b-s2|PENDING|0:00|90|N/A;1053|kevin|q2s1a-a1-9b-s2|PENDING|0:00|32|gres:gpu:h100:1;
2026-10-10T08:24:35Z 1051|kevin|s1a-a1-9b-s2|PENDING|0:00|90|N/A;1053|kevin|q2s1a-a1-9b-s2|PENDING|0:00|32|gres:gpu:h100:1;
2026-10-10T08:24:50Z 1051|kevin|s1a-a1-9b-s2|PENDING|0:00|90|N/A;1053|kevin|q2s1a-a1-9b-s2|PENDING|0:00|32|gres:gpu:h100:1;
2026-10-10T08:25:05Z 1051|kevin|s1a-a1-9b-s2|PENDING|0:00|90|N/A;1053|kevin|q2s1a-a1-9b-s2|PENDING|0:00|32|gres:gpu:h100:1;
2026-10-10T08:25:20Z 1051|kevin|s1a-a1-9b-s2|PENDING|0:00|90|N/A;1053|kevin|q2s1a-a1-9b-s2|PENDING|0:00|32|gres:gpu:h100:1;
2026-10-10T08:25:35Z 1051|kevin|s1a-a1-9b-s2|PENDING|0:00|90|N/A;1053|kevin|q2s1a-a1-9b-s2|PENDING|0:00|32|gres:gpu:h100:1;
2026-10-10T08:25:50Z 1051|kevin|s1a-a1-9b-s2|PENDING|0:00|90|N/A;1053|kevin|q2s1a-a1-9b-s2|PENDING|0:00|32|gres:gpu:h100:1;
2026-10-10T08:26:05Z 1051|kevin|s1a-a1-9b-s2|PENDING|0:00|90|N/A;1053|kevin|q2s1a-a1-9b-s2|PENDING|0:00|32|gres:gpu:h100:1;
2026-10-10T08:26:20Z 1051|kevin|s1a-a1-9b-s2|PENDING|0:00|90|N/A;1053|kevin|q2s1a-a1-9b-s2|PENDING|0:00|32|gres:gpu:h100:1;
2026-10-10T08:26:35Z 1051|kevin|s1a-a1-9b-s2|PENDING|0:00|90|N/A;1053|kevin|q2s1a-a1-9b-s2|PENDING|0:00|32|gres:gpu:h100:1;
2026-10-10T08:26:50Z 1051|kevin|s1a-a1-9b-s2|PENDING|0:00|90|N/A;1053|kevin|q2s1a-a1-9b-s2|PENDING|0:00|32|gres:gpu:h100:1;
2026-10-10T08:27:06Z 1051|kevin|s1a-a1-9b-s2|PENDING|0:00|90|N/A;1053|kevin|q2s1a-a1-9b-s2|PENDING|0:00|32|gres:gpu:h100:1;
2026-10-10T08:27:21Z 1051|kevin|s1a-a1-9b-s2|PENDING|0:00|90|N/A;1053|kevin|q2s1a-a1-9b-s2|PENDING|0:00|32|gres:gpu:h100:1;
2026-10-10T08:27:36Z 1051|kevin|s1a-a1-9b-s2|PENDING|0:00|90|N/A;1053|kevin|q2s1a-a1-9b-s2|PENDING|0:00|32|gres:gpu:h100:1;
2026-10-10T08:27:51Z 1051|kevin|s1a-a1-9b-s2|PENDING|0:00|90|N/A;1053|kevin|q2s1a-a1-9b-s2|PENDING|0:00|32|gres:gpu:h100:1;
2026-10-10T08:28:06Z 1051|kevin|s1a-a1-9b-s2|PENDING|0:00|90|N/A;1053|kevin|q2s1a-a1-9b-s2|PENDING|0:00|32|gres:gpu:h100:1;
2026-10-10T08:28:21Z 1051|kevin|s1a-a1-9b-s2|PENDING|0:00|90|N/A;1053|kevin|q2s1a-a1-9b-s2|PENDING|0:00|32|gres:gpu:h100:1;
2026-10-10T08:28:36Z 1051|kevin|s1a-a1-9b-s2|PENDING|0:00|90|N/A;1053|kevin|q2s1a-a1-9b-s2|PENDING|0:00|32|gres:gpu:h100:1;
2026-10-10T08:28:51Z 1051|kevin|s1a-a1-9b-s2|PENDING|0:00|90|N/A;1053|kevin|q2s1a-a1-9b-s2|PENDING|0:00|32|gres:gpu:h100:1;
2026-10-10T08:29:06Z 1051|kevin|s1a-a1-9b-s2|PENDING|0:00|90|N/A;1053|kevin|q2s1a-a1-9b-s2|PENDING|0:00|32|gres:gpu:h100:1;
2026-10-10T08:29:21Z 1051|kevin|s1a-a1-9b-s2|PENDING|0:00|90|N/A;1053|kevin|q2s1a-a1-9b-s2|PENDING|0:00|32|gres:gpu:h100:1;
2026-10-10T08:29:36Z 1051|kevin|s1a-a1-9b-s2|PENDING|0:00|90|N/A;1053|kevin|q2s1a-a1-9b-s2|PENDING|0:00|32|gres:gpu:h100:1;
2026-10-10T08:29:51Z 1051|kevin|s1a-a1-9b-s2|PENDING|0:00|90|N/A;1053|kevin|q2s1a-a1-9b-s2|PENDING|0:00|32|gres:gpu:h100:1;
2026-10-10T08:30:06Z 1051|kevin|s1a-a1-9b-s2|PENDING|0:00|90|N/A;1053|kevin|q2s1a-a1-9b-s2|PENDING|0:00|32|gres:gpu:h100:1;
2026-10-10T08:30:21Z 1051|kevin|s1a-a1-9b-s2|PENDING|0:00|90|N/A;1053|kevin|q2s1a-a1-9b-s2|PENDING|0:00|32|gres:gpu:h100:1;
2026-10-10T08:30:36Z 1051|kevin|s1a-a1-9b-s2|PENDING|0:00|90|N/A;1053|kevin|q2s1a-a1-9b-s2|PENDING|0:00|32|gres:gpu:h100:1;
2026-10-10T08:30:51Z 1051|kevin|s1a-a1-9b-s2|PENDING|0:00|90|N/A;1053|kevin|q2s1a-a1-9b-s2|PENDING|0:00|32|gres:gpu:h100:1;
2026-10-10T08:31:06Z 1051|kevin|s1a-a1-9b-s2|PENDING|0:00|90|N/A;1053|kevin|q2s1a-a1-9b-s2|PENDING|0:00|32|gres:gpu:h100:1;
2026-10-10T08:31:21Z 1051|kevin|s1a-a1-9b-s2|PENDING|0:00|90|N/A;1053|kevin|q2s1a-a1-9b-s2|PENDING|0:00|32|gres:gpu:h100:1;
2026-10-10T08:31:36Z 1051|kevin|s1a-a1-9b-s2|PENDING|0:00|90|N/A;1053|kevin|q2s1a-a1-9b-s2|PENDING|0:00|32|gres:gpu:h100:1;
2026-10-10T08:31:51Z 1051|kevin|s1a-a1-9b-s2|PENDING|0:00|90|N/A;1053|kevin|q2s1a-a1-9b-s2|PENDING|0:00|32|gres:gpu:h100:1;
2026-10-10T08:32:06Z 1051|kevin|s1a-a1-9b-s2|PENDING|0:00|90|N/A;1053|kevin|q2s1a-a1-9b-s2|PENDING|0:00|32|gres:gpu:h100:1;
2026-10-10T08:32:21Z 1051|kevin|s1a-a1-9b-s2|PENDING|0:00|90|N/A;1053|kevin|q2s1a-a1-9b-s2|PENDING|0:00|32|gres:gpu:h100:1;
2026-10-10T08:32:36Z 1051|kevin|s1a-a1-9b-s2|PENDING|0:00|90|N/A;1053|kevin|q2s1a-a1-9b-s2|PENDING|0:00|32|gres:gpu:h100:1;
2026-10-10T08:32:51Z 1051|kevin|s1a-a1-9b-s2|PENDING|0:00|90|N/A;1053|kevin|q2s1a-a1-9b-s2|PENDING|0:00|32|gres:gpu:h100:1;
2026-10-10T08:33:06Z 1051|kevin|s1a-a1-9b-s2|PENDING|0:00|90|N/A;1053|kevin|q2s1a-a1-9b-s2|PENDING|0:00|32|gres:gpu:h100:1;
2026-10-10T08:33:21Z 1051|kevin|s1a-a1-9b-s2|PENDING|0:00|90|N/A;1053|kevin|q2s1a-a1-9b-s2|PENDING|0:00|32|gres:gpu:h100:1;
2026-10-10T08:33:36Z 1051|kevin|s1a-a1-9b-s2|PENDING|0:00|90|N/A;1053|kevin|q2s1a-a1-9b-s2|PENDING|0:00|32|gres:gpu:h100:1;
2026-10-10T08:33:51Z 1051|kevin|s1a-a1-9b-s2|PENDING|0:00|90|N/A;1053|kevin|q2s1a-a1-9b-s2|PENDING|0:00|32|gres:gpu:h100:1;
2026-10-10T08:34:06Z 1051|kevin|s1a-a1-9b-s2|PENDING|0:00|90|N/A;1053|kevin|q2s1a-a1-9b-s2|PENDING|0:00|32|gres:gpu:h100:1;
2026-10-10T08:34:21Z 1051|kevin|s1a-a1-9b-s2|PENDING|0:00|90|N/A;1053|kevin|q2s1a-a1-9b-s2|PENDING|0:00|32|gres:gpu:h100:1;
2026-10-10T08:34:36Z 1051|kevin|s1a-a1-9b-s2|PENDING|0:00|90|N/A;1053|kevin|q2s1a-a1-9b-s2|PENDING|0:00|32|gres:gpu:h100:1;
2026-10-10T08:34:51Z 1051|kevin|s1a-a1-9b-s2|PENDING|0:00|90|N/A;1053|kevin|q2s1a-a1-9b-s2|PENDING|0:00|32|gres:gpu:h100:1;
2026-10-10T08:35:06Z 1051|kevin|s1a-a1-9b-s2|PENDING|0:00|90|N/A;1053|kevin|q2s1a-a1-9b-s2|PENDING|0:00|32|gres:gpu:h100:1;
2026-10-10T08:35:21Z 1051|kevin|s1a-a1-9b-s2|PENDING|0:00|90|N/A;1053|kevin|q2s1a-a1-9b-s2|PENDING|0:00|32|gres:gpu:h100:1;
2026-10-10T08:35:36Z 1051|kevin|s1a-a1-9b-s2|PENDING|0:00|90|N/A;1053|kevin|q2s1a-a1-9b-s2|PENDING|0:00|32|gres:gpu:h100:1;
2026-10-10T08:35:51Z 1051|kevin|s1a-a1-9b-s2|PENDING|0:00|90|N/A;1053|kevin|q2s1a-a1-9b-s2|PENDING|0:00|32|gres:gpu:h100:1;
2026-10-10T08:36:06Z 1051|kevin|s1a-a1-9b-s2|PENDING|0:00|90|N/A;1053|kevin|q2s1a-a1-9b-s2|PENDING|0:00|32|gres:gpu:h100:1;
2026-10-10T08:36:21Z 1051|kevin|s1a-a1-9b-s2|PENDING|0:00|90|N/A;1053|kevin|q2s1a-a1-9b-s2|PENDING|0:00|32|gres:gpu:h100:1;
2026-10-10T08:36:36Z 1051|kevin|s1a-a1-9b-s2|PENDING|0:00|90|N/A;1053|kevin|q2s1a-a1-9b-s2|PENDING|0:00|32|gres:gpu:h100:1;
2026-10-10T08:36:51Z 1051|kevin|s1a-a1-9b-s2|PENDING|0:00|90|N/A;1053|kevin|q2s1a-a1-9b-s2|PENDING|0:00|32|gres:gpu:h100:1;
2026-10-10T08:37:06Z 1051|kevin|s1a-a1-9b-s2|PENDING|0:00|90|N/A;1053|kevin|q2s1a-a1-9b-s2|PENDING|0:00|32|gres:gpu:h100:1;
2026-10-10T08:37:21Z 1051|kevin|s1a-a1-9b-s2|PENDING|0:00|90|N/A;1053|kevin|q2s1a-a1-9b-s2|PENDING|0:00|32|gres:gpu:h100:1;
2026-10-10T08:37:36Z 1051|kevin|s1a-a1-9b-s2|PENDING|0:00|90|N/A;1053|kevin|q2s1a-a1-9b-s2|PENDING|0:00|32|gres:gpu:h100:1;
2026-10-10T08:37:51Z 1051|kevin|s1a-a1-9b-s2|PENDING|0:00|90|N/A;1053|kevin|q2s1a-a1-9b-s2|PENDING|0:00|32|gres:gpu:h100:1;
2026-10-10T08:38:06Z 1051|kevin|s1a-a1-9b-s2|PENDING|0:00|90|N/A;1053|kevin|q2s1a-a1-9b-s2|PENDING|0:00|32|gres:gpu:h100:1;
2026-10-10T08:38:21Z 1051|kevin|s1a-a1-9b-s2|PENDING|0:00|90|N/A;1053|kevin|q2s1a-a1-9b-s2|PENDING|0:00|32|gres:gpu:h100:1;
2026-10-10T08:38:36Z 1051|kevin|s1a-a1-9b-s2|PENDING|0:00|90|N/A;1053|kevin|q2s1a-a1-9b-s2|PENDING|0:00|32|gres:gpu:h100:1;
2026-10-10T08:38:51Z 1051|kevin|s1a-a1-9b-s2|PENDING|0:00|90|N/A;1053|kevin|q2s1a-a1-9b-s2|PENDING|0:00|32|gres:gpu:h100:1;
2026-10-10T08:39:07Z 1051|kevin|s1a-a1-9b-s2|PENDING|0:00|90|N/A;1053|kevin|q2s1a-a1-9b-s2|PENDING|0:00|32|gres:gpu:h100:1;
2026-10-10T08:39:22Z 1051|kevin|s1a-a1-9b-s2|PENDING|0:00|90|N/A;1053|kevin|q2s1a-a1-9b-s2|PENDING|0:00|32|gres:gpu:h100:1;
2026-10-10T08:39:37Z 1051|kevin|s1a-a1-9b-s2|PENDING|0:00|90|N/A;1053|kevin|q2s1a-a1-9b-s2|PENDING|0:00|32|gres:gpu:h100:1;
2026-10-10T08:39:52Z 1051|kevin|s1a-a1-9b-s2|PENDING|0:00|90|N/A;1053|kevin|q2s1a-a1-9b-s2|PENDING|0:00|32|gres:gpu:h100:1;
2026-10-10T08:40:07Z 1051|kevin|s1a-a1-9b-s2|PENDING|0:00|90|N/A;1053|kevin|q2s1a-a1-9b-s2|PENDING|0:00|32|gres:gpu:h100:1;
2026-10-10T08:40:22Z 1051|kevin|s1a-a1-9b-s2|PENDING|0:00|90|N/A;1053|kevin|q2s1a-a1-9b-s2|PENDING|0:00|32|gres:gpu:h100:1;
2026-10-10T08:40:37Z 1051|kevin|s1a-a1-9b-s2|PENDING|0:00|90|N/A;1053|kevin|q2s1a-a1-9b-s2|PENDING|0:00|32|gres:gpu:h100:1;
2026-10-10T08:40:52Z 1051|kevin|s1a-a1-9b-s2|PENDING|0:00|90|N/A;1053|kevin|q2s1a-a1-9b-s2|PENDING|0:00|32|gres:gpu:h100:1;
2026-10-10T08:41:07Z 1051|kevin|s1a-a1-9b-s2|PENDING|0:00|90|N/A;1053|kevin|q2s1a-a1-9b-s2|PENDING|0:00|32|gres:gpu:h100:1;
2026-10-10T08:41:22Z 1051|kevin|s1a-a1-9b-s2|PENDING|0:00|90|N/A;1053|kevin|q2s1a-a1-9b-s2|PENDING|0:00|32|gres:gpu:h100:1;
2026-10-10T08:41:37Z 1051|kevin|s1a-a1-9b-s2|PENDING|0:00|90|N/A;1053|kevin|q2s1a-a1-9b-s2|PENDING|0:00|32|gres:gpu:h100:1;
2026-10-10T08:41:52Z 1051|kevin|s1a-a1-9b-s2|PENDING|0:00|90|N/A;1053|kevin|q2s1a-a1-9b-s2|PENDING|0:00|32|gres:gpu:h100:1;
2026-10-10T08:42:07Z 1051|kevin|s1a-a1-9b-s2|PENDING|0:00|90|N/A;1053|kevin|q2s1a-a1-9b-s2|PENDING|0:00|32|gres:gpu:h100:1;
2026-10-10T08:42:22Z 1051|kevin|s1a-a1-9b-s2|PENDING|0:00|90|N/A;1053|kevin|q2s1a-a1-9b-s2|PENDING|0:00|32|gres:gpu:h100:1;
2026-10-10T08:42:37Z 1051|kevin|s1a-a1-9b-s2|PENDING|0:00|90|N/A;1053|kevin|q2s1a-a1-9b-s2|PENDING|0:00|32|gres:gpu:h100:1;
2026-10-10T08:42:52Z 1051|kevin|s1a-a1-9b-s2|PENDING|0:00|90|N/A;1053|kevin|q2s1a-a1-9b-s2|PENDING|0:00|32|gres:gpu:h100:1;
2026-10-10T08:43:07Z 1051|kevin|s1a-a1-9b-s2|PENDING|0:00|90|N/A;1053|kevin|q2s1a-a1-9b-s2|PENDING|0:00|32|gres:gpu:h100:1;
2026-10-10T08:43:22Z 1051|kevin|s1a-a1-9b-s2|PENDING|0:00|90|N/A;1053|kevin|q2s1a-a1-9b-s2|PENDING|0:00|32|gres:gpu:h100:1;
2026-10-10T08:43:37Z 1051|kevin|s1a-a1-9b-s2|PENDING|0:00|90|N/A;1053|kevin|q2s1a-a1-9b-s2|PENDING|0:00|32|gres:gpu:h100:1;
2026-10-10T08:43:52Z 1051|kevin|s1a-a1-9b-s2|PENDING|0:00|90|N/A;1053|kevin|q2s1a-a1-9b-s2|PENDING|0:00|32|gres:gpu:h100:1;
2026-10-10T08:44:07Z 1051|kevin|s1a-a1-9b-s2|PENDING|0:00|90|N/A;1053|kevin|q2s1a-a1-9b-s2|PENDING|0:00|32|gres:gpu:h100:1;
2026-10-10T08:44:22Z 1051|kevin|s1a-a1-9b-s2|PENDING|0:00|90|N/A;1053|kevin|q2s1a-a1-9b-s2|PENDING|0:00|32|gres:gpu:h100:1;
2026-10-10T08:44:37Z 1051|kevin|s1a-a1-9b-s2|PENDING|0:00|90|N/A;1053|kevin|q2s1a-a1-9b-s2|PENDING|0:00|32|gres:gpu:h100:1;
2026-10-10T08:44:52Z 1051|kevin|s1a-a1-9b-s2|PENDING|0:00|90|N/A;1053|kevin|q2s1a-a1-9b-s2|PENDING|0:00|32|gres:gpu:h100:1;
2026-10-10T08:45:07Z 1051|kevin|s1a-a1-9b-s2|PENDING|0:00|90|N/A;1053|kevin|q2s1a-a1-9b-s2|PENDING|0:00|32|gres:gpu:h100:1;
2026-10-10T08:45:22Z 1051|kevin|s1a-a1-9b-s2|PENDING|0:00|90|N/A;1053|kevin|q2s1a-a1-9b-s2|PENDING|0:00|32|gres:gpu:h100:1;
2026-10-10T08:45:37Z 1051|kevin|s1a-a1-9b-s2|PENDING|0:00|90|N/A;1053|kevin|q2s1a-a1-9b-s2|PENDING|0:00|32|gres:gpu:h100:1;
2026-10-10T08:45:52Z 1051|kevin|s1a-a1-9b-s2|PENDING|0:00|90|N/A;1053|kevin|q2s1a-a1-9b-s2|PENDING|0:00|32|gres:gpu:h100:1;
2026-10-10T08:46:07Z 1051|kevin|s1a-a1-9b-s2|PENDING|0:00|90|N/A;1053|kevin|q2s1a-a1-9b-s2|PENDING|0:00|32|gres:gpu:h100:1;
2026-10-10T08:46:22Z 1051|kevin|s1a-a1-9b-s2|PENDING|0:00|90|N/A;1053|kevin|q2s1a-a1-9b-s2|PENDING|0:00|32|gres:gpu:h100:1;
2026-10-10T08:46:37Z 1051|kevin|s1a-a1-9b-s2|PENDING|0:00|90|N/A;1053|kevin|q2s1a-a1-9b-s2|PENDING|0:00|32|gres:gpu:h100:1;
2026-10-10T08:46:52Z 1051|kevin|s1a-a1-9b-s2|PENDING|0:00|90|N/A;1053|kevin|q2s1a-a1-9b-s2|PENDING|0:00|32|gres:gpu:h100:1;
2026-10-10T08:47:07Z 1051|kevin|s1a-a1-9b-s2|PENDING|0:00|90|N/A;1053|kevin|q2s1a-a1-9b-s2|PENDING|0:00|32|gres:gpu:h100:1;
2026-10-10T08:47:22Z 1051|kevin|s1a-a1-9b-s2|PENDING|0:00|90|N/A;1053|kevin|q2s1a-a1-9b-s2|PENDING|0:00|32|gres:gpu:h100:1;
2026-10-10T08:47:37Z 1051|kevin|s1a-a1-9b-s2|PENDING|0:00|90|N/A;1053|kevin|q2s1a-a1-9b-s2|PENDING|0:00|32|gres:gpu:h100:1;
2026-10-10T08:47:52Z 1051|kevin|s1a-a1-9b-s2|PENDING|0:00|90|N/A;1053|kevin|q2s1a-a1-9b-s2|PENDING|0:00|32|gres:gpu:h100:1;
2026-10-10T08:48:07Z 1051|kevin|s1a-a1-9b-s2|PENDING|0:00|90|N/A;1053|kevin|q2s1a-a1-9b-s2|PENDING|0:00|32|gres:gpu:h100:1;
2026-10-10T08:48:22Z 1051|kevin|s1a-a1-9b-s2|PENDING|0:00|90|N/A;1053|kevin|q2s1a-a1-9b-s2|PENDING|0:00|32|gres:gpu:h100:1;
2026-10-10T08:48:37Z 1051|kevin|s1a-a1-9b-s2|PENDING|0:00|90|N/A;1053|kevin|q2s1a-a1-9b-s2|PENDING|0:00|32|gres:gpu:h100:1;
2026-10-10T08:48:52Z 1051|kevin|s1a-a1-9b-s2|PENDING|0:00|90|N/A;1053|kevin|q2s1a-a1-9b-s2|PENDING|0:00|32|gres:gpu:h100:1;
2026-10-10T08:49:07Z 1051|kevin|s1a-a1-9b-s2|PENDING|0:00|90|N/A;1053|kevin|q2s1a-a1-9b-s2|PENDING|0:00|32|gres:gpu:h100:1;
2026-10-10T08:49:22Z 1051|kevin|s1a-a1-9b-s2|PENDING|0:00|90|N/A;1053|kevin|q2s1a-a1-9b-s2|PENDING|0:00|32|gres:gpu:h100:1;
2026-10-10T08:49:37Z 1051|kevin|s1a-a1-9b-s2|PENDING|0:00|90|N/A;1053|kevin|q2s1a-a1-9b-s2|PENDING|0:00|32|gres:gpu:h100:1;
2026-10-10T08:49:52Z 1051|kevin|s1a-a1-9b-s2|PENDING|0:00|90|N/A;1053|kevin|q2s1a-a1-9b-s2|PENDING|0:00|32|gres:gpu:h100:1;
2026-10-10T08:50:07Z 1051|kevin|s1a-a1-9b-s2|PENDING|0:00|90|N/A;1053|kevin|q2s1a-a1-9b-s2|PENDING|0:00|32|gres:gpu:h100:1;
2026-10-10T08:50:22Z 1051|kevin|s1a-a1-9b-s2|PENDING|0:00|90|N/A;1053|kevin|q2s1a-a1-9b-s2|PENDING|0:00|32|gres:gpu:h100:1;
2026-10-10T08:50:37Z 1051|kevin|s1a-a1-9b-s2|PENDING|0:00|90|N/A;1053|kevin|q2s1a-a1-9b-s2|PENDING|0:00|32|gres:gpu:h100:1;
2026-10-10T08:50:52Z 1051|kevin|s1a-a1-9b-s2|PENDING|0:00|90|N/A;1053|kevin|q2s1a-a1-9b-s2|PENDING|0:00|32|gres:gpu:h100:1;
2026-10-10T08:51:08Z 1051|kevin|s1a-a1-9b-s2|PENDING|0:00|90|N/A;1053|kevin|q2s1a-a1-9b-s2|PENDING|0:00|32|gres:gpu:h100:1;
2026-10-10T08:51:23Z 1051|kevin|s1a-a1-9b-s2|PENDING|0:00|90|N/A;1053|kevin|q2s1a-a1-9b-s2|PENDING|0:00|32|gres:gpu:h100:1;
2026-10-10T08:51:38Z 1051|kevin|s1a-a1-9b-s2|PENDING|0:00|90|N/A;1053|kevin|q2s1a-a1-9b-s2|PENDING|0:00|32|gres:gpu:h100:1;
2026-10-10T08:51:53Z 1051|kevin|s1a-a1-9b-s2|PENDING|0:00|90|N/A;1053|kevin|q2s1a-a1-9b-s2|PENDING|0:00|32|gres:gpu:h100:1;
2026-10-10T08:52:08Z 1051|kevin|s1a-a1-9b-s2|PENDING|0:00|90|N/A;1053|kevin|q2s1a-a1-9b-s2|PENDING|0:00|32|gres:gpu:h100:1;
2026-10-10T08:52:23Z 1051|kevin|s1a-a1-9b-s2|PENDING|0:00|90|N/A;1053|kevin|q2s1a-a1-9b-s2|PENDING|0:00|32|gres:gpu:h100:1;
2026-10-10T08:52:38Z 1051|kevin|s1a-a1-9b-s2|PENDING|0:00|90|N/A;1053|kevin|q2s1a-a1-9b-s2|PENDING|0:00|32|gres:gpu:h100:1;
2026-10-10T08:52:53Z 1051|kevin|s1a-a1-9b-s2|PENDING|0:00|90|N/A;1053|kevin|q2s1a-a1-9b-s2|PENDING|0:00|32|gres:gpu:h100:1;
2026-10-10T08:53:08Z 1051|kevin|s1a-a1-9b-s2|PENDING|0:00|90|N/A;1053|kevin|q2s1a-a1-9b-s2|PENDING|0:00|32|gres:gpu:h100:1;
2026-10-10T08:53:23Z 1051|kevin|s1a-a1-9b-s2|PENDING|0:00|90|N/A;1053|kevin|q2s1a-a1-9b-s2|PENDING|0:00|32|gres:gpu:h100:1;
2026-10-10T08:53:38Z 1051|kevin|s1a-a1-9b-s2|PENDING|0:00|90|N/A;1053|kevin|q2s1a-a1-9b-s2|PENDING|0:00|32|gres:gpu:h100:1;
2026-10-10T08:53:53Z 1051|kevin|s1a-a1-9b-s2|PENDING|0:00|90|N/A;1053|kevin|q2s1a-a1-9b-s2|PENDING|0:00|32|gres:gpu:h100:1;
2026-10-10T08:54:08Z 1051|kevin|s1a-a1-9b-s2|PENDING|0:00|90|N/A;1053|kevin|q2s1a-a1-9b-s2|PENDING|0:00|32|gres:gpu:h100:1;
2026-10-10T08:54:23Z 1051|kevin|s1a-a1-9b-s2|PENDING|0:00|90|N/A;1053|kevin|q2s1a-a1-9b-s2|PENDING|0:00|32|gres:gpu:h100:1;
2026-10-10T08:54:38Z 1051|kevin|s1a-a1-9b-s2|PENDING|0:00|90|N/A;1053|kevin|q2s1a-a1-9b-s2|PENDING|0:00|32|gres:gpu:h100:1;
2026-10-10T08:54:53Z 1051|kevin|s1a-a1-9b-s2|PENDING|0:00|90|N/A;1053|kevin|q2s1a-a1-9b-s2|PENDING|0:00|32|gres:gpu:h100:1;
2026-10-10T08:55:08Z 1051|kevin|s1a-a1-9b-s2|PENDING|0:00|90|N/A;1053|kevin|q2s1a-a1-9b-s2|PENDING|0:00|32|gres:gpu:h100:1;
2026-10-10T08:55:23Z 1051|kevin|s1a-a1-9b-s2|PENDING|0:00|90|N/A;1053|kevin|q2s1a-a1-9b-s2|PENDING|0:00|32|gres:gpu:h100:1;
2026-10-10T08:55:38Z 1051|kevin|s1a-a1-9b-s2|PENDING|0:00|90|N/A;1053|kevin|q2s1a-a1-9b-s2|PENDING|0:00|32|gres:gpu:h100:1;
2026-10-10T08:55:53Z 1051|kevin|s1a-a1-9b-s2|PENDING|0:00|90|N/A;1053|kevin|q2s1a-a1-9b-s2|PENDING|0:00|32|gres:gpu:h100:1;
2026-10-10T08:56:08Z 1051|kevin|s1a-a1-9b-s2|PENDING|0:00|90|N/A;1053|kevin|q2s1a-a1-9b-s2|PENDING|0:00|32|gres:gpu:h100:1;
2026-10-10T08:56:23Z 1051|kevin|s1a-a1-9b-s2|PENDING|0:00|90|N/A;1053|kevin|q2s1a-a1-9b-s2|PENDING|0:00|32|gres:gpu:h100:1;
2026-10-10T08:56:38Z 1051|kevin|s1a-a1-9b-s2|PENDING|0:00|90|N/A;1053|kevin|q2s1a-a1-9b-s2|PENDING|0:00|32|gres:gpu:h100:1;
2026-10-10T08:56:53Z 1051|kevin|s1a-a1-9b-s2|PENDING|0:00|90|N/A;1053|kevin|q2s1a-a1-9b-s2|PENDING|0:00|32|gres:gpu:h100:1;
2026-10-10T08:57:08Z 1051|kevin|s1a-a1-9b-s2|PENDING|0:00|90|N/A;1053|kevin|q2s1a-a1-9b-s2|PENDING|0:00|32|gres:gpu:h100:1;
2026-10-10T08:57:23Z 1051|kevin|s1a-a1-9b-s2|PENDING|0:00|90|N/A;1053|kevin|q2s1a-a1-9b-s2|PENDING|0:00|32|gres:gpu:h100:1;
2026-10-10T08:57:38Z 1051|kevin|s1a-a1-9b-s2|PENDING|0:00|90|N/A;1053|kevin|q2s1a-a1-9b-s2|PENDING|0:00|32|gres:gpu:h100:1;
2026-10-10T08:57:53Z 1051|kevin|s1a-a1-9b-s2|PENDING|0:00|90|N/A;1053|kevin|q2s1a-a1-9b-s2|PENDING|0:00|32|gres:gpu:h100:1;
2026-10-10T08:58:08Z 1051|kevin|s1a-a1-9b-s2|PENDING|0:00|90|N/A;1053|kevin|q2s1a-a1-9b-s2|PENDING|0:00|32|gres:gpu:h100:1;
2026-10-10T08:58:23Z 1051|kevin|s1a-a1-9b-s2|PENDING|0:00|90|N/A;1053|kevin|q2s1a-a1-9b-s2|PENDING|0:00|32|gres:gpu:h100:1;
2026-10-10T08:58:38Z 1051|kevin|s1a-a1-9b-s2|PENDING|0:00|90|N/A;1053|kevin|q2s1a-a1-9b-s2|PENDING|0:00|32|gres:gpu:h100:1;
2026-10-10T08:58:53Z 1051|kevin|s1a-a1-9b-s2|PENDING|0:00|90|N/A;1053|kevin|q2s1a-a1-9b-s2|PENDING|0:00|32|gres:gpu:h100:1;
2026-10-10T08:59:08Z 1051|kevin|s1a-a1-9b-s2|PENDING|0:00|90|N/A;1053|kevin|q2s1a-a1-9b-s2|PENDING|0:00|32|gres:gpu:h100:1;
2026-10-10T08:59:23Z 1051|kevin|s1a-a1-9b-s2|PENDING|0:00|90|N/A;1053|kevin|q2s1a-a1-9b-s2|PENDING|0:00|32|gres:gpu:h100:1;
2026-10-10T08:59:38Z 1051|kevin|s1a-a1-9b-s2|PENDING|0:00|90|N/A;1053|kevin|q2s1a-a1-9b-s2|PENDING|0:00|32|gres:gpu:h100:1;
2026-10-10T08:59:53Z 1051|kevin|s1a-a1-9b-s2|PENDING|0:00|90|N/A;1053|kevin|q2s1a-a1-9b-s2|PENDING|0:00|32|gres:gpu:h100:1;
2026-10-10T09:00:08Z 1051|kevin|s1a-a1-9b-s2|PENDING|0:00|90|N/A;1053|kevin|q2s1a-a1-9b-s2|PENDING|0:00|32|gres:gpu:h100:1;
2026-10-10T09:00:23Z 1051|kevin|s1a-a1-9b-s2|PENDING|0:00|90|N/A;1053|kevin|q2s1a-a1-9b-s2|PENDING|0:00|32|gres:gpu:h100:1;
2026-10-10T09:00:38Z 1051|kevin|s1a-a1-9b-s2|PENDING|0:00|90|N/A;1053|kevin|q2s1a-a1-9b-s2|PENDING|0:00|32|gres:gpu:h100:1;
2026-10-10T09:00:53Z 1051|kevin|s1a-a1-9b-s2|PENDING|0:00|90|N/A;1053|kevin|q2s1a-a1-9b-s2|PENDING|0:00|32|gres:gpu:h100:1;
2026-10-10T09:01:08Z 1051|kevin|s1a-a1-9b-s2|PENDING|0:00|90|N/A;1053|kevin|q2s1a-a1-9b-s2|PENDING|0:00|32|gres:gpu:h100:1;
2026-10-10T09:01:23Z 1051|kevin|s1a-a1-9b-s2|PENDING|0:00|90|N/A;1053|kevin|q2s1a-a1-9b-s2|PENDING|0:00|32|gres:gpu:h100:1;
2026-10-10T09:01:38Z 1051|kevin|s1a-a1-9b-s2|PENDING|0:00|90|N/A;1053|kevin|q2s1a-a1-9b-s2|PENDING|0:00|32|gres:gpu:h100:1;
2026-10-10T09:01:53Z 1051|kevin|s1a-a1-9b-s2|PENDING|0:00|90|N/A;1053|kevin|q2s1a-a1-9b-s2|PENDING|0:00|32|gres:gpu:h100:1;
2026-10-10T09:02:08Z 1051|kevin|s1a-a1-9b-s2|PENDING|0:00|90|N/A;1053|kevin|q2s1a-a1-9b-s2|PENDING|0:00|32|gres:gpu:h100:1;
2026-10-10T09:02:23Z 1051|kevin|s1a-a1-9b-s2|PENDING|0:00|90|N/A;1053|kevin|q2s1a-a1-9b-s2|PENDING|0:00|32|gres:gpu:h100:1;
2026-10-10T09:02:38Z 1051|kevin|s1a-a1-9b-s2|PENDING|0:00|90|N/A;1053|kevin|q2s1a-a1-9b-s2|PENDING|0:00|32|gres:gpu:h100:1;
2026-10-10T09:02:53Z 1051|kevin|s1a-a1-9b-s2|PENDING|0:00|90|N/A;1053|kevin|q2s1a-a1-9b-s2|PENDING|0:00|32|gres:gpu:h100:1;
2026-10-10T09:03:08Z 1051|kevin|s1a-a1-9b-s2|PENDING|0:00|90|N/A;1053|kevin|q2s1a-a1-9b-s2|PENDING|0:00|32|gres:gpu:h100:1;
2026-10-10T09:03:24Z 1051|kevin|s1a-a1-9b-s2|PENDING|0:00|90|N/A;1053|kevin|q2s1a-a1-9b-s2|PENDING|0:00|32|gres:gpu:h100:1;
2026-10-10T09:03:39Z 1051|kevin|s1a-a1-9b-s2|PENDING|0:00|90|N/A;1053|kevin|q2s1a-a1-9b-s2|PENDING|0:00|32|gres:gpu:h100:1;
2026-10-10T09:03:54Z 1051|kevin|s1a-a1-9b-s2|PENDING|0:00|90|N/A;1053|kevin|q2s1a-a1-9b-s2|PENDING|0:00|32|gres:gpu:h100:1;
2026-10-10T09:04:09Z 1051|kevin|s1a-a1-9b-s2|PENDING|0:00|90|N/A;1053|kevin|q2s1a-a1-9b-s2|PENDING|0:00|32|gres:gpu:h100:1;
2026-10-10T09:04:24Z 1051|kevin|s1a-a1-9b-s2|PENDING|0:00|90|N/A;1053|kevin|q2s1a-a1-9b-s2|PENDING|0:00|32|gres:gpu:h100:1;
2026-10-10T09:04:39Z 1051|kevin|s1a-a1-9b-s2|PENDING|0:00|90|N/A;1053|kevin|q2s1a-a1-9b-s2|PENDING|0:00|32|gres:gpu:h100:1;
2026-10-10T09:04:54Z 1051|kevin|s1a-a1-9b-s2|PENDING|0:00|90|N/A;1053|kevin|q2s1a-a1-9b-s2|PENDING|0:00|32|gres:gpu:h100:1;
2026-10-10T09:05:09Z 1051|kevin|s1a-a1-9b-s2|PENDING|0:00|90|N/A;1053|kevin|q2s1a-a1-9b-s2|PENDING|0:00|32|gres:gpu:h100:1;
2026-10-10T09:05:24Z 1051|kevin|s1a-a1-9b-s2|PENDING|0:00|90|N/A;1053|kevin|q2s1a-a1-9b-s2|PENDING|0:00|32|gres:gpu:h100:1;
2026-10-10T09:05:39Z 1051|kevin|s1a-a1-9b-s2|PENDING|0:00|90|N/A;1053|kevin|q2s1a-a1-9b-s2|PENDING|0:00|32|gres:gpu:h100:1;
2026-10-10T09:05:54Z 1051|kevin|s1a-a1-9b-s2|PENDING|0:00|90|N/A;1053|kevin|q2s1a-a1-9b-s2|PENDING|0:00|32|gres:gpu:h100:1;
2026-10-10T09:06:09Z 1051|kevin|s1a-a1-9b-s2|PENDING|0:00|90|N/A;1053|kevin|q2s1a-a1-9b-s2|PENDING|0:00|32|gres:gpu:h100:1;
2026-10-10T09:06:24Z 1051|kevin|s1a-a1-9b-s2|PENDING|0:00|90|N/A;1053|kevin|q2s1a-a1-9b-s2|PENDING|0:00|32|gres:gpu:h100:1;
2026-10-10T09:06:39Z 1051|kevin|s1a-a1-9b-s2|PENDING|0:00|90|N/A;1053|kevin|q2s1a-a1-9b-s2|PENDING|0:00|32|gres:gpu:h100:1;
2026-10-10T09:06:54Z 1051|kevin|s1a-a1-9b-s2|PENDING|0:00|90|N/A;1053|kevin|q2s1a-a1-9b-s2|PENDING|0:00|32|gres:gpu:h100:1;
2026-10-10T09:07:09Z 1051|kevin|s1a-a1-9b-s2|PENDING|0:00|90|N/A;1053|kevin|q2s1a-a1-9b-s2|PENDING|0:00|32|gres:gpu:h100:1;
2026-10-10T09:07:24Z 1051|kevin|s1a-a1-9b-s2|PENDING|0:00|90|N/A;1053|kevin|q2s1a-a1-9b-s2|PENDING|0:00|32|gres:gpu:h100:1;
2026-10-10T09:07:39Z 1051|kevin|s1a-a1-9b-s2|PENDING|0:00|90|N/A;1053|kevin|q2s1a-a1-9b-s2|PENDING|0:00|32|gres:gpu:h100:1;
2026-10-10T09:07:54Z 1051|kevin|s1a-a1-9b-s2|PENDING|0:00|90|N/A;1053|kevin|q2s1a-a1-9b-s2|PENDING|0:00|32|gres:gpu:h100:1;
2026-10-10T09:08:09Z 1051|kevin|s1a-a1-9b-s2|PENDING|0:00|90|N/A;1053|kevin|q2s1a-a1-9b-s2|PENDING|0:00|32|gres:gpu:h100:1;
2026-10-10T09:08:24Z 1051|kevin|s1a-a1-9b-s2|PENDING|0:00|90|N/A;1053|kevin|q2s1a-a1-9b-s2|PENDING|0:00|32|gres:gpu:h100:1;
2026-10-10T09:08:39Z 1051|kevin|s1a-a1-9b-s2|PENDING|0:00|90|N/A;1053|kevin|q2s1a-a1-9b-s2|PENDING|0:00|32|gres:gpu:h100:1;
2026-10-10T09:08:54Z 1051|kevin|s1a-a1-9b-s2|PENDING|0:00|90|N/A;1053|kevin|q2s1a-a1-9b-s2|PENDING|0:00|32|gres:gpu:h100:1;
2026-10-10T09:09:09Z 1051|kevin|s1a-a1-9b-s2|PENDING|0:00|90|N/A;1053|kevin|q2s1a-a1-9b-s2|PENDING|0:00|32|gres:gpu:h100:1;
2026-10-10T09:09:24Z 1051|kevin|s1a-a1-9b-s2|PENDING|0:00|90|N/A;1053|kevin|q2s1a-a1-9b-s2|PENDING|0:00|32|gres:gpu:h100:1;
2026-10-10T09:09:39Z 1051|kevin|s1a-a1-9b-s2|PENDING|0:00|90|N/A;1053|kevin|q2s1a-a1-9b-s2|PENDING|0:00|32|gres:gpu:h100:1;
2026-10-10T09:09:54Z 1051|kevin|s1a-a1-9b-s2|PENDING|0:00|90|N/A;1053|kevin|q2s1a-a1-9b-s2|PENDING|0:00|32|gres:gpu:h100:1;
2026-10-10T09:10:09Z 1051|kevin|s1a-a1-9b-s2|PENDING|0:00|90|N/A;1053|kevin|q2s1a-a1-9b-s2|PENDING|0:00|32|gres:gpu:h100:1;
2026-10-10T09:10:24Z 1051|kevin|s1a-a1-9b-s2|PENDING|0:00|90|N/A;1053|kevin|q2s1a-a1-9b-s2|PENDING|0:00|32|gres:gpu:h100:1;
2026-10-10T09:10:39Z 1051|kevin|s1a-a1-9b-s2|PENDING|0:00|90|N/A;1053|kevin|q2s1a-a1-9b-s2|PENDING|0:00|32|gres:gpu:h100:1;
2026-10-10T09:10:54Z 1051|kevin|s1a-a1-9b-s2|PENDING|0:00|90|N/A;1053|kevin|q2s1a-a1-9b-s2|PENDING|0:00|32|gres:gpu:h100:1;
2026-10-10T09:11:09Z 1051|kevin|s1a-a1-9b-s2|PENDING|0:00|90|N/A;1053|kevin|q2s1a-a1-9b-s2|PENDING|0:00|32|gres:gpu:h100:1;
2026-10-10T09:11:24Z 1051|kevin|s1a-a1-9b-s2|PENDING|0:00|90|N/A;1053|kevin|q2s1a-a1-9b-s2|PENDING|0:00|32|gres:gpu:h100:1;
2026-10-10T09:11:39Z 1051|kevin|s1a-a1-9b-s2|PENDING|0:00|90|N/A;1053|kevin|q2s1a-a1-9b-s2|PENDING|0:00|32|gres:gpu:h100:1;
2026-10-10T09:11:54Z 1051|kevin|s1a-a1-9b-s2|PENDING|0:00|90|N/A;1053|kevin|q2s1a-a1-9b-s2|PENDING|0:00|32|gres:gpu:h100:1;
2026-10-10T09:12:09Z 1051|kevin|s1a-a1-9b-s2|PENDING|0:00|90|N/A;1053|kevin|q2s1a-a1-9b-s2|PENDING|0:00|32|gres:gpu:h100:1;
2026-10-10T09:12:24Z 1051|kevin|s1a-a1-9b-s2|PENDING|0:00|90|N/A;1053|kevin|q2s1a-a1-9b-s2|PENDING|0:00|32|gres:gpu:h100:1;
2026-10-10T09:12:39Z 1051|kevin|s1a-a1-9b-s2|PENDING|0:00|90|N/A;1053|kevin|q2s1a-a1-9b-s2|PENDING|0:00|32|gres:gpu:h100:1;
2026-10-10T09:12:54Z 1051|kevin|s1a-a1-9b-s2|PENDING|0:00|90|N/A;1053|kevin|q2s1a-a1-9b-s2|PENDING|0:00|32|gres:gpu:h100:1;
2026-10-10T09:13:09Z 1051|kevin|s1a-a1-9b-s2|PENDING|0:00|90|N/A;1053|kevin|q2s1a-a1-9b-s2|PENDING|0:00|32|gres:gpu:h100:1;
2026-10-10T09:13:24Z 1051|kevin|s1a-a1-9b-s2|PENDING|0:00|90|N/A;1053|kevin|q2s1a-a1-9b-s2|PENDING|0:00|32|gres:gpu:h100:1;
2026-10-10T09:13:39Z 1051|kevin|s1a-a1-9b-s2|PENDING|0:00|90|N/A;1053|kevin|q2s1a-a1-9b-s2|PENDING|0:00|32|gres:gpu:h100:1;
2026-10-10T09:13:54Z 1051|kevin|s1a-a1-9b-s2|PENDING|0:00|90|N/A;1053|kevin|q2s1a-a1-9b-s2|PENDING|0:00|32|gres:gpu:h100:1;
2026-10-10T09:14:09Z 1051|kevin|s1a-a1-9b-s2|PENDING|0:00|90|N/A;1053|kevin|q2s1a-a1-9b-s2|PENDING|0:00|32|gres:gpu:h100:1;
2026-10-10T09:14:24Z 1051|kevin|s1a-a1-9b-s2|PENDING|0:00|90|N/A;1053|kevin|q2s1a-a1-9b-s2|PENDING|0:00|32|gres:gpu:h100:1;
2026-10-10T09:14:39Z 1051|kevin|s1a-a1-9b-s2|PENDING|0:00|90|N/A;1053|kevin|q2s1a-a1-9b-s2|PENDING|0:00|32|gres:gpu:h100:1;
2026-10-10T09:14:54Z 1051|kevin|s1a-a1-9b-s2|PENDING|0:00|90|N/A;1053|kevin|q2s1a-a1-9b-s2|PENDING|0:00|32|gres:gpu:h100:1;
2026-10-10T09:15:09Z 1051|kevin|s1a-a1-9b-s2|PENDING|0:00|90|N/A;1053|kevin|q2s1a-a1-9b-s2|PENDING|0:00|32|gres:gpu:h100:1;
2026-10-10T09:15:25Z 1051|kevin|s1a-a1-9b-s2|PENDING|0:00|90|N/A;1053|kevin|q2s1a-a1-9b-s2|PENDING|0:00|32|gres:gpu:h100:1;
2026-10-10T09:15:40Z 1051|kevin|s1a-a1-9b-s2|PENDING|0:00|90|N/A;1053|kevin|q2s1a-a1-9b-s2|PENDING|0:00|32|gres:gpu:h100:1;
2026-10-10T09:15:55Z 1051|kevin|s1a-a1-9b-s2|PENDING|0:00|90|N/A;1053|kevin|q2s1a-a1-9b-s2|PENDING|0:00|32|gres:gpu:h100:1;
2026-10-10T09:16:10Z 1051|kevin|s1a-a1-9b-s2|PENDING|0:00|90|N/A;1053|kevin|q2s1a-a1-9b-s2|PENDING|0:00|32|gres:gpu:h100:1;
2026-10-10T09:16:25Z 1051|kevin|s1a-a1-9b-s2|PENDING|0:00|90|N/A;1053|kevin|q2s1a-a1-9b-s2|PENDING|0:00|32|gres:gpu:h100:1;
2026-10-10T09:16:40Z 1051|kevin|s1a-a1-9b-s2|PENDING|0:00|90|N/A;1053|kevin|q2s1a-a1-9b-s2|PENDING|0:00|32|gres:gpu:h100:1;
2026-10-10T09:16:55Z 1051|kevin|s1a-a1-9b-s2|PENDING|0:00|90|N/A;1053|kevin|q2s1a-a1-9b-s2|PENDING|0:00|32|gres:gpu:h100:1;
2026-10-10T09:17:10Z 1051|kevin|s1a-a1-9b-s2|PENDING|0:00|90|N/A;1053|kevin|q2s1a-a1-9b-s2|PENDING|0:00|32|gres:gpu:h100:1;
2026-10-10T09:17:25Z 1051|kevin|s1a-a1-9b-s2|PENDING|0:00|90|N/A;1053|kevin|q2s1a-a1-9b-s2|PENDING|0:00|32|gres:gpu:h100:1;
2026-10-10T09:17:40Z 1051|kevin|s1a-a1-9b-s2|PENDING|0:00|90|N/A;1053|kevin|q2s1a-a1-9b-s2|PENDING|0:00|32|gres:gpu:h100:1;
2026-10-10T09:17:55Z 1051|kevin|s1a-a1-9b-s2|PENDING|0:00|90|N/A;1053|kevin|q2s1a-a1-9b-s2|PENDING|0:00|32|gres:gpu:h100:1;
2026-10-10T09:18:10Z 1051|kevin|s1a-a1-9b-s2|PENDING|0:00|90|N/A;1053|kevin|q2s1a-a1-9b-s2|PENDING|0:00|32|gres:gpu:h100:1;
2026-10-10T09:18:25Z 1051|kevin|s1a-a1-9b-s2|PENDING|0:00|90|N/A;1053|kevin|q2s1a-a1-9b-s2|PENDING|0:00|32|gres:gpu:h100:1;
2026-10-10T09:18:40Z 1051|kevin|s1a-a1-9b-s2|PENDING|0:00|90|N/A;1053|kevin|q2s1a-a1-9b-s2|PENDING|0:00|32|gres:gpu:h100:1;
2026-10-10T09:18:55Z 1051|kevin|s1a-a1-9b-s2|PENDING|0:00|90|N/A;1053|kevin|q2s1a-a1-9b-s2|PENDING|0:00|32|gres:gpu:h100:1;
2026-10-10T09:19:10Z 1051|kevin|s1a-a1-9b-s2|PENDING|0:00|90|N/A;1053|kevin|q2s1a-a1-9b-s2|PENDING|0:00|32|gres:gpu:h100:1;
2026-10-10T09:19:25Z 1051|kevin|s1a-a1-9b-s2|PENDING|0:00|90|N/A;1053|kevin|q2s1a-a1-9b-s2|PENDING|0:00|32|gres:gpu:h100:1;
2026-10-10T09:19:40Z 1051|kevin|s1a-a1-9b-s2|PENDING|0:00|90|N/A;1053|kevin|q2s1a-a1-9b-s2|PENDING|0:00|32|gres:gpu:h100:1;
2026-10-10T09:19:55Z 1051|kevin|s1a-a1-9b-s2|PENDING|0:00|90|N/A;1053|kevin|q2s1a-a1-9b-s2|PENDING|0:00|32|gres:gpu:h100:1;
2026-10-10T09:20:10Z 1051|kevin|s1a-a1-9b-s2|PENDING|0:00|90|N/A;1053|kevin|q2s1a-a1-9b-s2|PENDING|0:00|32|gres:gpu:h100:1;
2026-10-10T09:20:25Z 1051|kevin|s1a-a1-9b-s2|PENDING|0:00|90|N/A;1053|kevin|q2s1a-a1-9b-s2|PENDING|0:00|32|gres:gpu:h100:1;
2026-10-10T09:20:40Z 1051|kevin|s1a-a1-9b-s2|PENDING|0:00|90|N/A;1053|kevin|q2s1a-a1-9b-s2|PENDING|0:00|32|gres:gpu:h100:1;
2026-10-10T09:20:55Z 1051|kevin|s1a-a1-9b-s2|PENDING|0:00|90|N/A;1053|kevin|q2s1a-a1-9b-s2|PENDING|0:00|32|gres:gpu:h100:1;
2026-10-10T09:21:10Z 1051|kevin|s1a-a1-9b-s2|PENDING|0:00|90|N/A;1053|kevin|q2s1a-a1-9b-s2|PENDING|0:00|32|gres:gpu:h100:1;
2026-10-10T09:21:25Z 1051|kevin|s1a-a1-9b-s2|PENDING|0:00|90|N/A;1053|kevin|q2s1a-a1-9b-s2|PENDING|0:00|32|gres:gpu:h100:1;
2026-10-10T09:21:40Z 1051|kevin|s1a-a1-9b-s2|PENDING|0:00|90|N/A;1053|kevin|q2s1a-a1-9b-s2|PENDING|0:00|32|gres:gpu:h100:1;
2026-10-10T09:21:55Z 1051|kevin|s1a-a1-9b-s2|PENDING|0:00|90|N/A;1053|kevin|q2s1a-a1-9b-s2|PENDING|0:00|32|gres:gpu:h100:1;
2026-10-10T09:22:10Z 1051|kevin|s1a-a1-9b-s2|PENDING|0:00|90|N/A;1053|kevin|q2s1a-a1-9b-s2|PENDING|0:00|32|gres:gpu:h100:1;
2026-10-10T09:22:25Z 1051|kevin|s1a-a1-9b-s2|PENDING|0:00|90|N/A;1053|kevin|q2s1a-a1-9b-s2|PENDING|0:00|32|gres:gpu:h100:1;
2026-10-10T09:22:40Z 1051|kevin|s1a-a1-9b-s2|PENDING|0:00|90|N/A;1053|kevin|q2s1a-a1-9b-s2|PENDING|0:00|32|gres:gpu:h100:1;
2026-10-10T09:22:55Z 1051|kevin|s1a-a1-9b-s2|PENDING|0:00|90|N/A;1053|kevin|q2s1a-a1-9b-s2|PENDING|0:00|32|gres:gpu:h100:1;
2026-10-10T09:23:10Z 1051|kevin|s1a-a1-9b-s2|PENDING|0:00|90|N/A;1053|kevin|q2s1a-a1-9b-s2|PENDING|0:00|32|gres:gpu:h100:1;
2026-10-10T09:23:25Z 1051|kevin|s1a-a1-9b-s2|PENDING|0:00|90|N/A;1053|kevin|q2s1a-a1-9b-s2|PENDING|0:00|32|gres:gpu:h100:1;
2026-10-10T09:23:40Z 1051|kevin|s1a-a1-9b-s2|PENDING|0:00|90|N/A;1053|kevin|q2s1a-a1-9b-s2|PENDING|0:00|32|gres:gpu:h100:1;
2026-10-10T09:23:55Z 1051|kevin|s1a-a1-9b-s2|PENDING|0:00|90|N/A;1053|kevin|q2s1a-a1-9b-s2|PENDING|0:00|32|gres:gpu:h100:1;
2026-10-10T09:24:10Z 1051|kevin|s1a-a1-9b-s2|PENDING|0:00|90|N/A;1053|kevin|q2s1a-a1-9b-s2|PENDING|0:00|32|gres:gpu:h100:1;
2026-10-10T09:24:25Z 1051|kevin|s1a-a1-9b-s2|PENDING|0:00|90|N/A;1053|kevin|q2s1a-a1-9b-s2|PENDING|0:00|32|gres:gpu:h100:1;
2026-10-10T09:24:40Z 1051|kevin|s1a-a1-9b-s2|PENDING|0:00|90|N/A;1053|kevin|q2s1a-a1-9b-s2|PENDING|0:00|32|gres:gpu:h100:1;
2026-10-10T09:24:55Z 1051|kevin|s1a-a1-9b-s2|PENDING|0:00|90|N/A;1053|kevin|q2s1a-a1-9b-s2|PENDING|0:00|32|gres:gpu:h100:1;
2026-10-10T09:25:10Z 1051|kevin|s1a-a1-9b-s2|PENDING|0:00|90|N/A;1053|kevin|q2s1a-a1-9b-s2|PENDING|0:00|32|gres:gpu:h100:1;
2026-10-10T09:25:25Z 1051|kevin|s1a-a1-9b-s2|PENDING|0:00|90|N/A;1053|kevin|q2s1a-a1-9b-s2|PENDING|0:00|32|gres:gpu:h100:1;
2026-10-10T09:25:40Z 1051|kevin|s1a-a1-9b-s2|PENDING|0:00|90|N/A;1053|kevin|q2s1a-a1-9b-s2|PENDING|0:00|32|gres:gpu:h100:1;
2026-10-10T09:25:55Z 1051|kevin|s1a-a1-9b-s2|PENDING|0:00|90|N/A;1053|kevin|q2s1a-a1-9b-s2|PENDING|0:00|32|gres:gpu:h100:1;
2026-10-10T09:26:10Z 1051|kevin|s1a-a1-9b-s2|PENDING|0:00|90|N/A;1053|kevin|q2s1a-a1-9b-s2|PENDING|0:00|32|gres:gpu:h100:1;
2026-10-10T09:26:25Z 1051|kevin|s1a-a1-9b-s2|PENDING|0:00|90|N/A;1053|kevin|q2s1a-a1-9b-s2|PENDING|0:00|32|gres:gpu:h100:1;
2026-10-10T09:26:40Z 1051|kevin|s1a-a1-9b-s2|PENDING|0:00|90|N/A;1053|kevin|q2s1a-a1-9b-s2|PENDING|0:00|32|gres:gpu:h100:1;
2026-10-10T09:26:55Z 1051|kevin|s1a-a1-9b-s2|PENDING|0:00|90|N/A;1053|kevin|q2s1a-a1-9b-s2|PENDING|0:00|32|gres:gpu:h100:1;
2026-10-10T09:27:10Z 1051|kevin|s1a-a1-9b-s2|PENDING|0:00|90|N/A;1053|kevin|q2s1a-a1-9b-s2|PENDING|0:00|32|gres:gpu:h100:1;
2026-10-10T09:27:26Z 1051|kevin|s1a-a1-9b-s2|PENDING|0:00|90|N/A;1053|kevin|q2s1a-a1-9b-s2|PENDING|0:00|32|gres:gpu:h100:1;
2026-10-10T09:27:41Z 1051|kevin|s1a-a1-9b-s2|PENDING|0:00|90|N/A;1053|kevin|q2s1a-a1-9b-s2|PENDING|0:00|32|gres:gpu:h100:1;
2026-10-10T09:27:56Z 1051|kevin|s1a-a1-9b-s2|PENDING|0:00|90|N/A;1053|kevin|q2s1a-a1-9b-s2|PENDING|0:00|32|gres:gpu:h100:1;
2026-10-10T09:28:11Z 1051|kevin|s1a-a1-9b-s2|PENDING|0:00|90|N/A;1053|kevin|q2s1a-a1-9b-s2|PENDING|0:00|32|gres:gpu:h100:1;
2026-10-10T09:28:26Z 1051|kevin|s1a-a1-9b-s2|PENDING|0:00|90|N/A;1053|kevin|q2s1a-a1-9b-s2|PENDING|0:00|32|gres:gpu:h100:1;
2026-10-10T09:28:41Z 1051|kevin|s1a-a1-9b-s2|PENDING|0:00|90|N/A;1053|kevin|q2s1a-a1-9b-s2|PENDING|0:00|32|gres:gpu:h100:1;
2026-10-10T09:28:56Z 1051|kevin|s1a-a1-9b-s2|PENDING|0:00|90|N/A;1053|kevin|q2s1a-a1-9b-s2|PENDING|0:00|32|gres:gpu:h100:1;
2026-10-10T09:29:11Z 1051|kevin|s1a-a1-9b-s2|PENDING|0:00|90|N/A;1053|kevin|q2s1a-a1-9b-s2|PENDING|0:00|32|gres:gpu:h100:1;
2026-10-10T09:29:26Z 1051|kevin|s1a-a1-9b-s2|PENDING|0:00|90|N/A;1053|kevin|q2s1a-a1-9b-s2|PENDING|0:00|32|gres:gpu:h100:1;
2026-10-10T09:29:41Z 1051|kevin|s1a-a1-9b-s2|PENDING|0:00|90|N/A;1053|kevin|q2s1a-a1-9b-s2|PENDING|0:00|32|gres:gpu:h100:1;
2026-10-10T09:29:56Z 1051|kevin|s1a-a1-9b-s2|PENDING|0:00|90|N/A;1053|kevin|q2s1a-a1-9b-s2|PENDING|0:00|32|gres:gpu:h100:1;
2026-10-10T09:30:11Z 1051|kevin|s1a-a1-9b-s2|PENDING|0:00|90|N/A;1053|kevin|q2s1a-a1-9b-s2|PENDING|0:00|32|gres:gpu:h100:1;
2026-10-10T09:30:26Z 1051|kevin|s1a-a1-9b-s2|PENDING|0:00|90|N/A;1053|kevin|q2s1a-a1-9b-s2|PENDING|0:00|32|gres:gpu:h100:1;
2026-10-10T09:30:41Z 1051|kevin|s1a-a1-9b-s2|PENDING|0:00|90|N/A;1053|kevin|q2s1a-a1-9b-s2|PENDING|0:00|32|gres:gpu:h100:1;
2026-10-10T09:30:56Z 1051|kevin|s1a-a1-9b-s2|PENDING|0:00|90|N/A;1053|kevin|q2s1a-a1-9b-s2|PENDING|0:00|32|gres:gpu:h100:1;
2026-10-10T09:31:11Z 1051|kevin|s1a-a1-9b-s2|PENDING|0:00|90|N/A;1053|kevin|q2s1a-a1-9b-s2|PENDING|0:00|32|gres:gpu:h100:1;
2026-10-10T09:31:26Z 1051|kevin|s1a-a1-9b-s2|PENDING|0:00|90|N/A;1053|kevin|q2s1a-a1-9b-s2|PENDING|0:00|32|gres:gpu:h100:1;
2026-10-10T09:31:41Z 1051|kevin|s1a-a1-9b-s2|PENDING|0:00|90|N/A;1053|kevin|q2s1a-a1-9b-s2|PENDING|0:00|32|gres:gpu:h100:1;
2026-10-10T09:31:56Z 1051|kevin|s1a-a1-9b-s2|PENDING|0:00|90|N/A;1053|kevin|q2s1a-a1-9b-s2|PENDING|0:00|32|gres:gpu:h100:1;
2026-10-10T09:32:11Z 1051|kevin|s1a-a1-9b-s2|PENDING|0:00|90|N/A;1053|kevin|q2s1a-a1-9b-s2|PENDING|0:00|32|gres:gpu:h100:1;
2026-10-10T09:32:26Z 1051|kevin|s1a-a1-9b-s2|PENDING|0:00|90|N/A;1053|kevin|q2s1a-a1-9b-s2|PENDING|0:00|32|gres:gpu:h100:1;
2026-10-10T09:32:41Z 1051|kevin|s1a-a1-9b-s2|PENDING|0:00|90|N/A;1053|kevin|q2s1a-a1-9b-s2|PENDING|0:00|32|gres:gpu:h100:1;
2026-10-10T09:32:56Z 1051|kevin|s1a-a1-9b-s2|PENDING|0:00|90|N/A;1053|kevin|q2s1a-a1-9b-s2|PENDING|0:00|32|gres:gpu:h100:1;
2026-10-10T09:33:11Z 1051|kevin|s1a-a1-9b-s2|PENDING|0:00|90|N/A;1053|kevin|q2s1a-a1-9b-s2|PENDING|0:00|32|gres:gpu:h100:1;
2026-10-10T09:33:26Z 1051|kevin|s1a-a1-9b-s2|PENDING|0:00|90|N/A;1053|kevin|q2s1a-a1-9b-s2|PENDING|0:00|32|gres:gpu:h100:1;
2026-10-10T09:33:41Z 1051|kevin|s1a-a1-9b-s2|PENDING|0:00|90|N/A;1053|kevin|q2s1a-a1-9b-s2|PENDING|0:00|32|gres:gpu:h100:1;
2026-10-10T09:33:56Z 1051|kevin|s1a-a1-9b-s2|PENDING|0:00|90|N/A;1053|kevin|q2s1a-a1-9b-s2|PENDING|0:00|32|gres:gpu:h100:1;
2026-10-10T09:34:11Z 1051|kevin|s1a-a1-9b-s2|PENDING|0:00|90|N/A;1053|kevin|q2s1a-a1-9b-s2|PENDING|0:00|32|gres:gpu:h100:1;
2026-10-10T09:34:26Z 1051|kevin|s1a-a1-9b-s2|PENDING|0:00|90|N/A;1053|kevin|q2s1a-a1-9b-s2|PENDING|0:00|32|gres:gpu:h100:1;
2026-10-10T09:34:41Z 1051|kevin|s1a-a1-9b-s2|PENDING|0:00|90|N/A;1053|kevin|q2s1a-a1-9b-s2|PENDING|0:00|32|gres:gpu:h100:1;
2026-10-10T09:34:56Z 1051|kevin|s1a-a1-9b-s2|PENDING|0:00|90|N/A;1053|kevin|q2s1a-a1-9b-s2|PENDING|0:00|32|gres:gpu:h100:1;
2026-10-10T09:35:11Z 1051|kevin|s1a-a1-9b-s2|PENDING|0:00|90|N/A;1053|kevin|q2s1a-a1-9b-s2|PENDING|0:00|32|gres:gpu:h100:1;
2026-10-10T09:35:26Z 1051|kevin|s1a-a1-9b-s2|PENDING|0:00|90|N/A;1053|kevin|q2s1a-a1-9b-s2|PENDING|0:00|32|gres:gpu:h100:1;
2026-10-10T09:35:41Z 1051|kevin|s1a-a1-9b-s2|PENDING|0:00|90|N/A;1053|kevin|q2s1a-a1-9b-s2|PENDING|0:00|32|gres:gpu:h100:1;
2026-10-10T09:35:56Z 1051|kevin|s1a-a1-9b-s2|PENDING|0:00|90|N/A;1053|kevin|q2s1a-a1-9b-s2|PENDING|0:00|32|gres:gpu:h100:1;
2026-10-10T09:36:11Z 1051|kevin|s1a-a1-9b-s2|PENDING|0:00|90|N/A;1053|kevin|q2s1a-a1-9b-s2|PENDING|0:00|32|gres:gpu:h100:1;
2026-10-10T09:36:26Z 1051|kevin|s1a-a1-9b-s2|PENDING|0:00|90|N/A;1053|kevin|q2s1a-a1-9b-s2|PENDING|0:00|32|gres:gpu:h100:1;
2026-10-10T09:36:41Z 1051|kevin|s1a-a1-9b-s2|PENDING|0:00|90|N/A;1053|kevin|q2s1a-a1-9b-s2|PENDING|0:00|32|gres:gpu:h100:1;
2026-10-10T09:36:56Z 1051|kevin|s1a-a1-9b-s2|PENDING|0:00|90|N/A;1053|kevin|q2s1a-a1-9b-s2|PENDING|0:00|32|gres:gpu:h100:1;
2026-10-10T09:37:11Z 1051|kevin|s1a-a1-9b-s2|PENDING|0:00|90|N/A;1053|kevin|q2s1a-a1-9b-s2|PENDING|0:00|32|gres:gpu:h100:1;
2026-10-10T09:37:26Z 1051|kevin|s1a-a1-9b-s2|PENDING|0:00|90|N/A;1053|kevin|q2s1a-a1-9b-s2|PENDING|0:00|32|gres:gpu:h100:1;
2026-10-10T09:37:41Z 1051|kevin|s1a-a1-9b-s2|PENDING|0:00|90|N/A;1053|kevin|q2s1a-a1-9b-s2|PENDING|0:00|32|gres:gpu:h100:1;
2026-10-10T09:37:56Z 1051|kevin|s1a-a1-9b-s2|PENDING|0:00|90|N/A;1053|kevin|q2s1a-a1-9b-s2|PENDING|0:00|32|gres:gpu:h100:1;
2026-10-10T09:38:11Z 1051|kevin|s1a-a1-9b-s2|PENDING|0:00|90|N/A;1053|kevin|q2s1a-a1-9b-s2|PENDING|0:00|32|gres:gpu:h100:1;
2026-10-10T09:38:26Z 1051|kevin|s1a-a1-9b-s2|PENDING|0:00|90|N/A;1053|kevin|q2s1a-a1-9b-s2|PENDING|0:00|32|gres:gpu:h100:1;
2026-10-10T09:38:41Z 1051|kevin|s1a-a1-9b-s2|PENDING|0:00|90|N/A;1053|kevin|q2s1a-a1-9b-s2|PENDING|0:00|32|gres:gpu:h100:1;
2026-10-10T09:38:56Z 1051|kevin|s1a-a1-9b-s2|PENDING|0:00|90|N/A;1053|kevin|q2s1a-a1-9b-s2|PENDING|0:00|32|gres:gpu:h100:1;
2026-10-10T09:39:11Z 1051|kevin|s1a-a1-9b-s2|PENDING|0:00|90|N/A;1053|kevin|q2s1a-a1-9b-s2|PENDING|0:00|32|gres:gpu:h100:1;
2026-10-10T09:39:27Z 1051|kevin|s1a-a1-9b-s2|PENDING|0:00|90|N/A;1053|kevin|q2s1a-a1-9b-s2|PENDING|0:00|32|gres:gpu:h100:1;
2026-10-10T09:39:42Z 1051|kevin|s1a-a1-9b-s2|PENDING|0:00|90|N/A;1053|kevin|q2s1a-a1-9b-s2|PENDING|0:00|32|gres:gpu:h100:1;
2026-10-10T09:39:57Z 1051|kevin|s1a-a1-9b-s2|PENDING|0:00|90|N/A;1053|kevin|q2s1a-a1-9b-s2|PENDING|0:00|32|gres:gpu:h100:1;
2026-10-10T09:40:12Z 1051|kevin|s1a-a1-9b-s2|PENDING|0:00|90|N/A;1053|kevin|q2s1a-a1-9b-s2|PENDING|0:00|32|gres:gpu:h100:1;
2026-10-10T09:40:27Z 1051|kevin|s1a-a1-9b-s2|PENDING|0:00|90|N/A;1053|kevin|q2s1a-a1-9b-s2|PENDING|0:00|32|gres:gpu:h100:1;
2026-10-10T09:40:42Z 1051|kevin|s1a-a1-9b-s2|PENDING|0:00|90|N/A;1053|kevin|q2s1a-a1-9b-s2|PENDING|0:00|32|gres:gpu:h100:1;
2026-10-10T09:40:57Z 1051|kevin|s1a-a1-9b-s2|PENDING|0:00|90|N/A;1053|kevin|q2s1a-a1-9b-s2|PENDING|0:00|32|gres:gpu:h100:1;
2026-10-10T09:41:12Z 1051|kevin|s1a-a1-9b-s2|PENDING|0:00|90|N/A;1053|kevin|q2s1a-a1-9b-s2|PENDING|0:00|32|gres:gpu:h100:1;
2026-10-10T09:41:27Z 1051|kevin|s1a-a1-9b-s2|PENDING|0:00|90|N/A;1053|kevin|q2s1a-a1-9b-s2|PENDING|0:00|32|gres:gpu:h100:1;
2026-10-10T09:41:42Z 1051|kevin|s1a-a1-9b-s2|PENDING|0:00|90|N/A;1053|kevin|q2s1a-a1-9b-s2|PENDING|0:00|32|gres:gpu:h100:1;
2026-10-10T09:41:57Z 1051|kevin|s1a-a1-9b-s2|PENDING|0:00|90|N/A;1053|kevin|q2s1a-a1-9b-s2|PENDING|0:00|32|gres:gpu:h100:1;
2026-10-10T09:42:12Z 1051|kevin|s1a-a1-9b-s2|PENDING|0:00|90|N/A;1053|kevin|q2s1a-a1-9b-s2|PENDING|0:00|32|gres:gpu:h100:1;
2026-10-10T09:42:27Z 1051|kevin|s1a-a1-9b-s2|PENDING|0:00|90|N/A;1053|kevin|q2s1a-a1-9b-s2|PENDING|0:00|32|gres:gpu:h100:1;
2026-10-10T09:42:42Z 1051|kevin|s1a-a1-9b-s2|PENDING|0:00|90|N/A;1053|kevin|q2s1a-a1-9b-s2|PENDING|0:00|32|gres:gpu:h100:1;
2026-10-10T09:42:57Z 1051|kevin|s1a-a1-9b-s2|PENDING|0:00|90|N/A;1053|kevin|q2s1a-a1-9b-s2|PENDING|0:00|32|gres:gpu:h100:1;
2026-10-10T09:43:12Z 1051|kevin|s1a-a1-9b-s2|PENDING|0:00|90|N/A;1053|kevin|q2s1a-a1-9b-s2|PENDING|0:00|32|gres:gpu:h100:1;
2026-10-10T09:43:27Z 1051|kevin|s1a-a1-9b-s2|PENDING|0:00|90|N/A;1053|kevin|q2s1a-a1-9b-s2|PENDING|0:00|32|gres:gpu:h100:1;
2026-10-10T09:43:42Z 1051|kevin|s1a-a1-9b-s2|PENDING|0:00|90|N/A;1053|kevin|q2s1a-a1-9b-s2|PENDING|0:00|32|gres:gpu:h100:1;
2026-10-10T09:43:57Z 1051|kevin|s1a-a1-9b-s2|PENDING|0:00|90|N/A;1053|kevin|q2s1a-a1-9b-s2|PENDING|0:00|32|gres:gpu:h100:1;
2026-10-10T09:44:12Z 1051|kevin|s1a-a1-9b-s2|PENDING|0:00|90|N/A;1053|kevin|q2s1a-a1-9b-s2|PENDING|0:00|32|gres:gpu:h100:1;
2026-10-10T09:44:27Z 1051|kevin|s1a-a1-9b-s2|PENDING|0:00|90|N/A;1053|kevin|q2s1a-a1-9b-s2|PENDING|0:00|32|gres:gpu:h100:1;
2026-10-10T09:44:42Z 1051|kevin|s1a-a1-9b-s2|PENDING|0:00|90|N/A;1053|kevin|q2s1a-a1-9b-s2|PENDING|0:00|32|gres:gpu:h100:1;
2026-10-10T09:44:57Z 1051|kevin|s1a-a1-9b-s2|PENDING|0:00|90|N/A;1053|kevin|q2s1a-a1-9b-s2|PENDING|0:00|32|gres:gpu:h100:1;
2026-10-10T09:45:12Z 1051|kevin|s1a-a1-9b-s2|PENDING|0:00|90|N/A;1053|kevin|q2s1a-a1-9b-s2|PENDING|0:00|32|gres:gpu:h100:1;
2026-10-10T09:45:27Z 1051|kevin|s1a-a1-9b-s2|PENDING|0:00|90|N/A;1053|kevin|q2s1a-a1-9b-s2|PENDING|0:00|32|gres:gpu:h100:1;
2026-10-10T09:45:42Z 1051|kevin|s1a-a1-9b-s2|PENDING|0:00|90|N/A;1053|kevin|q2s1a-a1-9b-s2|PENDING|0:00|32|gres:gpu:h100:1;
2026-10-10T09:45:57Z 1051|kevin|s1a-a1-9b-s2|PENDING|0:00|90|N/A;1053|kevin|q2s1a-a1-9b-s2|PENDING|0:00|32|gres:gpu:h100:1;
2026-10-10T09:46:12Z 1051|kevin|s1a-a1-9b-s2|PENDING|0:00|90|N/A;1053|kevin|q2s1a-a1-9b-s2|PENDING|0:00|32|gres:gpu:h100:1;
2026-10-10T09:46:27Z 1051|kevin|s1a-a1-9b-s2|PENDING|0:00|90|N/A;1053|kevin|q2s1a-a1-9b-s2|PENDING|0:00|32|gres:gpu:h100:1;
2026-10-10T09:46:42Z 1051|kevin|s1a-a1-9b-s2|PENDING|0:00|90|N/A;1053|kevin|q2s1a-a1-9b-s2|PENDING|0:00|32|gres:gpu:h100:1;
2026-10-10T09:46:57Z 1051|kevin|s1a-a1-9b-s2|PENDING|0:00|90|N/A;1053|kevin|q2s1a-a1-9b-s2|PENDING|0:00|32|gres:gpu:h100:1;
2026-10-10T09:47:12Z 1051|kevin|s1a-a1-9b-s2|PENDING|0:00|90|N/A;1053|kevin|q2s1a-a1-9b-s2|PENDING|0:00|32|gres:gpu:h100:1;
2026-10-10T09:47:27Z 1051|kevin|s1a-a1-9b-s2|PENDING|0:00|90|N/A;1053|kevin|q2s1a-a1-9b-s2|PENDING|0:00|32|gres:gpu:h100:1;
2026-10-10T09:47:42Z 1051|kevin|s1a-a1-9b-s2|PENDING|0:00|90|N/A;1053|kevin|q2s1a-a1-9b-s2|PENDING|0:00|32|gres:gpu:h100:1;
2026-10-10T09:47:57Z 1051|kevin|s1a-a1-9b-s2|PENDING|0:00|90|N/A;1053|kevin|q2s1a-a1-9b-s2|PENDING|0:00|32|gres:gpu:h100:1;
2026-10-10T09:48:12Z 1051|kevin|s1a-a1-9b-s2|PENDING|0:00|90|N/A;1053|kevin|q2s1a-a1-9b-s2|PENDING|0:00|32|gres:gpu:h100:1;
2026-10-10T09:48:27Z 1051|kevin|s1a-a1-9b-s2|PENDING|0:00|90|N/A;1053|kevin|q2s1a-a1-9b-s2|PENDING|0:00|32|gres:gpu:h100:1;
2026-10-10T09:48:42Z 1051|kevin|s1a-a1-9b-s2|PENDING|0:00|90|N/A;1053|kevin|q2s1a-a1-9b-s2|PENDING|0:00|32|gres:gpu:h100:1;
2026-10-10T09:48:57Z 1051|kevin|s1a-a1-9b-s2|PENDING|0:00|90|N/A;1053|kevin|q2s1a-a1-9b-s2|PENDING|0:00|32|gres:gpu:h100:1;
2026-10-10T09:49:12Z 1051|kevin|s1a-a1-9b-s2|PENDING|0:00|90|N/A;1053|kevin|q2s1a-a1-9b-s2|PENDING|0:00|32|gres:gpu:h100:1;
2026-10-10T09:49:27Z 1051|kevin|s1a-a1-9b-s2|PENDING|0:00|90|N/A;1053|kevin|q2s1a-a1-9b-s2|PENDING|0:00|32|gres:gpu:h100:1;
2026-10-10T09:49:42Z 1051|kevin|s1a-a1-9b-s2|PENDING|0:00|90|N/A;1053|kevin|q2s1a-a1-9b-s2|PENDING|0:00|32|gres:gpu:h100:1;
2026-10-10T09:49:57Z 1051|kevin|s1a-a1-9b-s2|PENDING|0:00|90|N/A;1053|kevin|q2s1a-a1-9b-s2|PENDING|0:00|32|gres:gpu:h100:1;
2026-10-10T09:50:12Z 1051|kevin|s1a-a1-9b-s2|PENDING|0:00|90|N/A;1053|kevin|q2s1a-a1-9b-s2|PENDING|0:00|32|gres:gpu:h100:1;
2026-10-10T09:50:27Z 1051|kevin|s1a-a1-9b-s2|PENDING|0:00|90|N/A;1053|kevin|q2s1a-a1-9b-s2|PENDING|0:00|32|gres:gpu:h100:1;
2026-10-10T09:50:42Z 1051|kevin|s1a-a1-9b-s2|PENDING|0:00|90|N/A;1053|kevin|q2s1a-a1-9b-s2|PENDING|0:00|32|gres:gpu:h100:1;
2026-10-10T09:50:57Z 1051|kevin|s1a-a1-9b-s2|PENDING|0:00|90|N/A;1053|kevin|q2s1a-a1-9b-s2|PENDING|0:00|32|gres:gpu:h100:1;
2026-10-10T09:51:12Z 1051|kevin|s1a-a1-9b-s2|PENDING|0:00|90|N/A;1053|kevin|q2s1a-a1-9b-s2|PENDING|0:00|32|gres:gpu:h100:1;
2026-10-10T09:51:27Z 1051|kevin|s1a-a1-9b-s2|PENDING|0:00|90|N/A;1053|kevin|q2s1a-a1-9b-s2|PENDING|0:00|32|gres:gpu:h100:1;
2026-10-10T09:51:43Z 1051|kevin|s1a-a1-9b-s2|PENDING|0:00|90|N/A;1053|kevin|q2s1a-a1-9b-s2|PENDING|0:00|32|gres:gpu:h100:1;
2026-10-10T09:51:58Z 1051|kevin|s1a-a1-9b-s2|PENDING|0:00|90|N/A;1053|kevin|q2s1a-a1-9b-s2|PENDING|0:00|32|gres:gpu:h100:1;
2026-10-10T09:52:13Z 1051|kevin|s1a-a1-9b-s2|PENDING|0:00|90|N/A;1053|kevin|q2s1a-a1-9b-s2|PENDING|0:00|32|gres:gpu:h100:1;
2026-10-10T09:52:28Z 1051|kevin|s1a-a1-9b-s2|PENDING|0:00|90|N/A;1053|kevin|q2s1a-a1-9b-s2|PENDING|0:00|32|gres:gpu:h100:1;
2026-10-10T09:52:43Z 1051|kevin|s1a-a1-9b-s2|PENDING|0:00|90|N/A;1053|kevin|q2s1a-a1-9b-s2|PENDING|0:00|32|gres:gpu:h100:1;
2026-10-10T09:52:58Z 1051|kevin|s1a-a1-9b-s2|PENDING|0:00|90|N/A;1053|kevin|q2s1a-a1-9b-s2|PENDING|0:00|32|gres:gpu:h100:1;
2026-10-10T09:53:13Z 1051|kevin|s1a-a1-9b-s2|PENDING|0:00|90|N/A;1053|kevin|q2s1a-a1-9b-s2|PENDING|0:00|32|gres:gpu:h100:1;
2026-10-10T09:53:28Z 1051|kevin|s1a-a1-9b-s2|PENDING|0:00|90|N/A;1053|kevin|q2s1a-a1-9b-s2|PENDING|0:00|32|gres:gpu:h100:1;
2026-10-10T09:53:43Z 1051|kevin|s1a-a1-9b-s2|PENDING|0:00|90|N/A;1053|kevin|q2s1a-a1-9b-s2|PENDING|0:00|32|gres:gpu:h100:1;
2026-10-10T09:53:58Z 1051|kevin|s1a-a1-9b-s2|PENDING|0:00|90|N/A;1053|kevin|q2s1a-a1-9b-s2|PENDING|0:00|32|gres:gpu:h100:1;
2026-10-10T09:54:13Z 1051|kevin|s1a-a1-9b-s2|PENDING|0:00|90|N/A;1053|kevin|q2s1a-a1-9b-s2|PENDING|0:00|32|gres:gpu:h100:1;
2026-10-10T09:54:28Z 1051|kevin|s1a-a1-9b-s2|PENDING|0:00|90|N/A;1053|kevin|q2s1a-a1-9b-s2|PENDING|0:00|32|gres:gpu:h100:1;
2026-10-10T09:54:43Z 1051|kevin|s1a-a1-9b-s2|PENDING|0:00|90|N/A;1053|kevin|q2s1a-a1-9b-s2|PENDING|0:00|32|gres:gpu:h100:1;
2026-10-10T09:54:58Z 1051|kevin|s1a-a1-9b-s2|PENDING|0:00|90|N/A;1053|kevin|q2s1a-a1-9b-s2|PENDING|0:00|32|gres:gpu:h100:1;
2026-10-10T09:55:13Z 1051|kevin|s1a-a1-9b-s2|PENDING|0:00|90|N/A;1053|kevin|q2s1a-a1-9b-s2|PENDING|0:00|32|gres:gpu:h100:1;
2026-10-10T09:55:28Z 1051|kevin|s1a-a1-9b-s2|PENDING|0:00|90|N/A;1053|kevin|q2s1a-a1-9b-s2|PENDING|0:00|32|gres:gpu:h100:1;
2026-10-10T09:55:43Z 1051|kevin|s1a-a1-9b-s2|PENDING|0:00|90|N/A;1053|kevin|q2s1a-a1-9b-s2|PENDING|0:00|32|gres:gpu:h100:1;
2026-10-10T09:55:58Z 1051|kevin|s1a-a1-9b-s2|PENDING|0:00|90|N/A;1053|kevin|q2s1a-a1-9b-s2|PENDING|0:00|32|gres:gpu:h100:1;
2026-10-10T09:56:13Z 1051|kevin|s1a-a1-9b-s2|PENDING|0:00|90|N/A;1053|kevin|q2s1a-a1-9b-s2|PENDING|0:00|32|gres:gpu:h100:1;
2026-10-10T09:56:28Z 1051|kevin|s1a-a1-9b-s2|PENDING|0:00|90|N/A;1053|kevin|q2s1a-a1-9b-s2|PENDING|0:00|32|gres:gpu:h100:1;
2026-10-10T09:56:43Z 1051|kevin|s1a-a1-9b-s2|PENDING|0:00|90|N/A;1053|kevin|q2s1a-a1-9b-s2|PENDING|0:00|32|gres:gpu:h100:1;
2026-10-10T09:56:58Z 1051|kevin|s1a-a1-9b-s2|PENDING|0:00|90|N/A;1053|kevin|q2s1a-a1-9b-s2|PENDING|0:00|32|gres:gpu:h100:1;
2026-10-10T09:57:13Z 1051|kevin|s1a-a1-9b-s2|PENDING|0:00|90|N/A;1053|kevin|q2s1a-a1-9b-s2|PENDING|0:00|32|gres:gpu:h100:1;
2026-10-10T09:57:28Z 1051|kevin|s1a-a1-9b-s2|PENDING|0:00|90|N/A;1053|kevin|q2s1a-a1-9b-s2|PENDING|0:00|32|gres:gpu:h100:1;
2026-10-10T09:57:43Z 1051|kevin|s1a-a1-9b-s2|PENDING|0:00|90|N/A;1053|kevin|q2s1a-a1-9b-s2|PENDING|0:00|32|gres:gpu:h100:1;
2026-10-10T09:57:58Z 1051|kevin|s1a-a1-9b-s2|PENDING|0:00|90|N/A;1053|kevin|q2s1a-a1-9b-s2|PENDING|0:00|32|gres:gpu:h100:1;
2026-10-10T09:58:13Z 1051|kevin|s1a-a1-9b-s2|PENDING|0:00|90|N/A;1053|kevin|q2s1a-a1-9b-s2|PENDING|0:00|32|gres:gpu:h100:1;
2026-10-10T09:58:28Z 1051|kevin|s1a-a1-9b-s2|PENDING|0:00|90|N/A;1053|kevin|q2s1a-a1-9b-s2|PENDING|0:00|32|gres:gpu:h100:1;
2026-10-10T09:58:43Z 1051|kevin|s1a-a1-9b-s2|PENDING|0:00|90|N/A;1053|kevin|q2s1a-a1-9b-s2|PENDING|0:00|32|gres:gpu:h100:1;
2026-10-10T09:58:58Z 1051|kevin|s1a-a1-9b-s2|PENDING|0:00|90|N/A;1053|kevin|q2s1a-a1-9b-s2|PENDING|0:00|32|gres:gpu:h100:1;
2026-10-10T09:59:13Z 1051|kevin|s1a-a1-9b-s2|PENDING|0:00|90|N/A;1053|kevin|q2s1a-a1-9b-s2|PENDING|0:00|32|gres:gpu:h100:1;
2026-10-10T09:59:28Z 1051|kevin|s1a-a1-9b-s2|PENDING|0:00|90|N/A;1053|kevin|q2s1a-a1-9b-s2|PENDING|0:00|32|gres:gpu:h100:1;
2026-10-10T09:59:43Z 1051|kevin|s1a-a1-9b-s2|PENDING|0:00|90|N/A;1053|kevin|q2s1a-a1-9b-s2|PENDING|0:00|32|gres:gpu:h100:1;
2026-10-10T09:59:58Z 1051|kevin|s1a-a1-9b-s2|PENDING|0:00|90|N/A;1053|kevin|q2s1a-a1-9b-s2|PENDING|0:00|32|gres:gpu:h100:1;
2026-10-10T10:00:13Z 1051|kevin|s1a-a1-9b-s2|PENDING|0:00|90|N/A;1053|kevin|q2s1a-a1-9b-s2|PENDING|0:00|32|gres:gpu:h100:1;
2026-10-10T10:00:28Z 1051|kevin|s1a-a1-9b-s2|PENDING|0:00|90|N/A;1053|kevin|q2s1a-a1-9b-s2|PENDING|0:00|32|gres:gpu:h100:1;
2026-10-10T10:00:43Z 1051|kevin|s1a-a1-9b-s2|PENDING|0:00|90|N/A;1053|kevin|q2s1a-a1-9b-s2|PENDING|0:00|32|gres:gpu:h100:1;
2026-10-10T10:00:58Z 1051|kevin|s1a-a1-9b-s2|PENDING|0:00|90|N/A;1053|kevin|q2s1a-a1-9b-s2|PENDING|0:00|32|gres:gpu:h100:1;
2026-10-10T10:01:13Z 1051|kevin|s1a-a1-9b-s2|PENDING|0:00|90|N/A;1053|kevin|q2s1a-a1-9b-s2|PENDING|0:00|32|gres:gpu:h100:1;
2026-10-10T10:01:28Z 1051|kevin|s1a-a1-9b-s2|PENDING|0:00|90|N/A;1053|kevin|q2s1a-a1-9b-s2|PENDING|0:00|32|gres:gpu:h100:1;
2026-10-10T10:01:43Z 1051|kevin|s1a-a1-9b-s2|PENDING|0:00|90|N/A;1053|kevin|q2s1a-a1-9b-s2|PENDING|0:00|32|gres:gpu:h100:1;
2026-10-10T10:01:58Z 1051|kevin|s1a-a1-9b-s2|PENDING|0:00|90|N/A;1053|kevin|q2s1a-a1-9b-s2|PENDING|0:00|32|gres:gpu:h100:1;
2026-10-10T10:02:13Z 1051|kevin|s1a-a1-9b-s2|PENDING|0:00|90|N/A;1053|kevin|q2s1a-a1-9b-s2|PENDING|0:00|32|gres:gpu:h100:1;
2026-10-10T10:02:28Z 1051|kevin|s1a-a1-9b-s2|PENDING|0:00|90|N/A;1053|kevin|q2s1a-a1-9b-s2|PENDING|0:00|32|gres:gpu:h100:1;
2026-10-10T10:02:43Z 1051|kevin|s1a-a1-9b-s2|PENDING|0:00|90|N/A;1053|kevin|q2s1a-a1-9b-s2|PENDING|0:00|32|gres:gpu:h100:1;
2026-10-10T10:02:58Z 1051|kevin|s1a-a1-9b-s2|PENDING|0:00|90|N/A;1053|kevin|q2s1a-a1-9b-s2|PENDING|0:00|32|gres:gpu:h100:1;
2026-10-10T10:03:13Z 1051|kevin|s1a-a1-9b-s2|PENDING|0:00|90|N/A;1053|kevin|q2s1a-a1-9b-s2|PENDING|0:00|32|gres:gpu:h100:1;
2026-10-10T10:03:28Z 1051|kevin|s1a-a1-9b-s2|PENDING|0:00|90|N/A;1053|kevin|q2s1a-a1-9b-s2|PENDING|0:00|32|gres:gpu:h100:1;
2026-10-10T10:03:43Z 1051|kevin|s1a-a1-9b-s2|PENDING|0:00|90|N/A;1053|kevin|q2s1a-a1-9b-s2|PENDING|0:00|32|gres:gpu:h100:1;
2026-10-10T10:03:59Z 1051|kevin|s1a-a1-9b-s2|PENDING|0:00|90|N/A;1053|kevin|q2s1a-a1-9b-s2|PENDING|0:00|32|gres:gpu:h100:1;
2026-10-10T10:04:14Z 1051|kevin|s1a-a1-9b-s2|PENDING|0:00|90|N/A;1053|kevin|q2s1a-a1-9b-s2|PENDING|0:00|32|gres:gpu:h100:1;
2026-10-10T10:04:29Z 1051|kevin|s1a-a1-9b-s2|PENDING|0:00|90|N/A;1053|kevin|q2s1a-a1-9b-s2|PENDING|0:00|32|gres:gpu:h100:1;
2026-10-10T10:04:44Z 1051|kevin|s1a-a1-9b-s2|PENDING|0:00|90|N/A;1053|kevin|q2s1a-a1-9b-s2|PENDING|0:00|32|gres:gpu:h100:1;
2026-10-10T10:04:59Z 1051|kevin|s1a-a1-9b-s2|PENDING|0:00|90|N/A;1053|kevin|q2s1a-a1-9b-s2|PENDING|0:00|32|gres:gpu:h100:1;
2026-10-10T10:05:14Z 1051|kevin|s1a-a1-9b-s2|PENDING|0:00|90|N/A;1053|kevin|q2s1a-a1-9b-s2|PENDING|0:00|32|gres:gpu:h100:1;
2026-10-10T10:05:29Z 1051|kevin|s1a-a1-9b-s2|PENDING|0:00|90|N/A;1053|kevin|q2s1a-a1-9b-s2|PENDING|0:00|32|gres:gpu:h100:1;
2026-10-10T10:05:44Z 1051|kevin|s1a-a1-9b-s2|PENDING|0:00|90|N/A;1053|kevin|q2s1a-a1-9b-s2|PENDING|0:00|32|gres:gpu:h100:1;
2026-10-10T10:05:59Z 1051|kevin|s1a-a1-9b-s2|PENDING|0:00|90|N/A;1053|kevin|q2s1a-a1-9b-s2|PENDING|0:00|32|gres:gpu:h100:1;
2026-10-10T10:06:14Z 1051|kevin|s1a-a1-9b-s2|PENDING|0:00|90|N/A;1053|kevin|q2s1a-a1-9b-s2|PENDING|0:00|32|gres:gpu:h100:1;
2026-10-10T10:06:29Z 1051|kevin|s1a-a1-9b-s2|PENDING|0:00|90|N/A;1053|kevin|q2s1a-a1-9b-s2|PENDING|0:00|32|gres:gpu:h100:1;
2026-10-10T10:06:44Z 1051|kevin|s1a-a1-9b-s2|PENDING|0:00|90|N/A;1053|kevin|q2s1a-a1-9b-s2|PENDING|0:00|32|gres:gpu:h100:1;
2026-10-10T10:06:59Z 1051|kevin|s1a-a1-9b-s2|PENDING|0:00|90|N/A;1053|kevin|q2s1a-a1-9b-s2|PENDING|0:00|32|gres:gpu:h100:1;
2026-10-10T10:07:14Z 1051|kevin|s1a-a1-9b-s2|PENDING|0:00|90|N/A;1053|kevin|q2s1a-a1-9b-s2|PENDING|0:00|32|gres:gpu:h100:1;
2026-10-10T10:07:29Z 1051|kevin|s1a-a1-9b-s2|PENDING|0:00|90|N/A;1053|kevin|q2s1a-a1-9b-s2|PENDING|0:00|32|gres:gpu:h100:1;
2026-10-10T10:07:44Z 1051|kevin|s1a-a1-9b-s2|PENDING|0:00|90|N/A;1053|kevin|q2s1a-a1-9b-s2|PENDING|0:00|32|gres:gpu:h100:1;
2026-10-10T10:07:59Z 1051|kevin|s1a-a1-9b-s2|PENDING|0:00|90|N/A;1053|kevin|q2s1a-a1-9b-s2|PENDING|0:00|32|gres:gpu:h100:1;
2026-10-10T10:08:14Z 1051|kevin|s1a-a1-9b-s2|PENDING|0:00|90|N/A;1053|kevin|q2s1a-a1-9b-s2|PENDING|0:00|32|gres:gpu:h100:1;
2026-10-10T10:08:29Z 1051|kevin|s1a-a1-9b-s2|PENDING|0:00|90|N/A;1053|kevin|q2s1a-a1-9b-s2|PENDING|0:00|32|gres:gpu:h100:1;
2026-10-10T10:08:44Z 1051|kevin|s1a-a1-9b-s2|PENDING|0:00|90|N/A;1053|kevin|q2s1a-a1-9b-s2|PENDING|0:00|32|gres:gpu:h100:1;
2026-10-10T10:08:59Z 1051|kevin|s1a-a1-9b-s2|PENDING|0:00|90|N/A;1053|kevin|q2s1a-a1-9b-s2|PENDING|0:00|32|gres:gpu:h100:1;
2026-10-10T10:09:14Z 1051|kevin|s1a-a1-9b-s2|PENDING|0:00|90|N/A;1053|kevin|q2s1a-a1-9b-s2|PENDING|0:00|32|gres:gpu:h100:1;
2026-10-10T10:09:29Z 1051|kevin|s1a-a1-9b-s2|PENDING|0:00|90|N/A;1053|kevin|q2s1a-a1-9b-s2|PENDING|0:00|32|gres:gpu:h100:1;
2026-10-10T10:09:44Z 1051|kevin|s1a-a1-9b-s2|PENDING|0:00|90|N/A;1053|kevin|q2s1a-a1-9b-s2|PENDING|0:00|32|gres:gpu:h100:1;
2026-10-10T10:09:59Z 1051|kevin|s1a-a1-9b-s2|PENDING|0:00|90|N/A;1053|kevin|q2s1a-a1-9b-s2|PENDING|0:00|32|gres:gpu:h100:1;
2026-10-10T10:10:14Z 1051|kevin|s1a-a1-9b-s2|PENDING|0:00|90|N/A;1053|kevin|q2s1a-a1-9b-s2|PENDING|0:00|32|gres:gpu:h100:1;
2026-10-10T10:10:29Z 1051|kevin|s1a-a1-9b-s2|PENDING|0:00|90|N/A;1053|kevin|q2s1a-a1-9b-s2|PENDING|0:00|32|gres:gpu:h100:1;
2026-10-10T10:10:44Z 1051|kevin|s1a-a1-9b-s2|PENDING|0:00|90|N/A;1053|kevin|q2s1a-a1-9b-s2|PENDING|0:00|32|gres:gpu:h100:1;
2026-10-10T10:10:59Z 1051|kevin|s1a-a1-9b-s2|PENDING|0:00|90|N/A;1053|kevin|q2s1a-a1-9b-s2|PENDING|0:00|32|gres:gpu:h100:1;
2026-10-10T10:11:14Z 1051|kevin|s1a-a1-9b-s2|PENDING|0:00|90|N/A;1053|kevin|q2s1a-a1-9b-s2|PENDING|0:00|32|gres:gpu:h100:1;
2026-10-10T10:11:29Z 1051|kevin|s1a-a1-9b-s2|PENDING|0:00|90|N/A;1053|kevin|q2s1a-a1-9b-s2|PENDING|0:00|32|gres:gpu:h100:1;
2026-10-10T10:11:44Z 1051|kevin|s1a-a1-9b-s2|PENDING|0:00|90|N/A;1053|kevin|q2s1a-a1-9b-s2|PENDING|0:00|32|gres:gpu:h100:1;
2026-10-10T10:11:59Z 1051|kevin|s1a-a1-9b-s2|PENDING|0:00|90|N/A;1053|kevin|q2s1a-a1-9b-s2|PENDING|0:00|32|gres:gpu:h100:1;
2026-10-10T10:12:14Z 1051|kevin|s1a-a1-9b-s2|PENDING|0:00|90|N/A;1053|kevin|q2s1a-a1-9b-s2|PENDING|0:00|32|gres:gpu:h100:1;
2026-10-10T10:12:29Z 1051|kevin|s1a-a1-9b-s2|PENDING|0:00|90|N/A;1053|kevin|q2s1a-a1-9b-s2|PENDING|0:00|32|gres:gpu:h100:1;
2026-10-10T10:12:44Z 1051|kevin|s1a-a1-9b-s2|PENDING|0:00|90|N/A;1053|kevin|q2s1a-a1-9b-s2|PENDING|0:00|32|gres:gpu:h100:1;
2026-10-10T10:12:59Z 1051|kevin|s1a-a1-9b-s2|PENDING|0:00|90|N/A;1053|kevin|q2s1a-a1-9b-s2|PENDING|0:00|32|gres:gpu:h100:1;
2026-10-10T10:13:14Z 1051|kevin|s1a-a1-9b-s2|PENDING|0:00|90|N/A;1053|kevin|q2s1a-a1-9b-s2|PENDING|0:00|32|gres:gpu:h100:1;
2026-10-10T10:13:29Z 1051|kevin|s1a-a1-9b-s2|PENDING|0:00|90|N/A;1053|kevin|q2s1a-a1-9b-s2|PENDING|0:00|32|gres:gpu:h100:1;
2026-10-10T10:13:44Z 1051|kevin|s1a-a1-9b-s2|PENDING|0:00|90|N/A;1053|kevin|q2s1a-a1-9b-s2|PENDING|0:00|32|gres:gpu:h100:1;
2026-10-10T10:13:59Z 1051|kevin|s1a-a1-9b-s2|PENDING|0:00|90|N/A;1053|kevin|q2s1a-a1-9b-s2|PENDING|0:00|32|gres:gpu:h100:1;
2026-10-10T10:14:14Z 1051|kevin|s1a-a1-9b-s2|PENDING|0:00|90|N/A;1053|kevin|q2s1a-a1-9b-s2|PENDING|0:00|32|gres:gpu:h100:1;
2026-10-10T10:14:29Z 1051|kevin|s1a-a1-9b-s2|PENDING|0:00|90|N/A;1053|kevin|q2s1a-a1-9b-s2|PENDING|0:00|32|gres:gpu:h100:1;
2026-10-10T10:14:44Z 1051|kevin|s1a-a1-9b-s2|PENDING|0:00|90|N/A;1053|kevin|q2s1a-a1-9b-s2|PENDING|0:00|32|gres:gpu:h100:1;
2026-10-10T10:14:59Z 1051|kevin|s1a-a1-9b-s2|PENDING|0:00|90|N/A;1053|kevin|q2s1a-a1-9b-s2|PENDING|0:00|32|gres:gpu:h100:1;
2026-10-10T10:15:14Z 1051|kevin|s1a-a1-9b-s2|PENDING|0:00|90|N/A;1053|kevin|q2s1a-a1-9b-s2|PENDING|0:00|32|gres:gpu:h100:1;
2026-10-10T10:15:29Z 1051|kevin|s1a-a1-9b-s2|PENDING|0:00|90|N/A;1053|kevin|q2s1a-a1-9b-s2|PENDING|0:00|32|gres:gpu:h100:1;
2026-10-10T10:15:44Z 1051|kevin|s1a-a1-9b-s2|PENDING|0:00|90|N/A;1053|kevin|q2s1a-a1-9b-s2|PENDING|0:00|32|gres:gpu:h100:1;
2026-10-10T10:15:59Z 1051|kevin|s1a-a1-9b-s2|PENDING|0:00|90|N/A;1053|kevin|q2s1a-a1-9b-s2|PENDING|0:00|32|gres:gpu:h100:1;
2026-10-10T10:16:15Z 1051|kevin|s1a-a1-9b-s2|PENDING|0:00|90|N/A;1053|kevin|q2s1a-a1-9b-s2|PENDING|0:00|32|gres:gpu:h100:1;
2026-10-10T10:16:30Z 1051|kevin|s1a-a1-9b-s2|PENDING|0:00|90|N/A;1053|kevin|q2s1a-a1-9b-s2|PENDING|0:00|32|gres:gpu:h100:1;
2026-10-10T10:16:45Z 1051|kevin|s1a-a1-9b-s2|PENDING|0:00|90|N/A;1053|kevin|q2s1a-a1-9b-s2|PENDING|0:00|32|gres:gpu:h100:1;
2026-10-10T10:17:00Z 1051|kevin|s1a-a1-9b-s2|PENDING|0:00|90|N/A;1053|kevin|q2s1a-a1-9b-s2|PENDING|0:00|32|gres:gpu:h100:1;
2026-10-10T10:17:15Z 1051|kevin|s1a-a1-9b-s2|PENDING|0:00|90|N/A;1053|kevin|q2s1a-a1-9b-s2|PENDING|0:00|32|gres:gpu:h100:1;
2026-10-10T10:17:30Z 1051|kevin|s1a-a1-9b-s2|PENDING|0:00|90|N/A;1053|kevin|q2s1a-a1-9b-s2|PENDING|0:00|32|gres:gpu:h100:1;
2026-10-10T10:17:45Z 1051|kevin|s1a-a1-9b-s2|PENDING|0:00|90|N/A;1053|kevin|q2s1a-a1-9b-s2|PENDING|0:00|32|gres:gpu:h100:1;
2026-10-10T10:18:00Z 1051|kevin|s1a-a1-9b-s2|PENDING|0:00|90|N/A;1053|kevin|q2s1a-a1-9b-s2|PENDING|0:00|32|gres:gpu:h100:1;
2026-10-10T10:18:15Z 1051|kevin|s1a-a1-9b-s2|PENDING|0:00|90|N/A;1053|kevin|q2s1a-a1-9b-s2|PENDING|0:00|32|gres:gpu:h100:1;
2026-10-10T10:18:30Z 1051|kevin|s1a-a1-9b-s2|PENDING|0:00|90|N/A;1053|kevin|q2s1a-a1-9b-s2|PENDING|0:00|32|gres:gpu:h100:1;
2026-10-10T10:18:45Z 1051|kevin|s1a-a1-9b-s2|PENDING|0:00|90|N/A;1053|kevin|q2s1a-a1-9b-s2|PENDING|0:00|32|gres:gpu:h100:1;
2026-10-10T10:19:00Z 1051|kevin|s1a-a1-9b-s2|PENDING|0:00|90|N/A;1053|kevin|q2s1a-a1-9b-s2|PENDING|0:00|32|gres:gpu:h100:1;
2026-10-10T10:19:15Z 1051|kevin|s1a-a1-9b-s2|PENDING|0:00|90|N/A;1053|kevin|q2s1a-a1-9b-s2|PENDING|0:00|32|gres:gpu:h100:1;
2026-10-10T10:19:30Z 1051|kevin|s1a-a1-9b-s2|PENDING|0:00|90|N/A;1053|kevin|q2s1a-a1-9b-s2|PENDING|0:00|32|gres:gpu:h100:1;
2026-10-10T10:19:45Z 1051|kevin|s1a-a1-9b-s2|PENDING|0:00|90|N/A;1053|kevin|q2s1a-a1-9b-s2|PENDING|0:00|32|gres:gpu:h100:1;
2026-10-10T10:20:00Z 1051|kevin|s1a-a1-9b-s2|PENDING|0:00|90|N/A;1053|kevin|q2s1a-a1-9b-s2|PENDING|0:00|32|gres:gpu:h100:1;
2026-10-10T10:20:15Z 1051|kevin|s1a-a1-9b-s2|PENDING|0:00|90|N/A;1053|kevin|q2s1a-a1-9b-s2|PENDING|0:00|32|gres:gpu:h100:1;
2026-10-10T10:20:30Z 1051|kevin|s1a-a1-9b-s2|PENDING|0:00|90|N/A;1053|kevin|q2s1a-a1-9b-s2|PENDING|0:00|32|gres:gpu:h100:1;
2026-10-10T10:20:45Z 1051|kevin|s1a-a1-9b-s2|PENDING|0:00|90|N/A;1053|kevin|q2s1a-a1-9b-s2|PENDING|0:00|32|gres:gpu:h100:1;
2026-10-10T10:21:00Z 1051|kevin|s1a-a1-9b-s2|PENDING|0:00|90|N/A;1053|kevin|q2s1a-a1-9b-s2|PENDING|0:00|32|gres:gpu:h100:1;
2026-10-10T10:21:15Z 1051|kevin|s1a-a1-9b-s2|PENDING|0:00|90|N/A;1053|kevin|q2s1a-a1-9b-s2|PENDING|0:00|32|gres:gpu:h100:1;
2026-10-10T10:21:30Z 1051|kevin|s1a-a1-9b-s2|PENDING|0:00|90|N/A;1053|kevin|q2s1a-a1-9b-s2|PENDING|0:00|32|gres:gpu:h100:1;
2026-10-10T10:21:45Z 1051|kevin|s1a-a1-9b-s2|PENDING|0:00|90|N/A;1053|kevin|q2s1a-a1-9b-s2|PENDING|0:00|32|gres:gpu:h100:1;
2026-10-10T10:22:00Z 1051|kevin|s1a-a1-9b-s2|PENDING|0:00|90|N/A;1053|kevin|q2s1a-a1-9b-s2|PENDING|0:00|32|gres:gpu:h100:1;
2026-10-10T10:22:15Z 1051|kevin|s1a-a1-9b-s2|PENDING|0:00|90|N/A;1053|kevin|q2s1a-a1-9b-s2|PENDING|0:00|32|gres:gpu:h100:1;
2026-10-10T10:22:30Z 1051|kevin|s1a-a1-9b-s2|PENDING|0:00|90|N/A;1053|kevin|q2s1a-a1-9b-s2|PENDING|0:00|32|gres:gpu:h100:1;
2026-10-10T10:22:45Z 1051|kevin|s1a-a1-9b-s2|PENDING|0:00|90|N/A;1053|kevin|q2s1a-a1-9b-s2|PENDING|0:00|32|gres:gpu:h100:1;
2026-10-10T10:23:00Z 1051|kevin|s1a-a1-9b-s2|PENDING|0:00|90|N/A;1053|kevin|q2s1a-a1-9b-s2|PENDING|0:00|32|gres:gpu:h100:1;
2026-10-10T10:23:15Z 1051|kevin|s1a-a1-9b-s2|PENDING|0:00|90|N/A;1053|kevin|q2s1a-a1-9b-s2|PENDING|0:00|32|gres:gpu:h100:1;
2026-10-10T10:23:30Z 1051|kevin|s1a-a1-9b-s2|PENDING|0:00|90|N/A;1053|kevin|q2s1a-a1-9b-s2|PENDING|0:00|32|gres:gpu:h100:1;
2026-10-10T10:23:45Z 1051|kevin|s1a-a1-9b-s2|PENDING|0:00|90|N/A;1053|kevin|q2s1a-a1-9b-s2|PENDING|0:00|32|gres:gpu:h100:1;
2026-10-10T10:24:00Z 1051|kevin|s1a-a1-9b-s2|PENDING|0:00|90|N/A;1053|kevin|q2s1a-a1-9b-s2|PENDING|0:00|32|gres:gpu:h100:1;
2026-10-10T10:24:15Z 1051|kevin|s1a-a1-9b-s2|PENDING|0:00|90|N/A;1053|kevin|q2s1a-a1-9b-s2|PENDING|0:00|32|gres:gpu:h100:1;
2026-10-10T10:24:30Z 1051|kevin|s1a-a1-9b-s2|PENDING|0:00|90|N/A;1053|kevin|q2s1a-a1-9b-s2|PENDING|0:00|32|gres:gpu:h100:1;
2026-10-10T10:24:45Z 1051|kevin|s1a-a1-9b-s2|PENDING|0:00|90|N/A;1053|kevin|q2s1a-a1-9b-s2|PENDING|0:00|32|gres:gpu:h100:1;
2026-10-10T10:25:00Z 1051|kevin|s1a-a1-9b-s2|PENDING|0:00|90|N/A;1053|kevin|q2s1a-a1-9b-s2|PENDING|0:00|32|gres:gpu:h100:1;
2026-10-10T10:25:15Z 1051|kevin|s1a-a1-9b-s2|PENDING|0:00|90|N/A;1053|kevin|q2s1a-a1-9b-s2|PENDING|0:00|32|gres:gpu:h100:1;
2026-10-10T10:25:30Z 1051|kevin|s1a-a1-9b-s2|PENDING|0:00|90|N/A;1053|kevin|q2s1a-a1-9b-s2|PENDING|0:00|32|gres:gpu:h100:1;
2026-10-10T10:25:45Z 1051|kevin|s1a-a1-9b-s2|PENDING|0:00|90|N/A;1053|kevin|q2s1a-a1-9b-s2|PENDING|0:00|32|gres:gpu:h100:1;
2026-10-10T10:26:00Z 1051|kevin|s1a-a1-9b-s2|PENDING|0:00|90|N/A;1053|kevin|q2s1a-a1-9b-s2|PENDING|0:00|32|gres:gpu:h100:1;
2026-10-10T10:26:15Z 1051|kevin|s1a-a1-9b-s2|PENDING|0:00|90|N/A;1053|kevin|q2s1a-a1-9b-s2|PENDING|0:00|32|gres:gpu:h100:1;
2026-10-10T10:26:30Z 1051|kevin|s1a-a1-9b-s2|PENDING|0:00|90|N/A;1053|kevin|q2s1a-a1-9b-s2|PENDING|0:00|32|gres:gpu:h100:1;
2026-10-10T10:26:45Z 1051|kevin|s1a-a1-9b-s2|PENDING|0:00|90|N/A;1053|kevin|q2s1a-a1-9b-s2|PENDING|0:00|32|gres:gpu:h100:1;
2026-10-10T10:27:00Z 1051|kevin|s1a-a1-9b-s2|PENDING|0:00|90|N/A;1053|kevin|q2s1a-a1-9b-s2|PENDING|0:00|32|gres:gpu:h100:1;
2026-10-10T10:27:15Z 1051|kevin|s1a-a1-9b-s2|PENDING|0:00|90|N/A;1053|kevin|q2s1a-a1-9b-s2|PENDING|0:00|32|gres:gpu:h100:1;
2026-10-10T10:27:30Z 1051|kevin|s1a-a1-9b-s2|PENDING|0:00|90|N/A;1053|kevin|q2s1a-a1-9b-s2|PENDING|0:00|32|gres:gpu:h100:1;
2026-10-10T10:27:45Z 1051|kevin|s1a-a1-9b-s2|PENDING|0:00|90|N/A;1053|kevin|q2s1a-a1-9b-s2|PENDING|0:00|32|gres:gpu:h100:1;
2026-10-10T10:28:00Z 1051|kevin|s1a-a1-9b-s2|PENDING|0:00|90|N/A;1053|kevin|q2s1a-a1-9b-s2|PENDING|0:00|32|gres:gpu:h100:1;
2026-10-10T10:28:16Z 1051|kevin|s1a-a1-9b-s2|PENDING|0:00|90|N/A;1053|kevin|q2s1a-a1-9b-s2|PENDING|0:00|32|gres:gpu:h100:1;
2026-10-10T10:28:31Z 1051|kevin|s1a-a1-9b-s2|PENDING|0:00|90|N/A;1053|kevin|q2s1a-a1-9b-s2|PENDING|0:00|32|gres:gpu:h100:1;
2026-10-10T10:28:46Z 1051|kevin|s1a-a1-9b-s2|PENDING|0:00|90|N/A;1053|kevin|q2s1a-a1-9b-s2|PENDING|0:00|32|gres:gpu:h100:1;
2026-10-10T10:29:01Z 1051|kevin|s1a-a1-9b-s2|PENDING|0:00|90|N/A;1053|kevin|q2s1a-a1-9b-s2|PENDING|0:00|32|gres:gpu:h100:1;
2026-10-10T10:29:16Z 1051|kevin|s1a-a1-9b-s2|PENDING|0:00|90|N/A;1053|kevin|q2s1a-a1-9b-s2|PENDING|0:00|32|gres:gpu:h100:1;
2026-10-10T10:29:31Z 1051|kevin|s1a-a1-9b-s2|PENDING|0:00|90|N/A;1053|kevin|q2s1a-a1-9b-s2|PENDING|0:00|32|gres:gpu:h100:1;
2026-10-10T10:29:46Z 1051|kevin|s1a-a1-9b-s2|PENDING|0:00|90|N/A;1053|kevin|q2s1a-a1-9b-s2|PENDING|0:00|32|gres:gpu:h100:1;
2026-10-10T10:30:01Z 1051|kevin|s1a-a1-9b-s2|PENDING|0:00|90|N/A;1053|kevin|q2s1a-a1-9b-s2|PENDING|0:00|32|gres:gpu:h100:1;
2026-10-10T10:30:16Z 1051|kevin|s1a-a1-9b-s2|PENDING|0:00|90|N/A;1053|kevin|q2s1a-a1-9b-s2|PENDING|0:00|32|gres:gpu:h100:1;
2026-10-10T10:30:31Z 1051|kevin|s1a-a1-9b-s2|PENDING|0:00|90|N/A;1053|kevin|q2s1a-a1-9b-s2|PENDING|0:00|32|gres:gpu:h100:1;
2026-10-10T10:30:46Z 1051|kevin|s1a-a1-9b-s2|PENDING|0:00|90|N/A;1053|kevin|q2s1a-a1-9b-s2|PENDING|0:00|32|gres:gpu:h100:1;
2026-10-10T10:31:01Z 1051|kevin|s1a-a1-9b-s2|PENDING|0:00|90|N/A;1053|kevin|q2s1a-a1-9b-s2|PENDING|0:00|32|gres:gpu:h100:1;
2026-10-10T10:31:16Z 1051|kevin|s1a-a1-9b-s2|PENDING|0:00|90|N/A;1053|kevin|q2s1a-a1-9b-s2|PENDING|0:00|32|gres:gpu:h100:1;
2026-10-10T10:31:31Z 1051|kevin|s1a-a1-9b-s2|PENDING|0:00|90|N/A;1053|kevin|q2s1a-a1-9b-s2|PENDING|0:00|32|gres:gpu:h100:1;
2026-10-10T10:31:46Z 1051|kevin|s1a-a1-9b-s2|PENDING|0:00|90|N/A;1053|kevin|q2s1a-a1-9b-s2|PENDING|0:00|32|gres:gpu:h100:1;
2026-10-10T10:32:01Z 1051|kevin|s1a-a1-9b-s2|PENDING|0:00|90|N/A;1053|kevin|q2s1a-a1-9b-s2|PENDING|0:00|32|gres:gpu:h100:1;
2026-10-10T10:32:16Z 1051|kevin|s1a-a1-9b-s2|PENDING|0:00|90|N/A;1053|kevin|q2s1a-a1-9b-s2|PENDING|0:00|32|gres:gpu:h100:1;
2026-10-10T10:32:31Z 1051|kevin|s1a-a1-9b-s2|PENDING|0:00|90|N/A;1053|kevin|q2s1a-a1-9b-s2|PENDING|0:00|32|gres:gpu:h100:1;
2026-10-10T10:32:46Z 1051|kevin|s1a-a1-9b-s2|PENDING|0:00|90|N/A;1053|kevin|q2s1a-a1-9b-s2|PENDING|0:00|32|gres:gpu:h100:1;
2026-10-10T10:33:01Z 1051|kevin|s1a-a1-9b-s2|PENDING|0:00|90|N/A;1053|kevin|q2s1a-a1-9b-s2|PENDING|0:00|32|gres:gpu:h100:1;
2026-10-10T10:33:16Z 1051|kevin|s1a-a1-9b-s2|PENDING|0:00|90|N/A;1053|kevin|q2s1a-a1-9b-s2|PENDING|0:00|32|gres:gpu:h100:1;
2026-10-10T10:33:31Z 1051|kevin|s1a-a1-9b-s2|PENDING|0:00|90|N/A;1053|kevin|q2s1a-a1-9b-s2|PENDING|0:00|32|gres:gpu:h100:1;
2026-10-10T10:33:46Z 1051|kevin|s1a-a1-9b-s2|PENDING|0:00|90|N/A;1053|kevin|q2s1a-a1-9b-s2|PENDING|0:00|32|gres:gpu:h100:1;
2026-10-10T10:34:01Z 1051|kevin|s1a-a1-9b-s2|PENDING|0:00|90|N/A;1053|kevin|q2s1a-a1-9b-s2|PENDING|0:00|32|gres:gpu:h100:1;
2026-10-10T10:34:16Z 1051|kevin|s1a-a1-9b-s2|PENDING|0:00|90|N/A;1053|kevin|q2s1a-a1-9b-s2|PENDING|0:00|32|gres:gpu:h100:1;
2026-10-10T10:34:31Z 1051|kevin|s1a-a1-9b-s2|PENDING|0:00|90|N/A;1053|kevin|q2s1a-a1-9b-s2|PENDING|0:00|32|gres:gpu:h100:1;
2026-10-10T10:34:46Z 1051|kevin|s1a-a1-9b-s2|PENDING|0:00|90|N/A;1053|kevin|q2s1a-a1-9b-s2|PENDING|0:00|32|gres:gpu:h100:1;
2026-10-10T10:35:01Z 1051|kevin|s1a-a1-9b-s2|PENDING|0:00|90|N/A;1053|kevin|q2s1a-a1-9b-s2|PENDING|0:00|32|gres:gpu:h100:1;
2026-10-10T10:35:16Z 1051|kevin|s1a-a1-9b-s2|PENDING|0:00|90|N/A;1053|kevin|q2s1a-a1-9b-s2|PENDING|0:00|32|gres:gpu:h100:1;
2026-10-10T10:35:31Z 1051|kevin|s1a-a1-9b-s2|PENDING|0:00|90|N/A;1053|kevin|q2s1a-a1-9b-s2|PENDING|0:00|32|gres:gpu:h100:1;
2026-10-10T10:35:46Z 1051|kevin|s1a-a1-9b-s2|PENDING|0:00|90|N/A;1053|kevin|q2s1a-a1-9b-s2|PENDING|0:00|32|gres:gpu:h100:1;
2026-10-10T10:36:01Z 1051|kevin|s1a-a1-9b-s2|PENDING|0:00|90|N/A;1053|kevin|q2s1a-a1-9b-s2|PENDING|0:00|32|gres:gpu:h100:1;
2026-10-10T10:36:16Z 1051|kevin|s1a-a1-9b-s2|PENDING|0:00|90|N/A;1053|kevin|q2s1a-a1-9b-s2|PENDING|0:00|32|gres:gpu:h100:1;
2026-10-10T10:36:31Z 1051|kevin|s1a-a1-9b-s2|PENDING|0:00|90|N/A;1053|kevin|q2s1a-a1-9b-s2|PENDING|0:00|32|gres:gpu:h100:1;
2026-10-10T10:36:46Z 1051|kevin|s1a-a1-9b-s2|PENDING|0:00|90|N/A;1053|kevin|q2s1a-a1-9b-s2|PENDING|0:00|32|gres:gpu:h100:1;
2026-10-10T10:37:01Z 1051|kevin|s1a-a1-9b-s2|PENDING|0:00|90|N/A;1053|kevin|q2s1a-a1-9b-s2|PENDING|0:00|32|gres:gpu:h100:1;
2026-10-10T10:37:16Z 1051|kevin|s1a-a1-9b-s2|PENDING|0:00|90|N/A;1053|kevin|q2s1a-a1-9b-s2|PENDING|0:00|32|gres:gpu:h100:1;
2026-10-10T10:37:31Z 1051|kevin|s1a-a1-9b-s2|PENDING|0:00|90|N/A;1053|kevin|q2s1a-a1-9b-s2|PENDING|0:00|32|gres:gpu:h100:1;
2026-10-10T10:37:46Z 1051|kevin|s1a-a1-9b-s2|PENDING|0:00|90|N/A;1053|kevin|q2s1a-a1-9b-s2|PENDING|0:00|32|gres:gpu:h100:1;
2026-10-10T10:38:01Z 1051|kevin|s1a-a1-9b-s2|PENDING|0:00|90|N/A;1053|kevin|q2s1a-a1-9b-s2|PENDING|0:00|32|gres:gpu:h100:1;
2026-10-10T10:38:16Z 1051|kevin|s1a-a1-9b-s2|PENDING|0:00|90|N/A;1053|kevin|q2s1a-a1-9b-s2|PENDING|0:00|32|gres:gpu:h100:1;
2026-10-10T10:38:31Z 1051|kevin|s1a-a1-9b-s2|PENDING|0:00|90|N/A;1053|kevin|q2s1a-a1-9b-s2|PENDING|0:00|32|gres:gpu:h100:1;
2026-10-10T10:38:46Z 1051|kevin|s1a-a1-9b-s2|PENDING|0:00|90|N/A;1053|kevin|q2s1a-a1-9b-s2|PENDING|0:00|32|gres:gpu:h100:1;
2026-10-10T10:39:01Z 1051|kevin|s1a-a1-9b-s2|PENDING|0:00|90|N/A;1053|kevin|q2s1a-a1-9b-s2|PENDING|0:00|32|gres:gpu:h100:1;
2026-10-10T10:39:16Z 1051|kevin|s1a-a1-9b-s2|PENDING|0:00|90|N/A;1053|kevin|q2s1a-a1-9b-s2|PENDING|0:00|32|gres:gpu:h100:1;
2026-10-10T10:39:31Z 1051|kevin|s1a-a1-9b-s2|PENDING|0:00|90|N/A;1053|kevin|q2s1a-a1-9b-s2|PENDING|0:00|32|gres:gpu:h100:1;
2026-10-10T10:39:46Z 1051|kevin|s1a-a1-9b-s2|PENDING|0:00|90|N/A;1053|kevin|q2s1a-a1-9b-s2|PENDING|0:00|32|gres:gpu:h100:1;
2026-10-10T10:40:01Z 1051|kevin|s1a-a1-9b-s2|PENDING|0:00|90|N/A;1053|kevin|q2s1a-a1-9b-s2|PENDING|0:00|32|gres:gpu:h100:1;
2026-10-10T10:40:16Z 1051|kevin|s1a-a1-9b-s2|PENDING|0:00|90|N/A;1053|kevin|q2s1a-a1-9b-s2|PENDING|0:00|32|gres:gpu:h100:1;
2026-10-10T10:40:32Z 1051|kevin|s1a-a1-9b-s2|PENDING|0:00|90|N/A;1053|kevin|q2s1a-a1-9b-s2|PENDING|0:00|32|gres:gpu:h100:1;
2026-10-10T10:40:47Z 1051|kevin|s1a-a1-9b-s2|PENDING|0:00|90|N/A;1053|kevin|q2s1a-a1-9b-s2|PENDING|0:00|32|gres:gpu:h100:1;
2026-10-10T10:41:02Z 1051|kevin|s1a-a1-9b-s2|PENDING|0:00|90|N/A;1053|kevin|q2s1a-a1-9b-s2|PENDING|0:00|32|gres:gpu:h100:1;
2026-10-10T10:41:17Z 1051|kevin|s1a-a1-9b-s2|PENDING|0:00|90|N/A;1053|kevin|q2s1a-a1-9b-s2|PENDING|0:00|32|gres:gpu:h100:1;
2026-10-10T10:41:32Z 1051|kevin|s1a-a1-9b-s2|PENDING|0:00|90|N/A;1053|kevin|q2s1a-a1-9b-s2|PENDING|0:00|32|gres:gpu:h100:1;
2026-10-10T10:41:47Z 1051|kevin|s1a-a1-9b-s2|PENDING|0:00|90|N/A;1053|kevin|q2s1a-a1-9b-s2|PENDING|0:00|32|gres:gpu:h100:1;
2026-10-10T10:42:02Z 1051|kevin|s1a-a1-9b-s2|PENDING|0:00|90|N/A;1053|kevin|q2s1a-a1-9b-s2|PENDING|0:00|32|gres:gpu:h100:1;
2026-10-10T10:42:17Z 1051|kevin|s1a-a1-9b-s2|PENDING|0:00|90|N/A;1053|kevin|q2s1a-a1-9b-s2|PENDING|0:00|32|gres:gpu:h100:1;
2026-10-10T10:42:32Z 1051|kevin|s1a-a1-9b-s2|PENDING|0:00|90|N/A;1053|kevin|q2s1a-a1-9b-s2|PENDING|0:00|32|gres:gpu:h100:1;
2026-10-10T10:42:47Z 1051|kevin|s1a-a1-9b-s2|PENDING|0:00|90|N/A;1053|kevin|q2s1a-a1-9b-s2|PENDING|0:00|32|gres:gpu:h100:1;
2026-10-10T10:43:02Z 1051|kevin|s1a-a1-9b-s2|PENDING|0:00|90|N/A;1053|kevin|q2s1a-a1-9b-s2|PENDING|0:00|32|gres:gpu:h100:1;
2026-10-10T10:43:17Z 1051|kevin|s1a-a1-9b-s2|PENDING|0:00|90|N/A;1053|kevin|q2s1a-a1-9b-s2|PENDING|0:00|32|gres:gpu:h100:1;
2026-10-10T10:43:32Z 1051|kevin|s1a-a1-9b-s2|PENDING|0:00|90|N/A;1053|kevin|q2s1a-a1-9b-s2|PENDING|0:00|32|gres:gpu:h100:1;
2026-10-10T10:43:47Z 1051|kevin|s1a-a1-9b-s2|PENDING|0:00|90|N/A;1053|kevin|q2s1a-a1-9b-s2|PENDING|0:00|32|gres:gpu:h100:1;
2026-10-10T10:44:02Z 1051|kevin|s1a-a1-9b-s2|PENDING|0:00|90|N/A;1053|kevin|q2s1a-a1-9b-s2|PENDING|0:00|32|gres:gpu:h100:1;
2026-10-10T10:44:17Z 1051|kevin|s1a-a1-9b-s2|PENDING|0:00|90|N/A;1053|kevin|q2s1a-a1-9b-s2|PENDING|0:00|32|gres:gpu:h100:1;
2026-10-10T10:44:32Z 1051|kevin|s1a-a1-9b-s2|PENDING|0:00|90|N/A;1053|kevin|q2s1a-a1-9b-s2|PENDING|0:00|32|gres:gpu:h100:1;
2026-10-10T10:44:47Z 1051|kevin|s1a-a1-9b-s2|PENDING|0:00|90|N/A;1053|kevin|q2s1a-a1-9b-s2|PENDING|0:00|32|gres:gpu:h100:1;
2026-10-10T10:45:02Z 1051|kevin|s1a-a1-9b-s2|PENDING|0:00|90|N/A;1053|kevin|q2s1a-a1-9b-s2|PENDING|0:00|32|gres:gpu:h100:1;
2026-10-10T10:45:17Z 1051|kevin|s1a-a1-9b-s2|PENDING|0:00|90|N/A;1053|kevin|q2s1a-a1-9b-s2|PENDING|0:00|32|gres:gpu:h100:1;
2026-10-10T10:45:32Z 1051|kevin|s1a-a1-9b-s2|PENDING|0:00|90|N/A;1053|kevin|q2s1a-a1-9b-s2|PENDING|0:00|32|gres:gpu:h100:1;
2026-10-10T10:45:47Z 1051|kevin|s1a-a1-9b-s2|PENDING|0:00|90|N/A;1053|kevin|q2s1a-a1-9b-s2|PENDING|0:00|32|gres:gpu:h100:1;
2026-10-10T10:46:02Z 1051|kevin|s1a-a1-9b-s2|PENDING|0:00|90|N/A;1053|kevin|q2s1a-a1-9b-s2|PENDING|0:00|32|gres:gpu:h100:1;
2026-10-10T10:46:17Z 1051|kevin|s1a-a1-9b-s2|PENDING|0:00|90|N/A;1053|kevin|q2s1a-a1-9b-s2|PENDING|0:00|32|gres:gpu:h100:1;
2026-10-10T10:46:32Z 1051|kevin|s1a-a1-9b-s2|PENDING|0:00|90|N/A;1053|kevin|q2s1a-a1-9b-s2|PENDING|0:00|32|gres:gpu:h100:1;
2026-10-10T10:46:47Z 1051|kevin|s1a-a1-9b-s2|PENDING|0:00|90|N/A;1053|kevin|q2s1a-a1-9b-s2|PENDING|0:00|32|gres:gpu:h100:1;
2026-10-10T10:47:02Z 1051|kevin|s1a-a1-9b-s2|PENDING|0:00|90|N/A;1053|kevin|q2s1a-a1-9b-s2|PENDING|0:00|32|gres:gpu:h100:1;
2026-10-10T10:47:17Z 1051|kevin|s1a-a1-9b-s2|PENDING|0:00|90|N/A;1053|kevin|q2s1a-a1-9b-s2|PENDING|0:00|32|gres:gpu:h100:1;
2026-10-10T10:47:32Z 1051|kevin|s1a-a1-9b-s2|PENDING|0:00|90|N/A;1053|kevin|q2s1a-a1-9b-s2|PENDING|0:00|32|gres:gpu:h100:1;
2026-10-10T10:47:47Z 1051|kevin|s1a-a1-9b-s2|PENDING|0:00|90|N/A;1053|kevin|q2s1a-a1-9b-s2|PENDING|0:00|32|gres:gpu:h100:1;
2026-10-10T10:48:02Z 1051|kevin|s1a-a1-9b-s2|PENDING|0:00|90|N/A;1053|kevin|q2s1a-a1-9b-s2|PENDING|0:00|32|gres:gpu:h100:1;
2026-10-10T10:48:17Z 1051|kevin|s1a-a1-9b-s2|PENDING|0:00|90|N/A;1053|kevin|q2s1a-a1-9b-s2|PENDING|0:00|32|gres:gpu:h100:1;
2026-10-10T10:48:32Z 1051|kevin|s1a-a1-9b-s2|PENDING|0:00|90|N/A;1053|kevin|q2s1a-a1-9b-s2|PENDING|0:00|32|gres:gpu:h100:1;
2026-10-10T10:48:47Z 1051|kevin|s1a-a1-9b-s2|PENDING|0:00|90|N/A;1053|kevin|q2s1a-a1-9b-s2|PENDING|0:00|32|gres:gpu:h100:1;
2026-10-10T10:49:02Z 1051|kevin|s1a-a1-9b-s2|PENDING|0:00|90|N/A;1053|kevin|q2s1a-a1-9b-s2|PENDING|0:00|32|gres:gpu:h100:1;
2026-10-10T10:49:17Z 1051|kevin|s1a-a1-9b-s2|PENDING|0:00|90|N/A;1053|kevin|q2s1a-a1-9b-s2|PENDING|0:00|32|gres:gpu:h100:1;
2026-10-10T10:49:32Z 1051|kevin|s1a-a1-9b-s2|PENDING|0:00|90|N/A;1053|kevin|q2s1a-a1-9b-s2|PENDING|0:00|32|gres:gpu:h100:1;
2026-10-10T10:49:47Z 1051|kevin|s1a-a1-9b-s2|PENDING|0:00|90|N/A;1053|kevin|q2s1a-a1-9b-s2|PENDING|0:00|32|gres:gpu:h100:1;
2026-10-10T10:50:02Z 1051|kevin|s1a-a1-9b-s2|PENDING|0:00|90|N/A;1053|kevin|q2s1a-a1-9b-s2|PENDING|0:00|32|gres:gpu:h100:1;
2026-10-10T10:50:17Z 1051|kevin|s1a-a1-9b-s2|PENDING|0:00|90|N/A;1053|kevin|q2s1a-a1-9b-s2|PENDING|0:00|32|gres:gpu:h100:1;
2026-10-10T10:50:32Z 1051|kevin|s1a-a1-9b-s2|PENDING|0:00|90|N/A;1053|kevin|q2s1a-a1-9b-s2|PENDING|0:00|32|gres:gpu:h100:1;
2026-10-10T10:50:47Z 1051|kevin|s1a-a1-9b-s2|PENDING|0:00|90|N/A;1053|kevin|q2s1a-a1-9b-s2|PENDING|0:00|32|gres:gpu:h100:1;
2026-10-10T10:51:02Z 1051|kevin|s1a-a1-9b-s2|PENDING|0:00|90|N/A;1053|kevin|q2s1a-a1-9b-s2|PENDING|0:00|32|gres:gpu:h100:1;
2026-10-10T10:51:17Z 1051|kevin|s1a-a1-9b-s2|PENDING|0:00|90|N/A;1053|kevin|q2s1a-a1-9b-s2|PENDING|0:00|32|gres:gpu:h100:1;
2026-10-10T10:51:32Z 1051|kevin|s1a-a1-9b-s2|PENDING|0:00|90|N/A;1053|kevin|q2s1a-a1-9b-s2|PENDING|0:00|32|gres:gpu:h100:1;
2026-10-10T10:51:47Z 1051|kevin|s1a-a1-9b-s2|PENDING|0:00|90|N/A;1053|kevin|q2s1a-a1-9b-s2|PENDING|0:00|32|gres:gpu:h100:1;
2026-10-10T10:52:02Z 1051|kevin|s1a-a1-9b-s2|PENDING|0:00|90|N/A;1053|kevin|q2s1a-a1-9b-s2|PENDING|0:00|32|gres:gpu:h100:1;
2026-10-10T10:52:17Z 1051|kevin|s1a-a1-9b-s2|PENDING|0:00|90|N/A;1053|kevin|q2s1a-a1-9b-s2|PENDING|0:00|32|gres:gpu:h100:1;
2026-10-10T10:52:32Z 1051|kevin|s1a-a1-9b-s2|PENDING|0:00|90|N/A;1053|kevin|q2s1a-a1-9b-s2|PENDING|0:00|32|gres:gpu:h100:1;
2026-10-10T10:52:48Z 1051|kevin|s1a-a1-9b-s2|PENDING|0:00|90|N/A;1053|kevin|q2s1a-a1-9b-s2|PENDING|0:00|32|gres:gpu:h100:1;
2026-10-10T10:53:03Z 1051|kevin|s1a-a1-9b-s2|PENDING|0:00|90|N/A;1053|kevin|q2s1a-a1-9b-s2|PENDING|0:00|32|gres:gpu:h100:1;
2026-10-10T10:53:18Z 1051|kevin|s1a-a1-9b-s2|PENDING|0:00|90|N/A;1053|kevin|q2s1a-a1-9b-s2|PENDING|0:00|32|gres:gpu:h100:1;
2026-10-10T10:53:33Z 1051|kevin|s1a-a1-9b-s2|PENDING|0:00|90|N/A;1053|kevin|q2s1a-a1-9b-s2|PENDING|0:00|32|gres:gpu:h100:1;
2026-10-10T10:53:48Z 1051|kevin|s1a-a1-9b-s2|PENDING|0:00|90|N/A;1053|kevin|q2s1a-a1-9b-s2|PENDING|0:00|32|gres:gpu:h100:1;
2026-10-10T10:54:03Z 1051|kevin|s1a-a1-9b-s2|PENDING|0:00|90|N/A;1053|kevin|q2s1a-a1-9b-s2|PENDING|0:00|32|gres:gpu:h100:1;
2026-10-10T10:54:18Z 1051|kevin|s1a-a1-9b-s2|PENDING|0:00|90|N/A;1053|kevin|q2s1a-a1-9b-s2|PENDING|0:00|32|gres:gpu:h100:1;
2026-10-10T10:54:33Z 1051|kevin|s1a-a1-9b-s2|PENDING|0:00|90|N/A;1053|kevin|q2s1a-a1-9b-s2|PENDING|0:00|32|gres:gpu:h100:1;
2026-10-10T10:54:48Z 1051|kevin|s1a-a1-9b-s2|PENDING|0:00|90|N/A;1053|kevin|q2s1a-a1-9b-s2|PENDING|0:00|32|gres:gpu:h100:1;
2026-10-10T10:55:03Z 1051|kevin|s1a-a1-9b-s2|PENDING|0:00|90|N/A;1053|kevin|q2s1a-a1-9b-s2|PENDING|0:00|32|gres:gpu:h100:1;
2026-10-10T10:55:18Z 1051|kevin|s1a-a1-9b-s2|PENDING|0:00|90|N/A;1053|kevin|q2s1a-a1-9b-s2|PENDING|0:00|32|gres:gpu:h100:1;
2026-10-10T10:55:33Z 1051|kevin|s1a-a1-9b-s2|PENDING|0:00|90|N/A;1053|kevin|q2s1a-a1-9b-s2|PENDING|0:00|32|gres:gpu:h100:1;
2026-10-10T10:55:48Z 1051|kevin|s1a-a1-9b-s2|PENDING|0:00|90|N/A;1053|kevin|q2s1a-a1-9b-s2|PENDING|0:00|32|gres:gpu:h100:1;
2026-10-10T10:56:03Z 1051|kevin|s1a-a1-9b-s2|PENDING|0:00|90|N/A;1053|kevin|q2s1a-a1-9b-s2|PENDING|0:00|32|gres:gpu:h100:1;
2026-10-10T10:56:18Z 1051|kevin|s1a-a1-9b-s2|PENDING|0:00|90|N/A;1053|kevin|q2s1a-a1-9b-s2|PENDING|0:00|32|gres:gpu:h100:1;
2026-10-10T10:56:33Z 1051|kevin|s1a-a1-9b-s2|PENDING|0:00|90|N/A;1053|kevin|q2s1a-a1-9b-s2|PENDING|0:00|32|gres:gpu:h100:1;
2026-10-10T10:56:48Z 1051|kevin|s1a-a1-9b-s2|PENDING|0:00|90|N/A;1053|kevin|q2s1a-a1-9b-s2|PENDING|0:00|32|gres:gpu:h100:1;
2026-10-10T10:57:03Z 1051|kevin|s1a-a1-9b-s2|PENDING|0:00|90|N/A;1053|kevin|q2s1a-a1-9b-s2|PENDING|0:00|32|gres:gpu:h100:1;
2026-10-10T10:57:18Z 1051|kevin|s1a-a1-9b-s2|PENDING|0:00|90|N/A;1053|kevin|q2s1a-a1-9b-s2|PENDING|0:00|32|gres:gpu:h100:1;
2026-10-10T10:57:33Z 1051|kevin|s1a-a1-9b-s2|PENDING|0:00|90|N/A;1053|kevin|q2s1a-a1-9b-s2|PENDING|0:00|32|gres:gpu:h100:1;
2026-10-10T10:57:48Z 1051|kevin|s1a-a1-9b-s2|PENDING|0:00|90|N/A;1053|kevin|q2s1a-a1-9b-s2|PENDING|0:00|32|gres:gpu:h100:1;
2026-10-10T10:58:03Z 1051|kevin|s1a-a1-9b-s2|PENDING|0:00|90|N/A;1053|kevin|q2s1a-a1-9b-s2|PENDING|0:00|32|gres:gpu:h100:1;
2026-10-10T10:58:18Z 1051|kevin|s1a-a1-9b-s2|PENDING|0:00|90|N/A;1053|kevin|q2s1a-a1-9b-s2|PENDING|0:00|32|gres:gpu:h100:1;
2026-10-10T10:58:33Z 1051|kevin|s1a-a1-9b-s2|PENDING|0:00|90|N/A;1053|kevin|q2s1a-a1-9b-s2|PENDING|0:00|32|gres:gpu:h100:1;
2026-10-10T10:58:48Z 1051|kevin|s1a-a1-9b-s2|PENDING|0:00|90|N/A;1053|kevin|q2s1a-a1-9b-s2|PENDING|0:00|32|gres:gpu:h100:1;
2026-10-10T10:59:03Z 1051|kevin|s1a-a1-9b-s2|PENDING|0:00|90|N/A;1053|kevin|q2s1a-a1-9b-s2|PENDING|0:00|32|gres:gpu:h100:1;
2026-10-10T10:59:18Z 1051|kevin|s1a-a1-9b-s2|PENDING|0:00|90|N/A;1053|kevin|q2s1a-a1-9b-s2|PENDING|0:00|32|gres:gpu:h100:1;
2026-10-10T10:59:33Z 1051|kevin|s1a-a1-9b-s2|PENDING|0:00|90|N/A;1053|kevin|q2s1a-a1-9b-s2|PENDING|0:00|32|gres:gpu:h100:1;
2026-10-10T10:59:48Z 1051|kevin|s1a-a1-9b-s2|PENDING|0:00|90|N/A;1053|kevin|q2s1a-a1-9b-s2|PENDING|0:00|32|gres:gpu:h100:1;
2026-10-10T11:00:03Z 1051|kevin|s1a-a1-9b-s2|PENDING|0:00|90|N/A;1053|kevin|q2s1a-a1-9b-s2|PENDING|0:00|32|gres:gpu:h100:1;
2026-10-10T11:00:18Z 1051|kevin|s1a-a1-9b-s2|PENDING|0:00|90|N/A;1053|kevin|q2s1a-a1-9b-s2|PENDING|0:00|32|gres:gpu:h100:1;
2026-10-10T11:00:33Z 1051|kevin|s1a-a1-9b-s2|PENDING|0:00|90|N/A;1053|kevin|q2s1a-a1-9b-s2|PENDING|0:00|32|gres:gpu:h100:1;
2026-10-10T11:00:48Z 1051|kevin|s1a-a1-9b-s2|PENDING|0:00|90|N/A;1053|kevin|q2s1a-a1-9b-s2|PENDING|0:00|32|gres:gpu:h100:1;
2026-10-10T11:01:03Z 1051|kevin|s1a-a1-9b-s2|PENDING|0:00|90|N/A;1053|kevin|q2s1a-a1-9b-s2|PENDING|0:00|32|gres:gpu:h100:1;
2026-10-10T11:01:18Z 1051|kevin|s1a-a1-9b-s2|PENDING|0:00|90|N/A;1053|kevin|q2s1a-a1-9b-s2|PENDING|0:00|32|gres:gpu:h100:1;
2026-10-10T11:01:33Z 1051|kevin|s1a-a1-9b-s2|PENDING|0:00|90|N/A;1053|kevin|q2s1a-a1-9b-s2|PENDING|0:00|32|gres:gpu:h100:1;
2026-10-10T11:01:48Z 1051|kevin|s1a-a1-9b-s2|PENDING|0:00|90|N/A;1053|kevin|q2s1a-a1-9b-s2|PENDING|0:00|32|gres:gpu:h100:1;
2026-10-10T11:02:03Z 1051|kevin|s1a-a1-9b-s2|PENDING|0:00|90|N/A;1053|kevin|q2s1a-a1-9b-s2|PENDING|0:00|32|gres:gpu:h100:1;
2026-10-10T11:02:18Z 1051|kevin|s1a-a1-9b-s2|PENDING|0:00|90|N/A;1053|kevin|q2s1a-a1-9b-s2|PENDING|0:00|32|gres:gpu:h100:1;
2026-10-10T11:02:33Z 1051|kevin|s1a-a1-9b-s2|PENDING|0:00|90|N/A;1053|kevin|q2s1a-a1-9b-s2|PENDING|0:00|32|gres:gpu:h100:1;
2026-10-10T11:02:48Z 1051|kevin|s1a-a1-9b-s2|PENDING|0:00|90|N/A;1053|kevin|q2s1a-a1-9b-s2|PENDING|0:00|32|gres:gpu:h100:1;
2026-10-10T11:03:03Z 1051|kevin|s1a-a1-9b-s2|PENDING|0:00|90|N/A;1053|kevin|q2s1a-a1-9b-s2|PENDING|0:00|32|gres:gpu:h100:1;
2026-10-10T11:03:18Z 1051|kevin|s1a-a1-9b-s2|PENDING|0:00|90|N/A;1053|kevin|q2s1a-a1-9b-s2|PENDING|0:00|32|gres:gpu:h100:1;
2026-10-10T11:03:33Z 1051|kevin|s1a-a1-9b-s2|PENDING|0:00|90|N/A;1053|kevin|q2s1a-a1-9b-s2|PENDING|0:00|32|gres:gpu:h100:1;
2026-10-10T11:03:48Z 1051|kevin|s1a-a1-9b-s2|PENDING|0:00|90|N/A;1053|kevin|q2s1a-a1-9b-s2|PENDING|0:00|32|gres:gpu:h100:1;
2026-10-10T11:04:03Z 1051|kevin|s1a-a1-9b-s2|PENDING|0:00|90|N/A;1053|kevin|q2s1a-a1-9b-s2|PENDING|0:00|32|gres:gpu:h100:1;
2026-10-10T11:04:18Z 1051|kevin|s1a-a1-9b-s2|PENDING|0:00|90|N/A;1053|kevin|q2s1a-a1-9b-s2|PENDING|0:00|32|gres:gpu:h100:1;
2026-10-10T11:04:33Z 1051|kevin|s1a-a1-9b-s2|PENDING|0:00|90|N/A;1053|kevin|q2s1a-a1-9b-s2|PENDING|0:00|32|gres:gpu:h100:1;
2026-10-10T11:04:49Z 1051|kevin|s1a-a1-9b-s2|PENDING|0:00|90|N/A;1053|kevin|q2s1a-a1-9b-s2|PENDING|0:00|32|gres:gpu:h100:1;
2026-10-10T11:05:04Z 1051|kevin|s1a-a1-9b-s2|PENDING|0:00|90|N/A;1053|kevin|q2s1a-a1-9b-s2|PENDING|0:00|32|gres:gpu:h100:1;
2026-10-10T11:05:19Z 1051|kevin|s1a-a1-9b-s2|PENDING|0:00|90|N/A;1053|kevin|q2s1a-a1-9b-s2|PENDING|0:00|32|gres:gpu:h100:1;
2026-10-10T11:05:34Z 1051|kevin|s1a-a1-9b-s2|PENDING|0:00|90|N/A;1053|kevin|q2s1a-a1-9b-s2|PENDING|0:00|32|gres:gpu:h100:1;
2026-10-10T11:05:49Z 1051|kevin|s1a-a1-9b-s2|PENDING|0:00|90|N/A;1053|kevin|q2s1a-a1-9b-s2|PENDING|0:00|32|gres:gpu:h100:1;
2026-10-10T11:06:04Z 1051|kevin|s1a-a1-9b-s2|PENDING|0:00|90|N/A;1053|kevin|q2s1a-a1-9b-s2|PENDING|0:00|32|gres:gpu:h100:1;
2026-10-10T11:06:19Z 1051|kevin|s1a-a1-9b-s2|PENDING|0:00|90|N/A;1053|kevin|q2s1a-a1-9b-s2|PENDING|0:00|32|gres:gpu:h100:1;
2026-10-10T11:06:34Z 1051|kevin|s1a-a1-9b-s2|PENDING|0:00|90|N/A;1053|kevin|q2s1a-a1-9b-s2|PENDING|0:00|32|gres:gpu:h100:1;
2026-10-10T11:06:49Z 1051|kevin|s1a-a1-9b-s2|PENDING|0:00|90|N/A;1053|kevin|q2s1a-a1-9b-s2|PENDING|0:00|32|gres:gpu:h100:1;
2026-10-10T11:07:04Z 1051|kevin|s1a-a1-9b-s2|PENDING|0:00|90|N/A;1053|kevin|q2s1a-a1-9b-s2|PENDING|0:00|32|gres:gpu:h100:1;
2026-10-10T11:07:19Z 1051|kevin|s1a-a1-9b-s2|PENDING|0:00|90|N/A;1053|kevin|q2s1a-a1-9b-s2|PENDING|0:00|32|gres:gpu:h100:1;
2026-10-10T11:07:34Z 1051|kevin|s1a-a1-9b-s2|PENDING|0:00|90|N/A;1053|kevin|q2s1a-a1-9b-s2|PENDING|0:00|32|gres:gpu:h100:1;
2026-10-10T11:07:49Z 1051|kevin|s1a-a1-9b-s2|PENDING|0:00|90|N/A;1053|kevin|q2s1a-a1-9b-s2|PENDING|0:00|32|gres:gpu:h100:1;
2026-10-10T11:08:04Z 1051|kevin|s1a-a1-9b-s2|PENDING|0:00|90|N/A;1053|kevin|q2s1a-a1-9b-s2|PENDING|0:00|32|gres:gpu:h100:1;
2026-10-10T11:08:19Z 1051|kevin|s1a-a1-9b-s2|PENDING|0:00|90|N/A;1053|kevin|q2s1a-a1-9b-s2|PENDING|0:00|32|gres:gpu:h100:1;
2026-10-10T11:08:34Z 1051|kevin|s1a-a1-9b-s2|PENDING|0:00|90|N/A;1053|kevin|q2s1a-a1-9b-s2|PENDING|0:00|32|gres:gpu:h100:1;
2026-10-10T11:08:49Z 1051|kevin|s1a-a1-9b-s2|PENDING|0:00|90|N/A;1053|kevin|q2s1a-a1-9b-s2|PENDING|0:00|32|gres:gpu:h100:1;
2026-10-10T11:09:04Z 1051|kevin|s1a-a1-9b-s2|PENDING|0:00|90|N/A;1053|kevin|q2s1a-a1-9b-s2|PENDING|0:00|32|gres:gpu:h100:1;
2026-10-10T11:09:19Z 1051|kevin|s1a-a1-9b-s2|PENDING|0:00|90|N/A;1053|kevin|q2s1a-a1-9b-s2|PENDING|0:00|32|gres:gpu:h100:1;
2026-10-10T11:09:34Z 1051|kevin|s1a-a1-9b-s2|PENDING|0:00|90|N/A;1053|kevin|q2s1a-a1-9b-s2|PENDING|0:00|32|gres:gpu:h100:1;
2026-10-10T11:09:49Z 1051|kevin|s1a-a1-9b-s2|PENDING|0:00|90|N/A;1053|kevin|q2s1a-a1-9b-s2|PENDING|0:00|32|gres:gpu:h100:1;
2026-10-10T11:10:04Z 1051|kevin|s1a-a1-9b-s2|PENDING|0:00|90|N/A;1053|kevin|q2s1a-a1-9b-s2|PENDING|0:00|32|gres:gpu:h100:1;
2026-10-10T11:10:19Z 1051|kevin|s1a-a1-9b-s2|PENDING|0:00|90|N/A;1053|kevin|q2s1a-a1-9b-s2|PENDING|0:00|32|gres:gpu:h100:1;
2026-10-10T11:10:34Z 1051|kevin|s1a-a1-9b-s2|PENDING|0:00|90|N/A;1053|kevin|q2s1a-a1-9b-s2|PENDING|0:00|32|gres:gpu:h100:1;
2026-10-10T11:10:49Z 1051|kevin|s1a-a1-9b-s2|PENDING|0:00|90|N/A;1053|kevin|q2s1a-a1-9b-s2|PENDING|0:00|32|gres:gpu:h100:1;
2026-10-10T11:11:04Z 1051|kevin|s1a-a1-9b-s2|PENDING|0:00|90|N/A;1053|kevin|q2s1a-a1-9b-s2|PENDING|0:00|32|gres:gpu:h100:1;
2026-10-10T11:11:19Z 1051|kevin|s1a-a1-9b-s2|PENDING|0:00|90|N/A;1053|kevin|q2s1a-a1-9b-s2|PENDING|0:00|32|gres:gpu:h100:1;
2026-10-10T11:11:34Z 1051|kevin|s1a-a1-9b-s2|PENDING|0:00|90|N/A;1053|kevin|q2s1a-a1-9b-s2|PENDING|0:00|32|gres:gpu:h100:1;
2026-10-10T11:11:49Z 1051|kevin|s1a-a1-9b-s2|PENDING|0:00|90|N/A;1053|kevin|q2s1a-a1-9b-s2|PENDING|0:00|32|gres:gpu:h100:1;
2026-10-10T11:12:04Z 1051|kevin|s1a-a1-9b-s2|PENDING|0:00|90|N/A;1053|kevin|q2s1a-a1-9b-s2|PENDING|0:00|32|gres:gpu:h100:1;
2026-10-10T11:12:19Z 1051|kevin|s1a-a1-9b-s2|PENDING|0:00|90|N/A;1053|kevin|q2s1a-a1-9b-s2|PENDING|0:00|32|gres:gpu:h100:1;
2026-10-10T11:12:34Z 1051|kevin|s1a-a1-9b-s2|PENDING|0:00|90|N/A;1053|kevin|q2s1a-a1-9b-s2|PENDING|0:00|32|gres:gpu:h100:1;
2026-10-10T11:12:49Z 1051|kevin|s1a-a1-9b-s2|PENDING|0:00|90|N/A;1053|kevin|q2s1a-a1-9b-s2|PENDING|0:00|32|gres:gpu:h100:1;
2026-10-10T11:13:04Z 1051|kevin|s1a-a1-9b-s2|PENDING|0:00|90|N/A;1053|kevin|q2s1a-a1-9b-s2|PENDING|0:00|32|gres:gpu:h100:1;
2026-10-10T11:13:19Z 1051|kevin|s1a-a1-9b-s2|PENDING|0:00|90|N/A;1053|kevin|q2s1a-a1-9b-s2|PENDING|0:00|32|gres:gpu:h100:1;
2026-10-10T11:13:34Z 1051|kevin|s1a-a1-9b-s2|PENDING|0:00|90|N/A;1053|kevin|q2s1a-a1-9b-s2|PENDING|0:00|32|gres:gpu:h100:1;
2026-10-10T11:13:49Z 1051|kevin|s1a-a1-9b-s2|PENDING|0:00|90|N/A;1053|kevin|q2s1a-a1-9b-s2|PENDING|0:00|32|gres:gpu:h100:1;
2026-10-10T11:14:04Z 1051|kevin|s1a-a1-9b-s2|PENDING|0:00|90|N/A;1053|kevin|q2s1a-a1-9b-s2|PENDING|0:00|32|gres:gpu:h100:1;
2026-10-10T11:14:19Z 1051|kevin|s1a-a1-9b-s2|PENDING|0:00|90|N/A;1053|kevin|q2s1a-a1-9b-s2|PENDING|0:00|32|gres:gpu:h100:1;
2026-10-10T11:14:34Z 1051|kevin|s1a-a1-9b-s2|PENDING|0:00|90|N/A;1053|kevin|q2s1a-a1-9b-s2|PENDING|0:00|32|gres:gpu:h100:1;
2026-10-10T11:14:49Z 1051|kevin|s1a-a1-9b-s2|PENDING|0:00|90|N/A;1053|kevin|q2s1a-a1-9b-s2|PENDING|0:00|32|gres:gpu:h100:1;
2026-10-10T11:15:04Z 1051|kevin|s1a-a1-9b-s2|PENDING|0:00|90|N/A;1053|kevin|q2s1a-a1-9b-s2|PENDING|0:00|32|gres:gpu:h100:1;
2026-10-10T11:15:19Z 1051|kevin|s1a-a1-9b-s2|PENDING|0:00|90|N/A;1053|kevin|q2s1a-a1-9b-s2|PENDING|0:00|32|gres:gpu:h100:1;
2026-10-10T11:15:34Z 1051|kevin|s1a-a1-9b-s2|PENDING|0:00|90|N/A;1053|kevin|q2s1a-a1-9b-s2|PENDING|0:00|32|gres:gpu:h100:1;
2026-10-10T11:15:49Z 1051|kevin|s1a-a1-9b-s2|PENDING|0:00|90|N/A;1053|kevin|q2s1a-a1-9b-s2|PENDING|0:00|32|gres:gpu:h100:1;
2026-10-10T11:16:04Z 1051|kevin|s1a-a1-9b-s2|PENDING|0:00|90|N/A;1053|kevin|q2s1a-a1-9b-s2|PENDING|0:00|32|gres:gpu:h100:1;
2026-10-10T11:16:19Z 1051|kevin|s1a-a1-9b-s2|PENDING|0:00|90|N/A;1053|kevin|q2s1a-a1-9b-s2|PENDING|0:00|32|gres:gpu:h100:1;
2026-10-10T11:16:34Z 1051|kevin|s1a-a1-9b-s2|PENDING|0:00|90|N/A;1053|kevin|q2s1a-a1-9b-s2|PENDING|0:00|32|gres:gpu:h100:1;
2026-10-10T11:16:49Z 1051|kevin|s1a-a1-9b-s2|PENDING|0:00|90|N/A;1053|kevin|q2s1a-a1-9b-s2|PENDING|0:00|32|gres:gpu:h100:1;
2026-10-10T11:17:05Z 1051|kevin|s1a-a1-9b-s2|PENDING|0:00|90|N/A;1053|kevin|q2s1a-a1-9b-s2|PENDING|0:00|32|gres:gpu:h100:1;
2026-10-10T11:17:20Z 1051|kevin|s1a-a1-9b-s2|PENDING|0:00|90|N/A;1053|kevin|q2s1a-a1-9b-s2|PENDING|0:00|32|gres:gpu:h100:1;
2026-10-10T11:17:35Z 1051|kevin|s1a-a1-9b-s2|PENDING|0:00|90|N/A;1053|kevin|q2s1a-a1-9b-s2|PENDING|0:00|32|gres:gpu:h100:1;
2026-10-10T11:17:50Z 1051|kevin|s1a-a1-9b-s2|PENDING|0:00|90|N/A;1053|kevin|q2s1a-a1-9b-s2|PENDING|0:00|32|gres:gpu:h100:1;
2026-10-10T11:18:05Z 1051|kevin|s1a-a1-9b-s2|PENDING|0:00|90|N/A;1053|kevin|q2s1a-a1-9b-s2|PENDING|0:00|32|gres:gpu:h100:1;
2026-10-10T11:18:20Z 1051|kevin|s1a-a1-9b-s2|PENDING|0:00|90|N/A;1053|kevin|q2s1a-a1-9b-s2|PENDING|0:00|32|gres:gpu:h100:1;
2026-10-10T11:18:35Z 1051|kevin|s1a-a1-9b-s2|PENDING|0:00|90|N/A;1053|kevin|q2s1a-a1-9b-s2|PENDING|0:00|32|gres:gpu:h100:1;
2026-10-10T11:18:50Z 1051|kevin|s1a-a1-9b-s2|PENDING|0:00|90|N/A;1053|kevin|q2s1a-a1-9b-s2|PENDING|0:00|32|gres:gpu:h100:1;
2026-10-10T11:19:05Z 1051|kevin|s1a-a1-9b-s2|PENDING|0:00|90|N/A;1053|kevin|q2s1a-a1-9b-s2|PENDING|0:00|32|gres:gpu:h100:1;
2026-10-10T11:19:20Z 1051|kevin|s1a-a1-9b-s2|PENDING|0:00|90|N/A;1053|kevin|q2s1a-a1-9b-s2|PENDING|0:00|32|gres:gpu:h100:1;
2026-10-10T11:19:35Z 1051|kevin|s1a-a1-9b-s2|PENDING|0:00|90|N/A;1053|kevin|q2s1a-a1-9b-s2|PENDING|0:00|32|gres:gpu:h100:1;
2026-10-10T11:19:50Z 1051|kevin|s1a-a1-9b-s2|PENDING|0:00|90|N/A;1053|kevin|q2s1a-a1-9b-s2|PENDING|0:00|32|gres:gpu:h100:1;
2026-10-10T11:20:05Z 1051|kevin|s1a-a1-9b-s2|PENDING|0:00|90|N/A;1053|kevin|q2s1a-a1-9b-s2|PENDING|0:00|32|gres:gpu:h100:1;
2026-10-10T11:20:20Z 1051|kevin|s1a-a1-9b-s2|PENDING|0:00|90|N/A;1053|kevin|q2s1a-a1-9b-s2|PENDING|0:00|32|gres:gpu:h100:1;
2026-10-10T11:20:35Z 1051|kevin|s1a-a1-9b-s2|PENDING|0:00|90|N/A;1053|kevin|q2s1a-a1-9b-s2|PENDING|0:00|32|gres:gpu:h100:1;
2026-10-10T11:20:50Z 1051|kevin|s1a-a1-9b-s2|PENDING|0:00|90|N/A;1053|kevin|q2s1a-a1-9b-s2|PENDING|0:00|32|gres:gpu:h100:1;
2026-10-10T11:21:05Z 1051|kevin|s1a-a1-9b-s2|PENDING|0:00|90|N/A;1053|kevin|q2s1a-a1-9b-s2|PENDING|0:00|32|gres:gpu:h100:1;
2026-10-10T11:21:20Z 1051|kevin|s1a-a1-9b-s2|PENDING|0:00|90|N/A;1053|kevin|q2s1a-a1-9b-s2|PENDING|0:00|32|gres:gpu:h100:1;
2026-10-10T11:21:35Z 1051|kevin|s1a-a1-9b-s2|PENDING|0:00|90|N/A;1053|kevin|q2s1a-a1-9b-s2|PENDING|0:00|32|gres:gpu:h100:1;
2026-10-10T11:21:50Z 1051|kevin|s1a-a1-9b-s2|PENDING|0:00|90|N/A;1053|kevin|q2s1a-a1-9b-s2|PENDING|0:00|32|gres:gpu:h100:1;
2026-10-10T11:22:05Z 1051|kevin|s1a-a1-9b-s2|PENDING|0:00|90|N/A;1053|kevin|q2s1a-a1-9b-s2|PENDING|0:00|32|gres:gpu:h100:1;
2026-10-10T11:22:20Z 1051|kevin|s1a-a1-9b-s2|PENDING|0:00|90|N/A;1053|kevin|q2s1a-a1-9b-s2|PENDING|0:00|32|gres:gpu:h100:1;
2026-10-10T11:22:35Z 1051|kevin|s1a-a1-9b-s2|PENDING|0:00|90|N/A;1053|kevin|q2s1a-a1-9b-s2|PENDING|0:00|32|gres:gpu:h100:1;
2026-10-10T11:22:50Z 1051|kevin|s1a-a1-9b-s2|PENDING|0:00|90|N/A;1053|kevin|q2s1a-a1-9b-s2|PENDING|0:00|32|gres:gpu:h100:1;
2026-10-10T11:23:05Z 1051|kevin|s1a-a1-9b-s2|PENDING|0:00|90|N/A;1053|kevin|q2s1a-a1-9b-s2|PENDING|0:00|32|gres:gpu:h100:1;
2026-10-10T11:23:20Z 1051|kevin|s1a-a1-9b-s2|PENDING|0:00|90|N/A;1053|kevin|q2s1a-a1-9b-s2|PENDING|0:00|32|gres:gpu:h100:1;
2026-10-10T11:23:35Z 1051|kevin|s1a-a1-9b-s2|PENDING|0:00|90|N/A;1053|kevin|q2s1a-a1-9b-s2|PENDING|0:00|32|gres:gpu:h100:1;
2026-10-10T11:23:50Z 1051|kevin|s1a-a1-9b-s2|PENDING|0:00|90|N/A;1053|kevin|q2s1a-a1-9b-s2|PENDING|0:00|32|gres:gpu:h100:1;
2026-10-10T11:24:05Z 1051|kevin|s1a-a1-9b-s2|PENDING|0:00|90|N/A;1053|kevin|q2s1a-a1-9b-s2|PENDING|0:00|32|gres:gpu:h100:1;
2026-10-10T11:24:20Z 1051|kevin|s1a-a1-9b-s2|PENDING|0:00|90|N/A;1053|kevin|q2s1a-a1-9b-s2|PENDING|0:00|32|gres:gpu:h100:1;
2026-10-10T11:24:35Z 1051|kevin|s1a-a1-9b-s2|PENDING|0:00|90|N/A;1053|kevin|q2s1a-a1-9b-s2|PENDING|0:00|32|gres:gpu:h100:1;
2026-10-10T11:24:50Z 1051|kevin|s1a-a1-9b-s2|PENDING|0:00|90|N/A;1053|kevin|q2s1a-a1-9b-s2|PENDING|0:00|32|gres:gpu:h100:1;
2026-10-10T11:25:05Z 1051|kevin|s1a-a1-9b-s2|PENDING|0:00|90|N/A;1053|kevin|q2s1a-a1-9b-s2|PENDING|0:00|32|gres:gpu:h100:1;
2026-10-10T11:25:20Z 1051|kevin|s1a-a1-9b-s2|PENDING|0:00|90|N/A;1053|kevin|q2s1a-a1-9b-s2|PENDING|0:00|32|gres:gpu:h100:1;
2026-10-10T11:25:35Z 1051|kevin|s1a-a1-9b-s2|PENDING|0:00|90|N/A;1053|kevin|q2s1a-a1-9b-s2|PENDING|0:00|32|gres:gpu:h100:1;
2026-10-10T11:25:50Z 1051|kevin|s1a-a1-9b-s2|PENDING|0:00|90|N/A;1053|kevin|q2s1a-a1-9b-s2|PENDING|0:00|32|gres:gpu:h100:1;
2026-10-10T11:26:05Z 1051|kevin|s1a-a1-9b-s2|PENDING|0:00|90|N/A;1053|kevin|q2s1a-a1-9b-s2|PENDING|0:00|32|gres:gpu:h100:1;
2026-10-10T11:26:20Z 1051|kevin|s1a-a1-9b-s2|PENDING|0:00|90|N/A;1053|kevin|q2s1a-a1-9b-s2|PENDING|0:00|32|gres:gpu:h100:1;
2026-10-10T11:26:35Z 1051|kevin|s1a-a1-9b-s2|PENDING|0:00|90|N/A;1053|kevin|q2s1a-a1-9b-s2|PENDING|0:00|32|gres:gpu:h100:1;
2026-10-10T11:26:50Z 1051|kevin|s1a-a1-9b-s2|PENDING|0:00|90|N/A;1053|kevin|q2s1a-a1-9b-s2|PENDING|0:00|32|gres:gpu:h100:1;
2026-10-10T11:27:05Z 1051|kevin|s1a-a1-9b-s2|PENDING|0:00|90|N/A;1053|kevin|q2s1a-a1-9b-s2|PENDING|0:00|32|gres:gpu:h100:1;
2026-10-10T11:27:20Z 1051|kevin|s1a-a1-9b-s2|PENDING|0:00|90|N/A;1053|kevin|q2s1a-a1-9b-s2|PENDING|0:00|32|gres:gpu:h100:1;
2026-10-10T11:27:35Z 1051|kevin|s1a-a1-9b-s2|PENDING|0:00|90|N/A;1053|kevin|q2s1a-a1-9b-s2|PENDING|0:00|32|gres:gpu:h100:1;
2026-10-10T11:27:50Z 1051|kevin|s1a-a1-9b-s2|PENDING|0:00|90|N/A;1053|kevin|q2s1a-a1-9b-s2|PENDING|0:00|32|gres:gpu:h100:1;
2026-10-10T11:28:05Z 1051|kevin|s1a-a1-9b-s2|PENDING|0:00|90|N/A;1053|kevin|q2s1a-a1-9b-s2|PENDING|0:00|32|gres:gpu:h100:1;
2026-10-10T11:28:20Z 1051|kevin|s1a-a1-9b-s2|PENDING|0:00|90|N/A;1053|kevin|q2s1a-a1-9b-s2|PENDING|0:00|32|gres:gpu:h100:1;
2026-10-10T11:28:35Z 1051|kevin|s1a-a1-9b-s2|PENDING|0:00|90|N/A;1053|kevin|q2s1a-a1-9b-s2|PENDING|0:00|32|gres:gpu:h100:1;
2026-10-10T11:28:50Z 1051|kevin|s1a-a1-9b-s2|PENDING|0:00|90|N/A;1053|kevin|q2s1a-a1-9b-s2|PENDING|0:00|32|gres:gpu:h100:1;
2026-10-10T11:29:05Z 1051|kevin|s1a-a1-9b-s2|PENDING|0:00|90|N/A;1053|kevin|q2s1a-a1-9b-s2|PENDING|0:00|32|gres:gpu:h100:1;
2026-10-10T11:29:21Z 1051|kevin|s1a-a1-9b-s2|PENDING|0:00|90|N/A;1053|kevin|q2s1a-a1-9b-s2|PENDING|0:00|32|gres:gpu:h100:1;
2026-10-10T11:29:36Z 1051|kevin|s1a-a1-9b-s2|PENDING|0:00|90|N/A;1053|kevin|q2s1a-a1-9b-s2|PENDING|0:00|32|gres:gpu:h100:1;
2026-10-10T11:29:51Z 1051|kevin|s1a-a1-9b-s2|PENDING|0:00|90|N/A;1053|kevin|q2s1a-a1-9b-s2|PENDING|0:00|32|gres:gpu:h100:1;
2026-10-10T11:30:06Z 1051|kevin|s1a-a1-9b-s2|PENDING|0:00|90|N/A;1053|kevin|q2s1a-a1-9b-s2|PENDING|0:00|32|gres:gpu:h100:1;
2026-10-10T11:30:21Z 1051|kevin|s1a-a1-9b-s2|PENDING|0:00|90|N/A;1053|kevin|q2s1a-a1-9b-s2|PENDING|0:00|32|gres:gpu:h100:1;
2026-10-10T11:30:36Z 1051|kevin|s1a-a1-9b-s2|PENDING|0:00|90|N/A;1053|kevin|q2s1a-a1-9b-s2|PENDING|0:00|32|gres:gpu:h100:1;
2026-10-10T11:30:51Z 1051|kevin|s1a-a1-9b-s2|PENDING|0:00|90|N/A;1053|kevin|q2s1a-a1-9b-s2|PENDING|0:00|32|gres:gpu:h100:1;
2026-10-10T11:31:06Z 1051|kevin|s1a-a1-9b-s2|PENDING|0:00|90|N/A;1053|kevin|q2s1a-a1-9b-s2|PENDING|0:00|32|gres:gpu:h100:1;
2026-10-10T11:31:21Z 1051|kevin|s1a-a1-9b-s2|PENDING|0:00|90|N/A;1053|kevin|q2s1a-a1-9b-s2|PENDING|0:00|32|gres:gpu:h100:1;
2026-10-10T11:31:36Z 1051|kevin|s1a-a1-9b-s2|PENDING|0:00|90|N/A;1053|kevin|q2s1a-a1-9b-s2|PENDING|0:00|32|gres:gpu:h100:1;
2026-10-10T11:31:51Z 1051|kevin|s1a-a1-9b-s2|PENDING|0:00|90|N/A;1053|kevin|q2s1a-a1-9b-s2|PENDING|0:00|32|gres:gpu:h100:1;
2026-10-10T11:32:06Z 1051|kevin|s1a-a1-9b-s2|PENDING|0:00|90|N/A;1053|kevin|q2s1a-a1-9b-s2|PENDING|0:00|32|gres:gpu:h100:1;
2026-10-10T11:32:21Z 1051|kevin|s1a-a1-9b-s2|PENDING|0:00|90|N/A;1053|kevin|q2s1a-a1-9b-s2|PENDING|0:00|32|gres:gpu:h100:1;
2026-10-10T11:32:36Z 1051|kevin|s1a-a1-9b-s2|PENDING|0:00|90|N/A;1053|kevin|q2s1a-a1-9b-s2|PENDING|0:00|32|gres:gpu:h100:1;
2026-10-10T11:32:51Z 1051|kevin|s1a-a1-9b-s2|PENDING|0:00|90|N/A;1053|kevin|q2s1a-a1-9b-s2|PENDING|0:00|32|gres:gpu:h100:1;
2026-10-10T11:33:06Z 1051|kevin|s1a-a1-9b-s2|PENDING|0:00|90|N/A;1053|kevin|q2s1a-a1-9b-s2|PENDING|0:00|32|gres:gpu:h100:1;
2026-10-10T11:33:21Z 1051|kevin|s1a-a1-9b-s2|PENDING|0:00|90|N/A;1053|kevin|q2s1a-a1-9b-s2|PENDING|0:00|32|gres:gpu:h100:1;
2026-10-10T11:33:36Z 1051|kevin|s1a-a1-9b-s2|PENDING|0:00|90|N/A;1053|kevin|q2s1a-a1-9b-s2|PENDING|0:00|32|gres:gpu:h100:1;
2026-10-10T11:33:51Z 1051|kevin|s1a-a1-9b-s2|PENDING|0:00|90|N/A;1053|kevin|q2s1a-a1-9b-s2|PENDING|0:00|32|gres:gpu:h100:1;
2026-10-10T11:34:06Z 1051|kevin|s1a-a1-9b-s2|PENDING|0:00|90|N/A;1053|kevin|q2s1a-a1-9b-s2|PENDING|0:00|32|gres:gpu:h100:1;
2026-10-10T11:34:21Z 1051|kevin|s1a-a1-9b-s2|PENDING|0:00|90|N/A;1053|kevin|q2s1a-a1-9b-s2|PENDING|0:00|32|gres:gpu:h100:1;
2026-10-10T11:34:36Z 1051|kevin|s1a-a1-9b-s2|PENDING|0:00|90|N/A;1053|kevin|q2s1a-a1-9b-s2|PENDING|0:00|32|gres:gpu:h100:1;
2026-10-10T11:34:51Z 1051|kevin|s1a-a1-9b-s2|PENDING|0:00|90|N/A;1053|kevin|q2s1a-a1-9b-s2|PENDING|0:00|32|gres:gpu:h100:1;
2026-10-10T11:35:06Z 1051|kevin|s1a-a1-9b-s2|PENDING|0:00|90|N/A;1053|kevin|q2s1a-a1-9b-s2|PENDING|0:00|32|gres:gpu:h100:1;
2026-10-10T11:35:21Z 1051|kevin|s1a-a1-9b-s2|PENDING|0:00|90|N/A;1053|kevin|q2s1a-a1-9b-s2|PENDING|0:00|32|gres:gpu:h100:1;
2026-10-10T11:35:36Z 1051|kevin|s1a-a1-9b-s2|PENDING|0:00|90|N/A;1053|kevin|q2s1a-a1-9b-s2|PENDING|0:00|32|gres:gpu:h100:1;
2026-10-10T11:35:51Z 1051|kevin|s1a-a1-9b-s2|PENDING|0:00|90|N/A;1053|kevin|q2s1a-a1-9b-s2|PENDING|0:00|32|gres:gpu:h100:1;
2026-10-10T11:36:06Z 1051|kevin|s1a-a1-9b-s2|PENDING|0:00|90|N/A;1053|kevin|q2s1a-a1-9b-s2|PENDING|0:00|32|gres:gpu:h100:1;
2026-10-10T11:36:21Z 1051|kevin|s1a-a1-9b-s2|PENDING|0:00|90|N/A;1053|kevin|q2s1a-a1-9b-s2|PENDING|0:00|32|gres:gpu:h100:1;
2026-10-10T11:36:36Z 1051|kevin|s1a-a1-9b-s2|PENDING|0:00|90|N/A;1053|kevin|q2s1a-a1-9b-s2|PENDING|0:00|32|gres:gpu:h100:1;
2026-10-10T11:36:51Z 1051|kevin|s1a-a1-9b-s2|PENDING|0:00|90|N/A;1053|kevin|q2s1a-a1-9b-s2|PENDING|0:00|32|gres:gpu:h100:1;
2026-10-10T11:37:06Z 1051|kevin|s1a-a1-9b-s2|PENDING|0:00|90|N/A;1053|kevin|q2s1a-a1-9b-s2|PENDING|0:00|32|gres:gpu:h100:1;
2026-10-10T11:37:21Z 1051|kevin|s1a-a1-9b-s2|PENDING|0:00|90|N/A;1053|kevin|q2s1a-a1-9b-s2|PENDING|0:00|32|gres:gpu:h100:1;
2026-10-10T11:37:36Z 1051|kevin|s1a-a1-9b-s2|PENDING|0:00|90|N/A;1053|kevin|q2s1a-a1-9b-s2|PENDING|0:00|32|gres:gpu:h100:1;
2026-10-10T11:37:51Z 1051|kevin|s1a-a1-9b-s2|PENDING|0:00|90|N/A;1053|kevin|q2s1a-a1-9b-s2|PENDING|0:00|32|gres:gpu:h100:1;
2026-10-10T11:38:06Z 1051|kevin|s1a-a1-9b-s2|PENDING|0:00|90|N/A;1053|kevin|q2s1a-a1-9b-s2|PENDING|0:00|32|gres:gpu:h100:1;
2026-10-10T11:38:21Z 1051|kevin|s1a-a1-9b-s2|PENDING|0:00|90|N/A;1053|kevin|q2s1a-a1-9b-s2|PENDING|0:00|32|gres:gpu:h100:1;
2026-10-10T11:38:36Z 1051|kevin|s1a-a1-9b-s2|PENDING|0:00|90|N/A;1053|kevin|q2s1a-a1-9b-s2|PENDING|0:00|32|gres:gpu:h100:1;
2026-10-10T11:38:51Z 1051|kevin|s1a-a1-9b-s2|PENDING|0:00|90|N/A;1053|kevin|q2s1a-a1-9b-s2|PENDING|0:00|32|gres:gpu:h100:1;
2026-10-10T11:39:06Z 1051|kevin|s1a-a1-9b-s2|PENDING|0:00|90|N/A;1053|kevin|q2s1a-a1-9b-s2|PENDING|0:00|32|gres:gpu:h100:1;
2026-10-10T11:39:21Z 1051|kevin|s1a-a1-9b-s2|PENDING|0:00|90|N/A;1053|kevin|q2s1a-a1-9b-s2|PENDING|0:00|32|gres:gpu:h100:1;
2026-10-10T11:39:36Z 1051|kevin|s1a-a1-9b-s2|PENDING|0:00|90|N/A;1053|kevin|q2s1a-a1-9b-s2|PENDING|0:00|32|gres:gpu:h100:1;
2026-10-10T11:39:51Z 1051|kevin|s1a-a1-9b-s2|PENDING|0:00|90|N/A;1053|kevin|q2s1a-a1-9b-s2|PENDING|0:00|32|gres:gpu:h100:1;
2026-10-10T11:40:06Z 1051|kevin|s1a-a1-9b-s2|PENDING|0:00|90|N/A;1053|kevin|q2s1a-a1-9b-s2|PENDING|0:00|32|gres:gpu:h100:1;
2026-10-10T11:40:21Z 1051|kevin|s1a-a1-9b-s2|PENDING|0:00|90|N/A;1053|kevin|q2s1a-a1-9b-s2|PENDING|0:00|32|gres:gpu:h100:1;
2026-10-10T11:40:36Z 1051|kevin|s1a-a1-9b-s2|PENDING|0:00|90|N/A;1053|kevin|q2s1a-a1-9b-s2|PENDING|0:00|32|gres:gpu:h100:1;
2026-10-10T11:40:51Z 1051|kevin|s1a-a1-9b-s2|PENDING|0:00|90|N/A;1053|kevin|q2s1a-a1-9b-s2|PENDING|0:00|32|gres:gpu:h100:1;
2026-10-10T11:41:06Z 1051|kevin|s1a-a1-9b-s2|PENDING|0:00|90|N/A;1053|kevin|q2s1a-a1-9b-s2|PENDING|0:00|32|gres:gpu:h100:1;
2026-10-10T11:41:22Z 1051|kevin|s1a-a1-9b-s2|PENDING|0:00|90|N/A;1053|kevin|q2s1a-a1-9b-s2|PENDING|0:00|32|gres:gpu:h100:1;
2026-10-10T11:41:37Z 1051|kevin|s1a-a1-9b-s2|PENDING|0:00|90|N/A;1053|kevin|q2s1a-a1-9b-s2|PENDING|0:00|32|gres:gpu:h100:1;
2026-10-10T11:41:52Z 1051|kevin|s1a-a1-9b-s2|PENDING|0:00|90|N/A;1053|kevin|q2s1a-a1-9b-s2|PENDING|0:00|32|gres:gpu:h100:1;
2026-10-10T11:42:07Z 1051|kevin|s1a-a1-9b-s2|PENDING|0:00|90|N/A;1053|kevin|q2s1a-a1-9b-s2|PENDING|0:00|32|gres:gpu:h100:1;
2026-10-10T11:42:22Z 1051|kevin|s1a-a1-9b-s2|PENDING|0:00|90|N/A;1053|kevin|q2s1a-a1-9b-s2|PENDING|0:00|32|gres:gpu:h100:1;
2026-10-10T11:42:37Z 1051|kevin|s1a-a1-9b-s2|PENDING|0:00|90|N/A;1053|kevin|q2s1a-a1-9b-s2|PENDING|0:00|32|gres:gpu:h100:1;
2026-10-10T11:42:52Z 1051|kevin|s1a-a1-9b-s2|PENDING|0:00|90|N/A;1053|kevin|q2s1a-a1-9b-s2|PENDING|0:00|32|gres:gpu:h100:1;
2026-10-10T11:43:07Z 1051|kevin|s1a-a1-9b-s2|PENDING|0:00|90|N/A;1053|kevin|q2s1a-a1-9b-s2|PENDING|0:00|32|gres:gpu:h100:1;
2026-10-10T11:43:22Z 1051|kevin|s1a-a1-9b-s2|PENDING|0:00|90|N/A;1053|kevin|q2s1a-a1-9b-s2|PENDING|0:00|32|gres:gpu:h100:1;
2026-10-10T11:43:37Z 1051|kevin|s1a-a1-9b-s2|PENDING|0:00|90|N/A;1053|kevin|q2s1a-a1-9b-s2|PENDING|0:00|32|gres:gpu:h100:1;
2026-10-10T11:43:52Z 1051|kevin|s1a-a1-9b-s2|PENDING|0:00|90|N/A;1053|kevin|q2s1a-a1-9b-s2|PENDING|0:00|32|gres:gpu:h100:1;
2026-10-10T11:44:07Z 1051|kevin|s1a-a1-9b-s2|PENDING|0:00|90|N/A;1053|kevin|q2s1a-a1-9b-s2|PENDING|0:00|32|gres:gpu:h100:1;
2026-10-10T11:44:22Z 1051|kevin|s1a-a1-9b-s2|PENDING|0:00|90|N/A;1053|kevin|q2s1a-a1-9b-s2|PENDING|0:00|32|gres:gpu:h100:1;
2026-10-10T11:44:37Z 1051|kevin|s1a-a1-9b-s2|PENDING|0:00|90|N/A;1053|kevin|q2s1a-a1-9b-s2|PENDING|0:00|32|gres:gpu:h100:1;
2026-10-10T11:44:52Z 1051|kevin|s1a-a1-9b-s2|PENDING|0:00|90|N/A;1053|kevin|q2s1a-a1-9b-s2|PENDING|0:00|32|gres:gpu:h100:1;
2026-10-10T11:45:07Z 1051|kevin|s1a-a1-9b-s2|PENDING|0:00|90|N/A;1053|kevin|q2s1a-a1-9b-s2|PENDING|0:00|32|gres:gpu:h100:1;
2026-10-10T11:45:22Z 1051|kevin|s1a-a1-9b-s2|PENDING|0:00|90|N/A;1053|kevin|q2s1a-a1-9b-s2|PENDING|0:00|32|gres:gpu:h100:1;
2026-10-10T11:45:37Z 1051|kevin|s1a-a1-9b-s2|PENDING|0:00|90|N/A;1053|kevin|q2s1a-a1-9b-s2|PENDING|0:00|32|gres:gpu:h100:1;
2026-10-10T11:45:52Z 1051|kevin|s1a-a1-9b-s2|PENDING|0:00|90|N/A;1053|kevin|q2s1a-a1-9b-s2|PENDING|0:00|32|gres:gpu:h100:1;
2026-10-10T11:46:07Z 1051|kevin|s1a-a1-9b-s2|PENDING|0:00|90|N/A;1053|kevin|q2s1a-a1-9b-s2|PENDING|0:00|32|gres:gpu:h100:1;
2026-10-10T11:46:22Z 1051|kevin|s1a-a1-9b-s2|PENDING|0:00|90|N/A;1053|kevin|q2s1a-a1-9b-s2|PENDING|0:00|32|gres:gpu:h100:1;
2026-10-10T11:46:37Z 1051|kevin|s1a-a1-9b-s2|PENDING|0:00|90|N/A;1053|kevin|q2s1a-a1-9b-s2|PENDING|0:00|32|gres:gpu:h100:1;
2026-10-10T11:46:52Z 1051|kevin|s1a-a1-9b-s2|PENDING|0:00|90|N/A;1053|kevin|q2s1a-a1-9b-s2|PENDING|0:00|32|gres:gpu:h100:1;
2026-10-10T11:47:07Z 1051|kevin|s1a-a1-9b-s2|PENDING|0:00|90|N/A;1053|kevin|q2s1a-a1-9b-s2|PENDING|0:00|32|gres:gpu:h100:1;
2026-10-10T11:47:22Z 1051|kevin|s1a-a1-9b-s2|PENDING|0:00|90|N/A;1053|kevin|q2s1a-a1-9b-s2|PENDING|0:00|32|gres:gpu:h100:1;
2026-10-10T11:47:37Z 1051|kevin|s1a-a1-9b-s2|PENDING|0:00|90|N/A;1053|kevin|q2s1a-a1-9b-s2|PENDING|0:00|32|gres:gpu:h100:1;
2026-10-10T11:47:52Z 1051|kevin|s1a-a1-9b-s2|PENDING|0:00|90|N/A;1053|kevin|q2s1a-a1-9b-s2|PENDING|0:00|32|gres:gpu:h100:1;
2026-10-10T11:48:07Z 1051|kevin|s1a-a1-9b-s2|PENDING|0:00|90|N/A;1053|kevin|q2s1a-a1-9b-s2|PENDING|0:00|32|gres:gpu:h100:1;
2026-10-10T11:48:22Z 1051|kevin|s1a-a1-9b-s2|PENDING|0:00|90|N/A;1053|kevin|q2s1a-a1-9b-s2|PENDING|0:00|32|gres:gpu:h100:1;
2026-10-10T11:48:37Z 1051|kevin|s1a-a1-9b-s2|PENDING|0:00|90|N/A;1053|kevin|q2s1a-a1-9b-s2|PENDING|0:00|32|gres:gpu:h100:1;
2026-10-10T11:48:52Z 1051|kevin|s1a-a1-9b-s2|PENDING|0:00|90|N/A;1053|kevin|q2s1a-a1-9b-s2|PENDING|0:00|32|gres:gpu:h100:1;
2026-10-10T11:49:07Z 1051|kevin|s1a-a1-9b-s2|PENDING|0:00|90|N/A;1053|kevin|q2s1a-a1-9b-s2|PENDING|0:00|32|gres:gpu:h100:1;
2026-10-10T11:49:22Z 1051|kevin|s1a-a1-9b-s2|PENDING|0:00|90|N/A;1053|kevin|q2s1a-a1-9b-s2|PENDING|0:00|32|gres:gpu:h100:1;
2026-10-10T11:49:37Z 1051|kevin|s1a-a1-9b-s2|PENDING|0:00|90|N/A;1053|kevin|q2s1a-a1-9b-s2|PENDING|0:00|32|gres:gpu:h100:1;
2026-10-10T11:49:52Z 1051|kevin|s1a-a1-9b-s2|PENDING|0:00|90|N/A;1053|kevin|q2s1a-a1-9b-s2|PENDING|0:00|32|gres:gpu:h100:1;
2026-10-10T11:50:07Z 1051|kevin|s1a-a1-9b-s2|PENDING|0:00|90|N/A;1053|kevin|q2s1a-a1-9b-s2|PENDING|0:00|32|gres:gpu:h100:1;
2026-10-10T11:50:22Z 1051|kevin|s1a-a1-9b-s2|PENDING|0:00|90|N/A;1053|kevin|q2s1a-a1-9b-s2|PENDING|0:00|32|gres:gpu:h100:1;
2026-10-10T11:50:37Z 1051|kevin|s1a-a1-9b-s2|PENDING|0:00|90|N/A;1053|kevin|q2s1a-a1-9b-s2|PENDING|0:00|32|gres:gpu:h100:1;
2026-10-10T11:50:52Z 1051|kevin|s1a-a1-9b-s2|PENDING|0:00|90|N/A;1053|kevin|q2s1a-a1-9b-s2|PENDING|0:00|32|gres:gpu:h100:1;
2026-10-10T11:51:07Z 1051|kevin|s1a-a1-9b-s2|PENDING|0:00|90|N/A;1053|kevin|q2s1a-a1-9b-s2|PENDING|0:00|32|gres:gpu:h100:1;
2026-10-10T11:51:22Z 1051|kevin|s1a-a1-9b-s2|PENDING|0:00|90|N/A;1053|kevin|q2s1a-a1-9b-s2|PENDING|0:00|32|gres:gpu:h100:1;
2026-10-10T11:51:37Z 1051|kevin|s1a-a1-9b-s2|PENDING|0:00|90|N/A;1053|kevin|q2s1a-a1-9b-s2|PENDING|0:00|32|gres:gpu:h100:1;
2026-10-10T11:51:52Z 1051|kevin|s1a-a1-9b-s2|PENDING|0:00|90|N/A;1053|kevin|q2s1a-a1-9b-s2|PENDING|0:00|32|gres:gpu:h100:1;
2026-10-10T11:52:07Z 1051|kevin|s1a-a1-9b-s2|PENDING|0:00|90|N/A;1053|kevin|q2s1a-a1-9b-s2|PENDING|0:00|32|gres:gpu:h100:1;
2026-10-10T11:52:22Z 1051|kevin|s1a-a1-9b-s2|PENDING|0:00|90|N/A;1053|kevin|q2s1a-a1-9b-s2|PENDING|0:00|32|gres:gpu:h100:1;
2026-10-10T11:52:37Z 1051|kevin|s1a-a1-9b-s2|PENDING|0:00|90|N/A;1053|kevin|q2s1a-a1-9b-s2|PENDING|0:00|32|gres:gpu:h100:1;
2026-10-10T11:52:52Z 1051|kevin|s1a-a1-9b-s2|PENDING|0:00|90|N/A;1053|kevin|q2s1a-a1-9b-s2|PENDING|0:00|32|gres:gpu:h100:1;
2026-10-10T11:53:07Z 1051|kevin|s1a-a1-9b-s2|PENDING|0:00|90|N/A;1053|kevin|q2s1a-a1-9b-s2|PENDING|0:00|32|gres:gpu:h100:1;
2026-10-10T11:53:23Z 1051|kevin|s1a-a1-9b-s2|PENDING|0:00|90|N/A;1053|kevin|q2s1a-a1-9b-s2|PENDING|0:00|32|gres:gpu:h100:1;
2026-10-10T11:53:38Z 1051|kevin|s1a-a1-9b-s2|PENDING|0:00|90|N/A;1053|kevin|q2s1a-a1-9b-s2|PENDING|0:00|32|gres:gpu:h100:1;
2026-10-10T11:53:53Z 1051|kevin|s1a-a1-9b-s2|PENDING|0:00|90|N/A;1053|kevin|q2s1a-a1-9b-s2|PENDING|0:00|32|gres:gpu:h100:1;
2026-10-10T11:54:08Z 1051|kevin|s1a-a1-9b-s2|PENDING|0:00|90|N/A;1053|kevin|q2s1a-a1-9b-s2|PENDING|0:00|32|gres:gpu:h100:1;
2026-10-10T11:54:23Z 1051|kevin|s1a-a1-9b-s2|PENDING|0:00|90|N/A;1053|kevin|q2s1a-a1-9b-s2|PENDING|0:00|32|gres:gpu:h100:1;
2026-10-10T11:54:38Z 1051|kevin|s1a-a1-9b-s2|PENDING|0:00|90|N/A;1053|kevin|q2s1a-a1-9b-s2|PENDING|0:00|32|gres:gpu:h100:1;
2026-10-10T11:54:53Z 1051|kevin|s1a-a1-9b-s2|PENDING|0:00|90|N/A;1053|kevin|q2s1a-a1-9b-s2|PENDING|0:00|32|gres:gpu:h100:1;
2026-10-10T11:55:08Z 1051|kevin|s1a-a1-9b-s2|PENDING|0:00|90|N/A;1053|kevin|q2s1a-a1-9b-s2|PENDING|0:00|32|gres:gpu:h100:1;
2026-10-10T11:55:23Z 1051|kevin|s1a-a1-9b-s2|PENDING|0:00|90|N/A;1053|kevin|q2s1a-a1-9b-s2|PENDING|0:00|32|gres:gpu:h100:1;
2026-10-10T11:55:38Z 1051|kevin|s1a-a1-9b-s2|PENDING|0:00|90|N/A;1053|kevin|q2s1a-a1-9b-s2|PENDING|0:00|32|gres:gpu:h100:1;
2026-10-10T11:55:53Z 1051|kevin|s1a-a1-9b-s2|PENDING|0:00|90|N/A;1053|kevin|q2s1a-a1-9b-s2|PENDING|0:00|32|gres:gpu:h100:1;
2026-10-10T11:56:08Z 1051|kevin|s1a-a1-9b-s2|PENDING|0:00|90|N/A;1053|kevin|q2s1a-a1-9b-s2|PENDING|0:00|32|gres:gpu:h100:1;
2026-10-10T11:56:23Z 1051|kevin|s1a-a1-9b-s2|PENDING|0:00|90|N/A;1053|kevin|q2s1a-a1-9b-s2|PENDING|0:00|32|gres:gpu:h100:1;
2026-10-10T11:56:38Z 1051|kevin|s1a-a1-9b-s2|PENDING|0:00|90|N/A;1053|kevin|q2s1a-a1-9b-s2|PENDING|0:00|32|gres:gpu:h100:1;
2026-10-10T11:56:53Z 1051|kevin|s1a-a1-9b-s2|PENDING|0:00|90|N/A;1053|kevin|q2s1a-a1-9b-s2|PENDING|0:00|32|gres:gpu:h100:1;
2026-10-10T11:57:08Z 1051|kevin|s1a-a1-9b-s2|PENDING|0:00|90|N/A;1053|kevin|q2s1a-a1-9b-s2|PENDING|0:00|32|gres:gpu:h100:1;
2026-10-10T11:57:23Z 1051|kevin|s1a-a1-9b-s2|PENDING|0:00|90|N/A;1053|kevin|q2s1a-a1-9b-s2|PENDING|0:00|32|gres:gpu:h100:1;
2026-10-10T11:57:38Z 1051|kevin|s1a-a1-9b-s2|PENDING|0:00|90|N/A;1053|kevin|q2s1a-a1-9b-s2|PENDING|0:00|32|gres:gpu:h100:1;
2026-10-10T11:57:53Z 1051|kevin|s1a-a1-9b-s2|PENDING|0:00|90|N/A;1053|kevin|q2s1a-a1-9b-s2|PENDING|0:00|32|gres:gpu:h100:1;
2026-10-10T11:58:08Z 1051|kevin|s1a-a1-9b-s2|PENDING|0:00|90|N/A;1053|kevin|q2s1a-a1-9b-s2|PENDING|0:00|32|gres:gpu:h100:1;
2026-10-10T11:58:23Z 1051|kevin|s1a-a1-9b-s2|PENDING|0:00|90|N/A;1053|kevin|q2s1a-a1-9b-s2|PENDING|0:00|32|gres:gpu:h100:1;
2026-10-10T11:58:38Z 1051|kevin|s1a-a1-9b-s2|PENDING|0:00|90|N/A;1053|kevin|q2s1a-a1-9b-s2|PENDING|0:00|32|gres:gpu:h100:1;
2026-10-10T11:58:53Z 1051|kevin|s1a-a1-9b-s2|PENDING|0:00|90|N/A;1053|kevin|q2s1a-a1-9b-s2|PENDING|0:00|32|gres:gpu:h100:1;
2026-10-10T11:59:08Z 1051|kevin|s1a-a1-9b-s2|PENDING|0:00|90|N/A;1053|kevin|q2s1a-a1-9b-s2|PENDING|0:00|32|gres:gpu:h100:1;
2026-10-10T11:59:23Z 1051|kevin|s1a-a1-9b-s2|PENDING|0:00|90|N/A;1053|kevin|q2s1a-a1-9b-s2|PENDING|0:00|32|gres:gpu:h100:1;
2026-10-10T11:59:38Z 1051|kevin|s1a-a1-9b-s2|PENDING|0:00|90|N/A;1053|kevin|q2s1a-a1-9b-s2|PENDING|0:00|32|gres:gpu:h100:1;
2026-10-10T11:59:53Z 1051|kevin|s1a-a1-9b-s2|PENDING|0:00|90|N/A;1053|kevin|q2s1a-a1-9b-s2|PENDING|0:00|32|gres:gpu:h100:1;
2026-10-10T12:00:08Z 1051|kevin|s1a-a1-9b-s2|PENDING|0:00|90|N/A;1053|kevin|q2s1a-a1-9b-s2|PENDING|0:00|32|gres:gpu:h100:1;
2026-10-10T12:00:23Z 1051|kevin|s1a-a1-9b-s2|PENDING|0:00|90|N/A;1053|kevin|q2s1a-a1-9b-s2|PENDING|0:00|32|gres:gpu:h100:1;
2026-10-10T12:00:38Z 1051|kevin|s1a-a1-9b-s2|PENDING|0:00|90|N/A;1053|kevin|q2s1a-a1-9b-s2|PENDING|0:00|32|gres:gpu:h100:1;
2026-10-10T12:00:53Z 1051|kevin|s1a-a1-9b-s2|PENDING|0:00|90|N/A;1053|kevin|q2s1a-a1-9b-s2|PENDING|0:00|32|gres:gpu:h100:1;
2026-10-10T12:01:08Z 1051|kevin|s1a-a1-9b-s2|PENDING|0:00|90|N/A;1053|kevin|q2s1a-a1-9b-s2|PENDING|0:00|32|gres:gpu:h100:1;
2026-10-10T12:01:23Z 1051|kevin|s1a-a1-9b-s2|PENDING|0:00|90|N/A;1053|kevin|q2s1a-a1-9b-s2|PENDING|0:00|32|gres:gpu:h100:1;
2026-10-10T12:01:38Z 1051|kevin|s1a-a1-9b-s2|PENDING|0:00|90|N/A;1053|kevin|q2s1a-a1-9b-s2|PENDING|0:00|32|gres:gpu:h100:1;
2026-10-10T12:01:53Z 1051|kevin|s1a-a1-9b-s2|PENDING|0:00|90|N/A;1053|kevin|q2s1a-a1-9b-s2|PENDING|0:00|32|gres:gpu:h100:1;
2026-10-10T12:02:08Z 1051|kevin|s1a-a1-9b-s2|PENDING|0:00|90|N/A;1053|kevin|q2s1a-a1-9b-s2|PENDING|0:00|32|gres:gpu:h100:1;
2026-10-10T12:02:23Z 1051|kevin|s1a-a1-9b-s2|PENDING|0:00|90|N/A;1053|kevin|q2s1a-a1-9b-s2|PENDING|0:00|32|gres:gpu:h100:1;
2026-10-10T12:02:38Z 1051|kevin|s1a-a1-9b-s2|PENDING|0:00|90|N/A;1053|kevin|q2s1a-a1-9b-s2|PENDING|0:00|32|gres:gpu:h100:1;
2026-10-10T12:02:53Z 1051|kevin|s1a-a1-9b-s2|PENDING|0:00|90|N/A;1053|kevin|q2s1a-a1-9b-s2|PENDING|0:00|32|gres:gpu:h100:1;
2026-10-10T12:03:08Z 1051|kevin|s1a-a1-9b-s2|PENDING|0:00|90|N/A;1053|kevin|q2s1a-a1-9b-s2|PENDING|0:00|32|gres:gpu:h100:1;
2026-10-10T12:03:23Z 1051|kevin|s1a-a1-9b-s2|PENDING|0:00|90|N/A;1053|kevin|q2s1a-a1-9b-s2|PENDING|0:00|32|gres:gpu:h100:1;
2026-10-10T12:03:38Z 1051|kevin|s1a-a1-9b-s2|PENDING|0:00|90|N/A;1053|kevin|q2s1a-a1-9b-s2|PENDING|0:00|32|gres:gpu:h100:1;
2026-10-10T12:03:53Z 1051|kevin|s1a-a1-9b-s2|PENDING|0:00|90|N/A;1053|kevin|q2s1a-a1-9b-s2|PENDING|0:00|32|gres:gpu:h100:1;
2026-10-10T12:04:08Z 1051|kevin|s1a-a1-9b-s2|PENDING|0:00|90|N/A;1053|kevin|q2s1a-a1-9b-s2|PENDING|0:00|32|gres:gpu:h100:1;
2026-10-10T12:04:23Z 1051|kevin|s1a-a1-9b-s2|PENDING|0:00|90|N/A;1053|kevin|q2s1a-a1-9b-s2|PENDING|0:00|32|gres:gpu:h100:1;
2026-10-10T12:04:38Z 1051|kevin|s1a-a1-9b-s2|PENDING|0:00|90|N/A;1053|kevin|q2s1a-a1-9b-s2|PENDING|0:00|32|gres:gpu:h100:1;
2026-10-10T12:04:53Z 1051|kevin|s1a-a1-9b-s2|PENDING|0:00|90|N/A;1053|kevin|q2s1a-a1-9b-s2|PENDING|0:00|32|gres:gpu:h100:1;
2026-10-10T12:05:08Z 1051|kevin|s1a-a1-9b-s2|PENDING|0:00|90|N/A;1053|kevin|q2s1a-a1-9b-s2|PENDING|0:00|32|gres:gpu:h100:1;
2026-10-10T12:05:23Z 1051|kevin|s1a-a1-9b-s2|PENDING|0:00|90|N/A;1053|kevin|q2s1a-a1-9b-s2|PENDING|0:00|32|gres:gpu:h100:1;
2026-10-10T12:05:39Z 1051|kevin|s1a-a1-9b-s2|PENDING|0:00|90|N/A;1053|kevin|q2s1a-a1-9b-s2|PENDING|0:00|32|gres:gpu:h100:1;
2026-10-10T12:05:54Z 1051|kevin|s1a-a1-9b-s2|PENDING|0:00|90|N/A;1053|kevin|q2s1a-a1-9b-s2|PENDING|0:00|32|gres:gpu:h100:1;
2026-10-10T12:06:09Z 1051|kevin|s1a-a1-9b-s2|PENDING|0:00|90|N/A;1053|kevin|q2s1a-a1-9b-s2|PENDING|0:00|32|gres:gpu:h100:1;
2026-10-10T12:06:24Z 1051|kevin|s1a-a1-9b-s2|PENDING|0:00|90|N/A;1053|kevin|q2s1a-a1-9b-s2|PENDING|0:00|32|gres:gpu:h100:1;
2026-10-10T12:06:39Z 1051|kevin|s1a-a1-9b-s2|PENDING|0:00|90|N/A;1053|kevin|q2s1a-a1-9b-s2|PENDING|0:00|32|gres:gpu:h100:1;
2026-10-10T12:06:54Z 1051|kevin|s1a-a1-9b-s2|PENDING|0:00|90|N/A;1053|kevin|q2s1a-a1-9b-s2|PENDING|0:00|32|gres:gpu:h100:1;
2026-10-10T12:07:09Z 1051|kevin|s1a-a1-9b-s2|PENDING|0:00|90|N/A;1053|kevin|q2s1a-a1-9b-s2|PENDING|0:00|32|gres:gpu:h100:1;
2026-10-10T12:07:24Z 1051|kevin|s1a-a1-9b-s2|PENDING|0:00|90|N/A;1053|kevin|q2s1a-a1-9b-s2|PENDING|0:00|32|gres:gpu:h100:1;
2026-10-10T12:07:39Z 1051|kevin|s1a-a1-9b-s2|PENDING|0:00|90|N/A;1053|kevin|q2s1a-a1-9b-s2|PENDING|0:00|32|gres:gpu:h100:1;
2026-10-10T12:07:54Z 1051|kevin|s1a-a1-9b-s2|PENDING|0:00|90|N/A;1053|kevin|q2s1a-a1-9b-s2|PENDING|0:00|32|gres:gpu:h100:1;
2026-10-10T12:08:09Z 1051|kevin|s1a-a1-9b-s2|PENDING|0:00|90|N/A;1053|kevin|q2s1a-a1-9b-s2|PENDING|0:00|32|gres:gpu:h100:1;
2026-10-10T12:08:24Z 1051|kevin|s1a-a1-9b-s2|PENDING|0:00|90|N/A;1053|kevin|q2s1a-a1-9b-s2|PENDING|0:00|32|gres:gpu:h100:1;
2026-10-10T12:08:39Z 1051|kevin|s1a-a1-9b-s2|PENDING|0:00|90|N/A;1053|kevin|q2s1a-a1-9b-s2|PENDING|0:00|32|gres:gpu:h100:1;
2026-10-10T12:08:54Z 1051|kevin|s1a-a1-9b-s2|PENDING|0:00|90|N/A;1053|kevin|q2s1a-a1-9b-s2|PENDING|0:00|32|gres:gpu:h100:1;
2026-10-10T12:09:09Z 1051|kevin|s1a-a1-9b-s2|PENDING|0:00|90|N/A;1053|kevin|q2s1a-a1-9b-s2|PENDING|0:00|32|gres:gpu:h100:1;
2026-10-10T12:09:24Z 1051|kevin|s1a-a1-9b-s2|PENDING|0:00|90|N/A;1053|kevin|q2s1a-a1-9b-s2|PENDING|0:00|32|gres:gpu:h100:1;
2026-10-10T12:09:39Z 1051|kevin|s1a-a1-9b-s2|PENDING|0:00|90|N/A;1053|kevin|q2s1a-a1-9b-s2|PENDING|0:00|32|gres:gpu:h100:1;
2026-10-10T12:09:54Z 1051|kevin|s1a-a1-9b-s2|PENDING|0:00|90|N/A;1053|kevin|q2s1a-a1-9b-s2|PENDING|0:00|32|gres:gpu:h100:1;
2026-10-10T12:10:09Z 1051|kevin|s1a-a1-9b-s2|PENDING|0:00|90|N/A;1053|kevin|q2s1a-a1-9b-s2|PENDING|0:00|32|gres:gpu:h100:1;
2026-10-10T12:10:24Z 1051|kevin|s1a-a1-9b-s2|PENDING|0:00|90|N/A;1053|kevin|q2s1a-a1-9b-s2|PENDING|0:00|32|gres:gpu:h100:1;
2026-10-10T12:10:39Z 1051|kevin|s1a-a1-9b-s2|PENDING|0:00|90|N/A;1053|kevin|q2s1a-a1-9b-s2|PENDING|0:00|32|gres:gpu:h100:1;
2026-10-10T12:10:54Z 1051|kevin|s1a-a1-9b-s2|PENDING|0:00|90|N/A;1053|kevin|q2s1a-a1-9b-s2|PENDING|0:00|32|gres:gpu:h100:1;
2026-10-10T12:11:09Z 1051|kevin|s1a-a1-9b-s2|PENDING|0:00|90|N/A;1053|kevin|q2s1a-a1-9b-s2|PENDING|0:00|32|gres:gpu:h100:1;
2026-10-10T12:11:24Z 1051|kevin|s1a-a1-9b-s2|PENDING|0:00|90|N/A;1053|kevin|q2s1a-a1-9b-s2|PENDING|0:00|32|gres:gpu:h100:1;
2026-10-10T12:11:39Z 1051|kevin|s1a-a1-9b-s2|PENDING|0:00|90|N/A;1053|kevin|q2s1a-a1-9b-s2|PENDING|0:00|32|gres:gpu:h100:1;
2026-10-10T12:11:54Z 1051|kevin|s1a-a1-9b-s2|PENDING|0:00|90|N/A;1053|kevin|q2s1a-a1-9b-s2|PENDING|0:00|32|gres:gpu:h100:1;
2026-10-10T12:12:09Z 1051|kevin|s1a-a1-9b-s2|PENDING|0:00|90|N/A;1053|kevin|q2s1a-a1-9b-s2|PENDING|0:00|32|gres:gpu:h100:1;
2026-10-10T12:12:24Z 1051|kevin|s1a-a1-9b-s2|PENDING|0:00|90|N/A;1053|kevin|q2s1a-a1-9b-s2|PENDING|0:00|32|gres:gpu:h100:1;
2026-10-10T12:12:39Z 1051|kevin|s1a-a1-9b-s2|PENDING|0:00|90|N/A;1053|kevin|q2s1a-a1-9b-s2|PENDING|0:00|32|gres:gpu:h100:1;
2026-10-10T12:12:54Z 1051|kevin|s1a-a1-9b-s2|PENDING|0:00|90|N/A;1053|kevin|q2s1a-a1-9b-s2|PENDING|0:00|32|gres:gpu:h100:1;
2026-10-10T12:13:09Z 1051|kevin|s1a-a1-9b-s2|PENDING|0:00|90|N/A;1053|kevin|q2s1a-a1-9b-s2|PENDING|0:00|32|gres:gpu:h100:1;
2026-10-10T12:13:24Z 1051|kevin|s1a-a1-9b-s2|PENDING|0:00|90|N/A;1053|kevin|q2s1a-a1-9b-s2|PENDING|0:00|32|gres:gpu:h100:1;
2026-10-10T12:13:39Z 1051|kevin|s1a-a1-9b-s2|PENDING|0:00|90|N/A;1053|kevin|q2s1a-a1-9b-s2|PENDING|0:00|32|gres:gpu:h100:1;
2026-10-10T12:13:54Z 1051|kevin|s1a-a1-9b-s2|PENDING|0:00|90|N/A;1053|kevin|q2s1a-a1-9b-s2|PENDING|0:00|32|gres:gpu:h100:1;
2026-10-10T12:14:09Z 1051|kevin|s1a-a1-9b-s2|PENDING|0:00|90|N/A;1053|kevin|q2s1a-a1-9b-s2|PENDING|0:00|32|gres:gpu:h100:1;
2026-10-10T12:14:24Z 1051|kevin|s1a-a1-9b-s2|PENDING|0:00|90|N/A;1053|kevin|q2s1a-a1-9b-s2|PENDING|0:00|32|gres:gpu:h100:1;
2026-10-10T12:14:39Z 1051|kevin|s1a-a1-9b-s2|PENDING|0:00|90|N/A;1053|kevin|q2s1a-a1-9b-s2|PENDING|0:00|32|gres:gpu:h100:1;
2026-10-10T12:14:54Z 1051|kevin|s1a-a1-9b-s2|PENDING|0:00|90|N/A;1053|kevin|q2s1a-a1-9b-s2|PENDING|0:00|32|gres:gpu:h100:1;
2026-10-10T12:15:09Z 1051|kevin|s1a-a1-9b-s2|PENDING|0:00|90|N/A;1053|kevin|q2s1a-a1-9b-s2|PENDING|0:00|32|gres:gpu:h100:1;
2026-10-10T12:15:24Z 1051|kevin|s1a-a1-9b-s2|PENDING|0:00|90|N/A;1053|kevin|q2s1a-a1-9b-s2|PENDING|0:00|32|gres:gpu:h100:1;
2026-10-10T12:15:39Z 1051|kevin|s1a-a1-9b-s2|PENDING|0:00|90|N/A;1053|kevin|q2s1a-a1-9b-s2|PENDING|0:00|32|gres:gpu:h100:1;
2026-10-10T12:15:54Z 1051|kevin|s1a-a1-9b-s2|PENDING|0:00|90|N/A;1053|kevin|q2s1a-a1-9b-s2|PENDING|0:00|32|gres:gpu:h100:1;
2026-10-10T12:16:09Z 1051|kevin|s1a-a1-9b-s2|PENDING|0:00|90|N/A;1053|kevin|q2s1a-a1-9b-s2|PENDING|0:00|32|gres:gpu:h100:1;
2026-10-10T12:16:24Z 1051|kevin|s1a-a1-9b-s2|PENDING|0:00|90|N/A;1053|kevin|q2s1a-a1-9b-s2|PENDING|0:00|32|gres:gpu:h100:1;
2026-10-10T12:16:39Z 1051|kevin|s1a-a1-9b-s2|PENDING|0:00|90|N/A;1053|kevin|q2s1a-a1-9b-s2|PENDING|0:00|32|gres:gpu:h100:1;
2026-10-10T12:16:54Z 1051|kevin|s1a-a1-9b-s2|PENDING|0:00|90|N/A;1053|kevin|q2s1a-a1-9b-s2|PENDING|0:00|32|gres:gpu:h100:1;
2026-10-10T12:17:09Z 1051|kevin|s1a-a1-9b-s2|PENDING|0:00|90|N/A;1053|kevin|q2s1a-a1-9b-s2|PENDING|0:00|32|gres:gpu:h100:1;
2026-10-10T12:17:24Z 1051|kevin|s1a-a1-9b-s2|PENDING|0:00|90|N/A;1053|kevin|q2s1a-a1-9b-s2|PENDING|0:00|32|gres:gpu:h100:1;
2026-10-10T12:17:40Z 1051|kevin|s1a-a1-9b-s2|PENDING|0:00|90|N/A;1053|kevin|q2s1a-a1-9b-s2|PENDING|0:00|32|gres:gpu:h100:1;
2026-10-10T12:17:55Z 1051|kevin|s1a-a1-9b-s2|PENDING|0:00|90|N/A;1053|kevin|q2s1a-a1-9b-s2|PENDING|0:00|32|gres:gpu:h100:1;
2026-10-10T12:18:10Z 1051|kevin|s1a-a1-9b-s2|PENDING|0:00|90|N/A;1053|kevin|q2s1a-a1-9b-s2|PENDING|0:00|32|gres:gpu:h100:1;
2026-10-10T12:18:25Z 1051|kevin|s1a-a1-9b-s2|PENDING|0:00|90|N/A;1053|kevin|q2s1a-a1-9b-s2|PENDING|0:00|32|gres:gpu:h100:1;
2026-10-10T12:18:40Z 1051|kevin|s1a-a1-9b-s2|PENDING|0:00|90|N/A;1053|kevin|q2s1a-a1-9b-s2|PENDING|0:00|32|gres:gpu:h100:1;
2026-10-10T12:18:55Z 1051|kevin|s1a-a1-9b-s2|PENDING|0:00|90|N/A;1053|kevin|q2s1a-a1-9b-s2|PENDING|0:00|32|gres:gpu:h100:1;
2026-10-10T12:19:10Z 1051|kevin|s1a-a1-9b-s2|PENDING|0:00|90|N/A;1053|kevin|q2s1a-a1-9b-s2|PENDING|0:00|32|gres:gpu:h100:1;
2026-10-10T12:19:25Z 1051|kevin|s1a-a1-9b-s2|PENDING|0:00|90|N/A;1053|kevin|q2s1a-a1-9b-s2|PENDING|0:00|32|gres:gpu:h100:1;
2026-10-10T12:19:40Z 1051|kevin|s1a-a1-9b-s2|PENDING|0:00|90|N/A;1053|kevin|q2s1a-a1-9b-s2|PENDING|0:00|32|gres:gpu:h100:1;
2026-10-10T12:19:55Z 1051|kevin|s1a-a1-9b-s2|PENDING|0:00|90|N/A;1053|kevin|q2s1a-a1-9b-s2|PENDING|0:00|32|gres:gpu:h100:1;
2026-10-10T12:20:10Z 1051|kevin|s1a-a1-9b-s2|PENDING|0:00|90|N/A;1053|kevin|q2s1a-a1-9b-s2|PENDING|0:00|32|gres:gpu:h100:1;
2026-10-10T12:20:25Z 1051|kevin|s1a-a1-9b-s2|PENDING|0:00|90|N/A;1053|kevin|q2s1a-a1-9b-s2|PENDING|0:00|32|gres:gpu:h100:1;
2026-10-10T12:20:40Z 1051|kevin|s1a-a1-9b-s2|PENDING|0:00|90|N/A;1053|kevin|q2s1a-a1-9b-s2|PENDING|0:00|32|gres:gpu:h100:1;
2026-10-10T12:20:55Z 1051|kevin|s1a-a1-9b-s2|PENDING|0:00|90|N/A;1053|kevin|q2s1a-a1-9b-s2|PENDING|0:00|32|gres:gpu:h100:1;
2026-10-10T12:21:10Z 1051|kevin|s1a-a1-9b-s2|PENDING|0:00|90|N/A;1053|kevin|q2s1a-a1-9b-s2|PENDING|0:00|32|gres:gpu:h100:1;
2026-10-10T12:21:25Z 1051|kevin|s1a-a1-9b-s2|PENDING|0:00|90|N/A;1053|kevin|q2s1a-a1-9b-s2|PENDING|0:00|32|gres:gpu:h100:1;
2026-10-10T12:21:40Z 1051|kevin|s1a-a1-9b-s2|PENDING|0:00|90|N/A;1053|kevin|q2s1a-a1-9b-s2|PENDING|0:00|32|gres:gpu:h100:1;
2026-10-10T12:21:55Z 1051|kevin|s1a-a1-9b-s2|PENDING|0:00|90|N/A;1053|kevin|q2s1a-a1-9b-s2|PENDING|0:00|32|gres:gpu:h100:1;
2026-10-10T12:22:10Z 1051|kevin|s1a-a1-9b-s2|PENDING|0:00|90|N/A;1053|kevin|q2s1a-a1-9b-s2|PENDING|0:00|32|gres:gpu:h100:1;
2026-10-10T12:22:25Z 1051|kevin|s1a-a1-9b-s2|PENDING|0:00|90|N/A;1053|kevin|q2s1a-a1-9b-s2|PENDING|0:00|32|gres:gpu:h100:1;
2026-10-10T12:22:40Z 1051|kevin|s1a-a1-9b-s2|PENDING|0:00|90|N/A;1053|kevin|q2s1a-a1-9b-s2|PENDING|0:00|32|gres:gpu:h100:1;
2026-10-10T12:22:55Z 1051|kevin|s1a-a1-9b-s2|PENDING|0:00|90|N/A;1053|kevin|q2s1a-a1-9b-s2|PENDING|0:00|32|gres:gpu:h100:1;
2026-10-10T12:23:10Z 1051|kevin|s1a-a1-9b-s2|PENDING|0:00|90|N/A;1053|kevin|q2s1a-a1-9b-s2|PENDING|0:00|32|gres:gpu:h100:1;
2026-10-10T12:23:25Z 1051|kevin|s1a-a1-9b-s2|PENDING|0:00|90|N/A;1053|kevin|q2s1a-a1-9b-s2|PENDING|0:00|32|gres:gpu:h100:1;
2026-10-10T12:23:40Z 1051|kevin|s1a-a1-9b-s2|PENDING|0:00|90|N/A;1053|kevin|q2s1a-a1-9b-s2|PENDING|0:00|32|gres:gpu:h100:1;
2026-10-10T12:23:55Z 1051|kevin|s1a-a1-9b-s2|PENDING|0:00|90|N/A;1053|kevin|q2s1a-a1-9b-s2|PENDING|0:00|32|gres:gpu:h100:1;
2026-10-10T12:24:10Z 1051|kevin|s1a-a1-9b-s2|PENDING|0:00|90|N/A;1053|kevin|q2s1a-a1-9b-s2|PENDING|0:00|32|gres:gpu:h100:1;
2026-10-10T12:24:25Z 1051|kevin|s1a-a1-9b-s2|PENDING|0:00|90|N/A;1053|kevin|q2s1a-a1-9b-s2|PENDING|0:00|32|gres:gpu:h100:1;
2026-10-10T12:24:40Z 1051|kevin|s1a-a1-9b-s2|PENDING|0:00|90|N/A;1053|kevin|q2s1a-a1-9b-s2|PENDING|0:00|32|gres:gpu:h100:1;
2026-10-10T12:24:55Z 1051|kevin|s1a-a1-9b-s2|PENDING|0:00|90|N/A;1053|kevin|q2s1a-a1-9b-s2|PENDING|0:00|32|gres:gpu:h100:1;
2026-10-10T12:25:10Z 1051|kevin|s1a-a1-9b-s2|PENDING|0:00|90|N/A;1053|kevin|q2s1a-a1-9b-s2|PENDING|0:00|32|gres:gpu:h100:1;
2026-10-10T12:25:25Z 1051|kevin|s1a-a1-9b-s2|PENDING|0:00|90|N/A;1053|kevin|q2s1a-a1-9b-s2|PENDING|0:00|32|gres:gpu:h100:1;
2026-10-10T12:25:40Z 1051|kevin|s1a-a1-9b-s2|PENDING|0:00|90|N/A;1053|kevin|q2s1a-a1-9b-s2|PENDING|0:00|32|gres:gpu:h100:1;
2026-10-10T12:25:55Z 1051|kevin|s1a-a1-9b-s2|PENDING|0:00|90|N/A;1053|kevin|q2s1a-a1-9b-s2|PENDING|0:00|32|gres:gpu:h100:1;
2026-10-10T12:26:10Z 1051|kevin|s1a-a1-9b-s2|PENDING|0:00|90|N/A;1053|kevin|q2s1a-a1-9b-s2|PENDING|0:00|32|gres:gpu:h100:1;
2026-10-10T12:26:25Z 1051|kevin|s1a-a1-9b-s2|PENDING|0:00|90|N/A;1053|kevin|q2s1a-a1-9b-s2|PENDING|0:00|32|gres:gpu:h100:1;
2026-10-10T12:26:40Z 1051|kevin|s1a-a1-9b-s2|PENDING|0:00|90|N/A;1053|kevin|q2s1a-a1-9b-s2|PENDING|0:00|32|gres:gpu:h100:1;
2026-10-10T12:26:55Z 1051|kevin|s1a-a1-9b-s2|PENDING|0:00|90|N/A;1053|kevin|q2s1a-a1-9b-s2|PENDING|0:00|32|gres:gpu:h100:1;
2026-10-10T12:27:10Z 1051|kevin|s1a-a1-9b-s2|PENDING|0:00|90|N/A;1053|kevin|q2s1a-a1-9b-s2|PENDING|0:00|32|gres:gpu:h100:1;
2026-10-10T12:27:25Z 1051|kevin|s1a-a1-9b-s2|PENDING|0:00|90|N/A;1053|kevin|q2s1a-a1-9b-s2|PENDING|0:00|32|gres:gpu:h100:1;
2026-10-10T12:27:40Z 1051|kevin|s1a-a1-9b-s2|PENDING|0:00|90|N/A;1053|kevin|q2s1a-a1-9b-s2|PENDING|0:00|32|gres:gpu:h100:1;
2026-10-10T12:27:55Z 1051|kevin|s1a-a1-9b-s2|PENDING|0:00|90|N/A;1053|kevin|q2s1a-a1-9b-s2|PENDING|0:00|32|gres:gpu:h100:1;
2026-10-10T12:28:10Z 1051|kevin|s1a-a1-9b-s2|PENDING|0:00|90|N/A;1053|kevin|q2s1a-a1-9b-s2|PENDING|0:00|32|gres:gpu:h100:1;
2026-10-10T12:28:25Z 1051|kevin|s1a-a1-9b-s2|PENDING|0:00|90|N/A;1053|kevin|q2s1a-a1-9b-s2|PENDING|0:00|32|gres:gpu:h100:1;
2026-10-10T12:28:40Z 1051|kevin|s1a-a1-9b-s2|PENDING|0:00|90|N/A;1053|kevin|q2s1a-a1-9b-s2|PENDING|0:00|32|gres:gpu:h100:1;
2026-10-10T12:28:55Z 1051|kevin|s1a-a1-9b-s2|PENDING|0:00|90|N/A;1053|kevin|q2s1a-a1-9b-s2|PENDING|0:00|32|gres:gpu:h100:1;
2026-10-10T12:29:10Z 1051|kevin|s1a-a1-9b-s2|PENDING|0:00|90|N/A;1053|kevin|q2s1a-a1-9b-s2|PENDING|0:00|32|gres:gpu:h100:1;
2026-10-10T12:29:25Z 1051|kevin|s1a-a1-9b-s2|PENDING|0:00|90|N/A;1053|kevin|q2s1a-a1-9b-s2|PENDING|0:00|32|gres:gpu:h100:1;
2026-10-10T12:29:40Z 1051|kevin|s1a-a1-9b-s2|PENDING|0:00|90|N/A;1053|kevin|q2s1a-a1-9b-s2|PENDING|0:00|32|gres:gpu:h100:1;
2026-10-10T12:29:56Z 1051|kevin|s1a-a1-9b-s2|PENDING|0:00|90|N/A;1053|kevin|q2s1a-a1-9b-s2|PENDING|0:00|32|gres:gpu:h100:1;
2026-10-10T12:30:11Z 1051|kevin|s1a-a1-9b-s2|PENDING|0:00|90|N/A;1053|kevin|q2s1a-a1-9b-s2|PENDING|0:00|32|gres:gpu:h100:1;
2026-10-10T12:30:26Z 1051|kevin|s1a-a1-9b-s2|PENDING|0:00|90|N/A;1053|kevin|q2s1a-a1-9b-s2|PENDING|0:00|32|gres:gpu:h100:1;
2026-10-10T12:30:41Z 1051|kevin|s1a-a1-9b-s2|PENDING|0:00|90|N/A;1053|kevin|q2s1a-a1-9b-s2|PENDING|0:00|32|gres:gpu:h100:1;
2026-10-10T12:30:56Z 1051|kevin|s1a-a1-9b-s2|PENDING|0:00|90|N/A;1053|kevin|q2s1a-a1-9b-s2|PENDING|0:00|32|gres:gpu:h100:1;
2026-10-10T12:31:11Z 1051|kevin|s1a-a1-9b-s2|PENDING|0:00|90|N/A;1053|kevin|q2s1a-a1-9b-s2|PENDING|0:00|32|gres:gpu:h100:1;
2026-10-10T12:31:26Z 1051|kevin|s1a-a1-9b-s2|PENDING|0:00|90|N/A;1053|kevin|q2s1a-a1-9b-s2|PENDING|0:00|32|gres:gpu:h100:1;
2026-10-10T12:31:41Z 1051|kevin|s1a-a1-9b-s2|PENDING|0:00|90|N/A;1053|kevin|q2s1a-a1-9b-s2|PENDING|0:00|32|gres:gpu:h100:1;
2026-10-10T12:31:56Z 1051|kevin|s1a-a1-9b-s2|PENDING|0:00|90|N/A;1053|kevin|q2s1a-a1-9b-s2|PENDING|0:00|32|gres:gpu:h100:1;
2026-10-10T12:32:11Z 1051|kevin|s1a-a1-9b-s2|PENDING|0:00|90|N/A;1053|kevin|q2s1a-a1-9b-s2|PENDING|0:00|32|gres:gpu:h100:1;
2026-10-10T12:32:26Z 1051|kevin|s1a-a1-9b-s2|PENDING|0:00|90|N/A;1053|kevin|q2s1a-a1-9b-s2|PENDING|0:00|32|gres:gpu:h100:1;
2026-10-10T12:32:41Z 1051|kevin|s1a-a1-9b-s2|PENDING|0:00|90|N/A;1053|kevin|q2s1a-a1-9b-s2|PENDING|0:00|32|gres:gpu:h100:1;
2026-10-10T12:32:56Z 1051|kevin|s1a-a1-9b-s2|PENDING|0:00|90|N/A;1053|kevin|q2s1a-a1-9b-s2|PENDING|0:00|32|gres:gpu:h100:1;
2026-10-10T12:33:11Z 1051|kevin|s1a-a1-9b-s2|PENDING|0:00|90|N/A;1053|kevin|q2s1a-a1-9b-s2|PENDING|0:00|32|gres:gpu:h100:1;
2026-10-10T12:33:26Z 1051|kevin|s1a-a1-9b-s2|PENDING|0:00|90|N/A;1053|kevin|q2s1a-a1-9b-s2|PENDING|0:00|32|gres:gpu:h100:1;
2026-10-10T12:33:41Z 1051|kevin|s1a-a1-9b-s2|PENDING|0:00|90|N/A;1053|kevin|q2s1a-a1-9b-s2|PENDING|0:00|32|gres:gpu:h100:1;
2026-10-10T12:33:56Z 1051|kevin|s1a-a1-9b-s2|PENDING|0:00|90|N/A;1053|kevin|q2s1a-a1-9b-s2|PENDING|0:00|32|gres:gpu:h100:1;
2026-10-10T12:34:11Z 1051|kevin|s1a-a1-9b-s2|PENDING|0:00|90|N/A;1053|kevin|q2s1a-a1-9b-s2|PENDING|0:00|32|gres:gpu:h100:1;
2026-10-10T12:34:26Z 1051|kevin|s1a-a1-9b-s2|PENDING|0:00|90|N/A;1053|kevin|q2s1a-a1-9b-s2|PENDING|0:00|32|gres:gpu:h100:1;
2026-10-10T12:34:41Z 1051|kevin|s1a-a1-9b-s2|PENDING|0:00|90|N/A;1053|kevin|q2s1a-a1-9b-s2|PENDING|0:00|32|gres:gpu:h100:1;
2026-10-10T12:34:56Z 1051|kevin|s1a-a1-9b-s2|PENDING|0:00|90|N/A;1053|kevin|q2s1a-a1-9b-s2|PENDING|0:00|32|gres:gpu:h100:1;
2026-10-10T12:35:11Z 1051|kevin|s1a-a1-9b-s2|PENDING|0:00|90|N/A;1053|kevin|q2s1a-a1-9b-s2|PENDING|0:00|32|gres:gpu:h100:1;
2026-10-10T12:35:26Z 1051|kevin|s1a-a1-9b-s2|PENDING|0:00|90|N/A;1053|kevin|q2s1a-a1-9b-s2|PENDING|0:00|32|gres:gpu:h100:1;
2026-10-10T12:35:41Z 1051|kevin|s1a-a1-9b-s2|PENDING|0:00|90|N/A;1053|kevin|q2s1a-a1-9b-s2|PENDING|0:00|32|gres:gpu:h100:1;
2026-10-10T12:35:56Z 1051|kevin|s1a-a1-9b-s2|PENDING|0:00|90|N/A;1053|kevin|q2s1a-a1-9b-s2|PENDING|0:00|32|gres:gpu:h100:1;
2026-10-10T12:36:11Z 1051|kevin|s1a-a1-9b-s2|PENDING|0:00|90|N/A;1053|kevin|q2s1a-a1-9b-s2|PENDING|0:00|32|gres:gpu:h100:1;
2026-10-10T12:36:26Z 1051|kevin|s1a-a1-9b-s2|PENDING|0:00|90|N/A;1053|kevin|q2s1a-a1-9b-s2|PENDING|0:00|32|gres:gpu:h100:1;
2026-10-10T12:36:41Z 1051|kevin|s1a-a1-9b-s2|PENDING|0:00|90|N/A;1053|kevin|q2s1a-a1-9b-s2|PENDING|0:00|32|gres:gpu:h100:1;
2026-10-10T12:36:56Z 1051|kevin|s1a-a1-9b-s2|PENDING|0:00|90|N/A;1053|kevin|q2s1a-a1-9b-s2|PENDING|0:00|32|gres:gpu:h100:1;
2026-10-10T12:37:11Z 1051|kevin|s1a-a1-9b-s2|PENDING|0:00|90|N/A;1053|kevin|q2s1a-a1-9b-s2|PENDING|0:00|32|gres:gpu:h100:1;
2026-10-10T12:37:26Z 1051|kevin|s1a-a1-9b-s2|PENDING|0:00|90|N/A;1053|kevin|q2s1a-a1-9b-s2|PENDING|0:00|32|gres:gpu:h100:1;
2026-10-10T12:37:41Z 1051|kevin|s1a-a1-9b-s2|PENDING|0:00|90|N/A;1053|kevin|q2s1a-a1-9b-s2|PENDING|0:00|32|gres:gpu:h100:1;
2026-10-10T12:37:56Z 1051|kevin|s1a-a1-9b-s2|PENDING|0:00|90|N/A;1053|kevin|q2s1a-a1-9b-s2|PENDING|0:00|32|gres:gpu:h100:1;
2026-10-10T12:38:11Z 1051|kevin|s1a-a1-9b-s2|PENDING|0:00|90|N/A;1053|kevin|q2s1a-a1-9b-s2|PENDING|0:00|32|gres:gpu:h100:1;
2026-10-10T12:38:26Z 1051|kevin|s1a-a1-9b-s2|PENDING|0:00|90|N/A;1053|kevin|q2s1a-a1-9b-s2|PENDING|0:00|32|gres:gpu:h100:1;
2026-10-10T12:38:41Z 1051|kevin|s1a-a1-9b-s2|PENDING|0:00|90|N/A;1053|kevin|q2s1a-a1-9b-s2|PENDING|0:00|32|gres:gpu:h100:1;
2026-10-10T12:38:56Z 1051|kevin|s1a-a1-9b-s2|PENDING|0:00|90|N/A;1053|kevin|q2s1a-a1-9b-s2|PENDING|0:00|32|gres:gpu:h100:1;
2026-10-10T12:39:11Z 1051|kevin|s1a-a1-9b-s2|PENDING|0:00|90|N/A;1053|kevin|q2s1a-a1-9b-s2|PENDING|0:00|32|gres:gpu:h100:1;
2026-10-10T12:39:26Z 1051|kevin|s1a-a1-9b-s2|PENDING|0:00|90|N/A;1053|kevin|q2s1a-a1-9b-s2|PENDING|0:00|32|gres:gpu:h100:1;
2026-10-10T12:39:41Z 1051|kevin|s1a-a1-9b-s2|PENDING|0:00|90|N/A;1053|kevin|q2s1a-a1-9b-s2|PENDING|0:00|32|gres:gpu:h100:1;
2026-10-10T12:39:56Z 1051|kevin|s1a-a1-9b-s2|PENDING|0:00|90|N/A;1053|kevin|q2s1a-a1-9b-s2|PENDING|0:00|32|gres:gpu:h100:1;
2026-10-10T12:40:11Z 1051|kevin|s1a-a1-9b-s2|PENDING|0:00|90|N/A;1053|kevin|q2s1a-a1-9b-s2|PENDING|0:00|32|gres:gpu:h100:1;
2026-10-10T12:40:26Z 1051|kevin|s1a-a1-9b-s2|PENDING|0:00|90|N/A;1053|kevin|q2s1a-a1-9b-s2|PENDING|0:00|32|gres:gpu:h100:1;
2026-10-10T12:40:41Z 1051|kevin|s1a-a1-9b-s2|PENDING|0:00|90|N/A;1053|kevin|q2s1a-a1-9b-s2|PENDING|0:00|32|gres:gpu:h100:1;
2026-10-10T12:40:56Z 1051|kevin|s1a-a1-9b-s2|PENDING|0:00|90|N/A;1053|kevin|q2s1a-a1-9b-s2|PENDING|0:00|32|gres:gpu:h100:1;
2026-10-10T12:41:11Z 1051|kevin|s1a-a1-9b-s2|PENDING|0:00|90|N/A;1053|kevin|q2s1a-a1-9b-s2|PENDING|0:00|32|gres:gpu:h100:1;
2026-10-10T12:41:26Z 1051|kevin|s1a-a1-9b-s2|PENDING|0:00|90|N/A;1053|kevin|q2s1a-a1-9b-s2|PENDING|0:00|32|gres:gpu:h100:1;
2026-10-10T12:41:41Z 1051|kevin|s1a-a1-9b-s2|PENDING|0:00|90|N/A;1053|kevin|q2s1a-a1-9b-s2|PENDING|0:00|32|gres:gpu:h100:1;
2026-10-10T12:41:56Z 1051|kevin|s1a-a1-9b-s2|PENDING|0:00|90|N/A;1053|kevin|q2s1a-a1-9b-s2|PENDING|0:00|32|gres:gpu:h100:1;
2026-10-10T12:42:12Z 1051|kevin|s1a-a1-9b-s2|PENDING|0:00|90|N/A;1053|kevin|q2s1a-a1-9b-s2|PENDING|0:00|32|gres:gpu:h100:1;
2026-10-10T12:42:27Z 1051|kevin|s1a-a1-9b-s2|PENDING|0:00|90|N/A;1053|kevin|q2s1a-a1-9b-s2|PENDING|0:00|32|gres:gpu:h100:1;
2026-10-10T12:42:42Z 1051|kevin|s1a-a1-9b-s2|PENDING|0:00|90|N/A;1053|kevin|q2s1a-a1-9b-s2|PENDING|0:00|32|gres:gpu:h100:1;
2026-10-10T12:42:57Z 1051|kevin|s1a-a1-9b-s2|PENDING|0:00|90|N/A;1053|kevin|q2s1a-a1-9b-s2|PENDING|0:00|32|gres:gpu:h100:1;
2026-10-10T12:43:12Z 1051|kevin|s1a-a1-9b-s2|PENDING|0:00|90|N/A;1053|kevin|q2s1a-a1-9b-s2|PENDING|0:00|32|gres:gpu:h100:1;
2026-10-10T12:43:27Z 1051|kevin|s1a-a1-9b-s2|PENDING|0:00|90|N/A;1053|kevin|q2s1a-a1-9b-s2|PENDING|0:00|32|gres:gpu:h100:1;
2026-10-10T12:43:42Z 1051|kevin|s1a-a1-9b-s2|PENDING|0:00|90|N/A;1053|kevin|q2s1a-a1-9b-s2|PENDING|0:00|32|gres:gpu:h100:1;
2026-10-10T12:43:57Z 1051|kevin|s1a-a1-9b-s2|PENDING|0:00|90|N/A;1053|kevin|q2s1a-a1-9b-s2|PENDING|0:00|32|gres:gpu:h100:1;
2026-10-10T12:44:12Z 1051|kevin|s1a-a1-9b-s2|PENDING|0:00|90|N/A;1053|kevin|q2s1a-a1-9b-s2|PENDING|0:00|32|gres:gpu:h100:1;
2026-10-10T12:44:27Z 1051|kevin|s1a-a1-9b-s2|PENDING|0:00|90|N/A;1053|kevin|q2s1a-a1-9b-s2|PENDING|0:00|32|gres:gpu:h100:1;
2026-10-10T12:44:42Z 1051|kevin|s1a-a1-9b-s2|PENDING|0:00|90|N/A;1053|kevin|q2s1a-a1-9b-s2|PENDING|0:00|32|gres:gpu:h100:1;
2026-10-10T12:44:57Z 1051|kevin|s1a-a1-9b-s2|PENDING|0:00|90|N/A;1053|kevin|q2s1a-a1-9b-s2|PENDING|0:00|32|gres:gpu:h100:1;
2026-10-10T12:45:12Z 1051|kevin|s1a-a1-9b-s2|PENDING|0:00|90|N/A;1053|kevin|q2s1a-a1-9b-s2|PENDING|0:00|32|gres:gpu:h100:1;
2026-10-10T12:45:27Z 1051|kevin|s1a-a1-9b-s2|PENDING|0:00|90|N/A;1053|kevin|q2s1a-a1-9b-s2|PENDING|0:00|32|gres:gpu:h100:1;
2026-10-10T12:45:42Z 1051|kevin|s1a-a1-9b-s2|PENDING|0:00|90|N/A;1053|kevin|q2s1a-a1-9b-s2|PENDING|0:00|32|gres:gpu:h100:1;
2026-10-10T12:45:57Z 1051|kevin|s1a-a1-9b-s2|PENDING|0:00|90|N/A;1053|kevin|q2s1a-a1-9b-s2|PENDING|0:00|32|gres:gpu:h100:1;
2026-10-10T12:46:12Z 1051|kevin|s1a-a1-9b-s2|PENDING|0:00|90|N/A;1053|kevin|q2s1a-a1-9b-s2|PENDING|0:00|32|gres:gpu:h100:1;
2026-10-10T12:46:27Z 1051|kevin|s1a-a1-9b-s2|PENDING|0:00|90|N/A;1053|kevin|q2s1a-a1-9b-s2|PENDING|0:00|32|gres:gpu:h100:1;
2026-10-10T12:46:42Z 1051|kevin|s1a-a1-9b-s2|PENDING|0:00|90|N/A;1053|kevin|q2s1a-a1-9b-s2|PENDING|0:00|32|gres:gpu:h100:1;
2026-10-10T12:46:57Z 1051|kevin|s1a-a1-9b-s2|PENDING|0:00|90|N/A;1053|kevin|q2s1a-a1-9b-s2|PENDING|0:00|32|gres:gpu:h100:1;
2026-10-10T12:47:12Z 1051|kevin|s1a-a1-9b-s2|PENDING|0:00|90|N/A;1053|kevin|q2s1a-a1-9b-s2|PENDING|0:00|32|gres:gpu:h100:1;
2026-10-10T12:47:27Z 1051|kevin|s1a-a1-9b-s2|PENDING|0:00|90|N/A;1053|kevin|q2s1a-a1-9b-s2|PENDING|0:00|32|gres:gpu:h100:1;
2026-10-10T12:47:42Z 1051|kevin|s1a-a1-9b-s2|PENDING|0:00|90|N/A;1053|kevin|q2s1a-a1-9b-s2|PENDING|0:00|32|gres:gpu:h100:1;
2026-10-10T12:47:57Z 1051|kevin|s1a-a1-9b-s2|PENDING|0:00|90|N/A;1053|kevin|q2s1a-a1-9b-s2|PENDING|0:00|32|gres:gpu:h100:1;
2026-10-10T12:48:12Z 1051|kevin|s1a-a1-9b-s2|PENDING|0:00|90|N/A;1053|kevin|q2s1a-a1-9b-s2|PENDING|0:00|32|gres:gpu:h100:1;
2026-10-10T12:48:27Z 1051|kevin|s1a-a1-9b-s2|PENDING|0:00|90|N/A;1053|kevin|q2s1a-a1-9b-s2|PENDING|0:00|32|gres:gpu:h100:1;
2026-10-10T12:48:42Z 1051|kevin|s1a-a1-9b-s2|PENDING|0:00|90|N/A;1053|kevin|q2s1a-a1-9b-s2|PENDING|0:00|32|gres:gpu:h100:1;
2026-10-10T12:48:57Z 1051|kevin|s1a-a1-9b-s2|PENDING|0:00|90|N/A;1053|kevin|q2s1a-a1-9b-s2|PENDING|0:00|32|gres:gpu:h100:1;
2026-10-10T12:49:12Z 1051|kevin|s1a-a1-9b-s2|PENDING|0:00|90|N/A;1053|kevin|q2s1a-a1-9b-s2|PENDING|0:00|32|gres:gpu:h100:1;
2026-10-10T12:49:27Z 1051|kevin|s1a-a1-9b-s2|PENDING|0:00|90|N/A;1053|kevin|q2s1a-a1-9b-s2|PENDING|0:00|32|gres:gpu:h100:1;
2026-10-10T12:49:42Z 1051|kevin|s1a-a1-9b-s2|PENDING|0:00|90|N/A;1053|kevin|q2s1a-a1-9b-s2|PENDING|0:00|32|gres:gpu:h100:1;
2026-10-10T12:49:57Z 1051|kevin|s1a-a1-9b-s2|PENDING|0:00|90|N/A;1053|kevin|q2s1a-a1-9b-s2|PENDING|0:00|32|gres:gpu:h100:1;
2026-10-10T12:50:12Z 1051|kevin|s1a-a1-9b-s2|PENDING|0:00|90|N/A;1053|kevin|q2s1a-a1-9b-s2|PENDING|0:00|32|gres:gpu:h100:1;
2026-10-10T12:50:27Z 1051|kevin|s1a-a1-9b-s2|RUNNING|0:08|90|N/A;1053|kevin|q2s1a-a1-9b-s2|RUNNING|0:02|32|gres:gpu:h100:1;
2026-10-10T12:50:42Z 1051|kevin|s1a-a1-9b-s2|RUNNING|0:23|90|N/A;1053|kevin|q2s1a-a1-9b-s2|RUNNING|0:17|32|gres:gpu:h100:1;
2026-10-10T12:50:57Z 1051|kevin|s1a-a1-9b-s2|RUNNING|0:38|90|N/A;1053|kevin|q2s1a-a1-9b-s2|RUNNING|0:32|32|gres:gpu:h100:1;
2026-10-10T12:51:12Z 1051|kevin|s1a-a1-9b-s2|RUNNING|0:53|90|N/A;1053|kevin|q2s1a-a1-9b-s2|RUNNING|0:47|32|gres:gpu:h100:1;
2026-10-10T12:51:27Z 1051|kevin|s1a-a1-9b-s2|RUNNING|1:08|90|N/A;1053|kevin|q2s1a-a1-9b-s2|RUNNING|1:02|32|gres:gpu:h100:1;
2026-10-10T12:51:42Z 1051|kevin|s1a-a1-9b-s2|RUNNING|1:23|90|N/A;1053|kevin|q2s1a-a1-9b-s2|RUNNING|1:17|32|gres:gpu:h100:1;
2026-10-10T12:51:57Z 1051|kevin|s1a-a1-9b-s2|RUNNING|1:38|90|N/A;1053|kevin|q2s1a-a1-9b-s2|RUNNING|1:32|32|gres:gpu:h100:1;
2026-10-10T12:52:12Z 1051|kevin|s1a-a1-9b-s2|RUNNING|1:53|90|N/A;1053|kevin|q2s1a-a1-9b-s2|RUNNING|1:47|32|gres:gpu:h100:1;
2026-10-10T12:52:27Z 1051|kevin|s1a-a1-9b-s2|RUNNING|2:08|90|N/A;1053|kevin|q2s1a-a1-9b-s2|RUNNING|2:02|32|gres:gpu:h100:1;
2026-10-10T12:52:42Z 1051|kevin|s1a-a1-9b-s2|RUNNING|2:23|90|N/A;1053|kevin|q2s1a-a1-9b-s2|RUNNING|2:17|32|gres:gpu:h100:1;
2026-10-10T12:52:57Z 1051|kevin|s1a-a1-9b-s2|RUNNING|2:38|90|N/A;1053|kevin|q2s1a-a1-9b-s2|RUNNING|2:32|32|gres:gpu:h100:1;
2026-10-10T12:53:12Z 1051|kevin|s1a-a1-9b-s2|RUNNING|2:53|90|N/A;1053|kevin|q2s1a-a1-9b-s2|RUNNING|2:47|32|gres:gpu:h100:1;
2026-10-10T12:53:27Z 1051|kevin|s1a-a1-9b-s2|RUNNING|3:08|90|N/A;1053|kevin|q2s1a-a1-9b-s2|RUNNING|3:02|32|gres:gpu:h100:1;
2026-10-10T12:53:42Z 1051|kevin|s1a-a1-9b-s2|RUNNING|3:23|90|N/A;1053|kevin|q2s1a-a1-9b-s2|RUNNING|3:17|32|gres:gpu:h100:1;
2026-10-10T12:53:58Z 1051|kevin|s1a-a1-9b-s2|RUNNING|3:39|90|N/A;1053|kevin|q2s1a-a1-9b-s2|RUNNING|3:33|32|gres:gpu:h100:1;
2026-10-10T12:54:13Z 1051|kevin|s1a-a1-9b-s2|RUNNING|3:54|90|N/A;1053|kevin|q2s1a-a1-9b-s2|RUNNING|3:48|32|gres:gpu:h100:1;
2026-10-10T12:54:28Z 1051|kevin|s1a-a1-9b-s2|RUNNING|4:09|90|N/A;1053|kevin|q2s1a-a1-9b-s2|RUNNING|4:03|32|gres:gpu:h100:1;
2026-10-10T12:54:43Z 1051|kevin|s1a-a1-9b-s2|RUNNING|4:24|90|N/A;1053|kevin|q2s1a-a1-9b-s2|RUNNING|4:18|32|gres:gpu:h100:1;
2026-10-10T12:54:58Z 1051|kevin|s1a-a1-9b-s2|RUNNING|4:39|90|N/A;1053|kevin|q2s1a-a1-9b-s2|RUNNING|4:33|32|gres:gpu:h100:1;
2026-10-10T12:55:13Z 1051|kevin|s1a-a1-9b-s2|RUNNING|4:54|90|N/A;1053|kevin|q2s1a-a1-9b-s2|RUNNING|4:48|32|gres:gpu:h100:1;
2026-10-10T12:55:28Z 1051|kevin|s1a-a1-9b-s2|RUNNING|5:09|90|N/A;1053|kevin|q2s1a-a1-9b-s2|RUNNING|5:03|32|gres:gpu:h100:1;
2026-10-10T12:55:43Z 1051|kevin|s1a-a1-9b-s2|RUNNING|5:24|90|N/A;1053|kevin|q2s1a-a1-9b-s2|RUNNING|5:18|32|gres:gpu:h100:1;
2026-10-10T12:55:58Z 1051|kevin|s1a-a1-9b-s2|RUNNING|5:39|90|N/A;1053|kevin|q2s1a-a1-9b-s2|RUNNING|5:33|32|gres:gpu:h100:1;
2026-10-10T12:56:13Z 1051|kevin|s1a-a1-9b-s2|RUNNING|5:54|90|N/A;1053|kevin|q2s1a-a1-9b-s2|RUNNING|5:48|32|gres:gpu:h100:1;
2026-10-10T12:56:28Z 1051|kevin|s1a-a1-9b-s2|RUNNING|6:09|90|N/A;1053|kevin|q2s1a-a1-9b-s2|RUNNING|6:03|32|gres:gpu:h100:1;
2026-10-10T12:56:43Z 1051|kevin|s1a-a1-9b-s2|RUNNING|6:24|90|N/A;1053|kevin|q2s1a-a1-9b-s2|RUNNING|6:18|32|gres:gpu:h100:1;
2026-10-10T12:56:58Z 1051|kevin|s1a-a1-9b-s2|RUNNING|6:39|90|N/A;1053|kevin|q2s1a-a1-9b-s2|RUNNING|6:33|32|gres:gpu:h100:1;
2026-10-10T12:57:13Z 1051|kevin|s1a-a1-9b-s2|RUNNING|6:54|90|N/A;1053|kevin|q2s1a-a1-9b-s2|RUNNING|6:48|32|gres:gpu:h100:1;
2026-10-10T12:57:28Z 1051|kevin|s1a-a1-9b-s2|RUNNING|7:09|90|N/A;1053|kevin|q2s1a-a1-9b-s2|RUNNING|7:03|32|gres:gpu:h100:1;
2026-10-10T12:57:43Z 1051|kevin|s1a-a1-9b-s2|RUNNING|7:24|90|N/A;1053|kevin|q2s1a-a1-9b-s2|RUNNING|7:18|32|gres:gpu:h100:1;
2026-10-10T12:57:58Z 1051|kevin|s1a-a1-9b-s2|RUNNING|7:39|90|N/A;1053|kevin|q2s1a-a1-9b-s2|RUNNING|7:33|32|gres:gpu:h100:1;
2026-10-10T12:58:13Z 1051|kevin|s1a-a1-9b-s2|RUNNING|7:54|90|N/A;1053|kevin|q2s1a-a1-9b-s2|RUNNING|7:48|32|gres:gpu:h100:1;
2026-10-10T12:58:28Z 1051|kevin|s1a-a1-9b-s2|RUNNING|8:09|90|N/A;1053|kevin|q2s1a-a1-9b-s2|RUNNING|8:03|32|gres:gpu:h100:1;
2026-10-10T12:58:43Z 1051|kevin|s1a-a1-9b-s2|RUNNING|8:24|90|N/A;1053|kevin|q2s1a-a1-9b-s2|RUNNING|8:18|32|gres:gpu:h100:1;
2026-10-10T12:58:58Z 1051|kevin|s1a-a1-9b-s2|RUNNING|8:39|90|N/A;1053|kevin|q2s1a-a1-9b-s2|RUNNING|8:33|32|gres:gpu:h100:1;
2026-10-10T12:59:13Z 1051|kevin|s1a-a1-9b-s2|RUNNING|8:54|90|N/A;1053|kevin|q2s1a-a1-9b-s2|RUNNING|8:48|32|gres:gpu:h100:1;
2026-10-10T12:59:28Z 1051|kevin|s1a-a1-9b-s2|RUNNING|9:09|90|N/A;1053|kevin|q2s1a-a1-9b-s2|RUNNING|9:03|32|gres:gpu:h100:1;
2026-10-10T12:59:43Z 1051|kevin|s1a-a1-9b-s2|RUNNING|9:24|90|N/A;1053|kevin|q2s1a-a1-9b-s2|RUNNING|9:18|32|gres:gpu:h100:1;
2026-10-10T12:59:58Z 1051|kevin|s1a-a1-9b-s2|RUNNING|9:39|90|N/A;1053|kevin|q2s1a-a1-9b-s2|RUNNING|9:33|32|gres:gpu:h100:1;
2026-10-10T13:00:13Z 1051|kevin|s1a-a1-9b-s2|RUNNING|9:54|90|N/A;1053|kevin|q2s1a-a1-9b-s2|RUNNING|9:48|32|gres:gpu:h100:1;
2026-10-10T13:00:28Z 1051|kevin|s1a-a1-9b-s2|RUNNING|10:09|90|N/A;1053|kevin|q2s1a-a1-9b-s2|RUNNING|10:03|32|gres:gpu:h100:1;
2026-10-10T13:00:43Z 1051|kevin|s1a-a1-9b-s2|RUNNING|10:24|90|N/A;1053|kevin|q2s1a-a1-9b-s2|RUNNING|10:18|32|gres:gpu:h100:1;
2026-10-10T13:00:58Z 1051|kevin|s1a-a1-9b-s2|RUNNING|10:39|90|N/A;1053|kevin|q2s1a-a1-9b-s2|RUNNING|10:33|32|gres:gpu:h100:1;
2026-10-10T13:01:13Z 1051|kevin|s1a-a1-9b-s2|RUNNING|10:54|90|N/A;1053|kevin|q2s1a-a1-9b-s2|RUNNING|10:48|32|gres:gpu:h100:1;
2026-10-10T13:01:28Z 1051|kevin|s1a-a1-9b-s2|RUNNING|11:09|90|N/A;1053|kevin|q2s1a-a1-9b-s2|RUNNING|11:03|32|gres:gpu:h100:1;
2026-10-10T13:01:43Z 1051|kevin|s1a-a1-9b-s2|RUNNING|11:24|90|N/A;1053|kevin|q2s1a-a1-9b-s2|RUNNING|11:18|32|gres:gpu:h100:1;
2026-10-10T13:01:58Z 1051|kevin|s1a-a1-9b-s2|RUNNING|11:39|90|N/A;1053|kevin|q2s1a-a1-9b-s2|RUNNING|11:33|32|gres:gpu:h100:1;
2026-10-10T13:02:13Z 1051|kevin|s1a-a1-9b-s2|RUNNING|11:54|90|N/A;1053|kevin|q2s1a-a1-9b-s2|RUNNING|11:48|32|gres:gpu:h100:1;
2026-10-10T13:02:28Z 1051|kevin|s1a-a1-9b-s2|RUNNING|12:09|90|N/A;1053|kevin|q2s1a-a1-9b-s2|RUNNING|12:03|32|gres:gpu:h100:1;
2026-10-10T13:02:43Z 1051|kevin|s1a-a1-9b-s2|RUNNING|12:24|90|N/A;1053|kevin|q2s1a-a1-9b-s2|RUNNING|12:18|32|gres:gpu:h100:1;
2026-10-10T13:02:58Z 1051|kevin|s1a-a1-9b-s2|RUNNING|12:39|90|N/A;1053|kevin|q2s1a-a1-9b-s2|RUNNING|12:33|32|gres:gpu:h100:1;
2026-10-10T13:03:13Z 1051|kevin|s1a-a1-9b-s2|RUNNING|12:54|90|N/A;1053|kevin|q2s1a-a1-9b-s2|RUNNING|12:48|32|gres:gpu:h100:1;
2026-10-10T13:03:28Z 1051|kevin|s1a-a1-9b-s2|RUNNING|13:09|90|N/A;1053|kevin|q2s1a-a1-9b-s2|RUNNING|13:03|32|gres:gpu:h100:1;
2026-10-10T13:03:43Z 1051|kevin|s1a-a1-9b-s2|RUNNING|13:24|90|N/A;1053|kevin|q2s1a-a1-9b-s2|RUNNING|13:18|32|gres:gpu:h100:1;
2026-10-10T13:03:58Z 1051|kevin|s1a-a1-9b-s2|RUNNING|13:39|90|N/A;1053|kevin|q2s1a-a1-9b-s2|RUNNING|13:33|32|gres:gpu:h100:1;
2026-10-10T13:04:13Z 1051|kevin|s1a-a1-9b-s2|RUNNING|13:54|90|N/A;1053|kevin|q2s1a-a1-9b-s2|RUNNING|13:48|32|gres:gpu:h100:1;
2026-10-10T13:04:28Z 1051|kevin|s1a-a1-9b-s2|RUNNING|14:09|90|N/A;1053|kevin|q2s1a-a1-9b-s2|RUNNING|14:03|32|gres:gpu:h100:1;
2026-10-10T13:04:43Z 1051|kevin|s1a-a1-9b-s2|RUNNING|14:24|90|N/A;1053|kevin|q2s1a-a1-9b-s2|RUNNING|14:18|32|gres:gpu:h100:1;
2026-10-10T13:04:58Z 1051|kevin|s1a-a1-9b-s2|RUNNING|14:39|90|N/A;1053|kevin|q2s1a-a1-9b-s2|RUNNING|14:33|32|gres:gpu:h100:1;
2026-10-10T13:05:14Z 1051|kevin|s1a-a1-9b-s2|RUNNING|14:55|90|N/A;1053|kevin|q2s1a-a1-9b-s2|RUNNING|14:49|32|gres:gpu:h100:1;
2026-10-10T13:05:29Z 1051|kevin|s1a-a1-9b-s2|RUNNING|15:10|90|N/A;1053|kevin|q2s1a-a1-9b-s2|RUNNING|15:04|32|gres:gpu:h100:1;
2026-10-10T13:05:44Z 1051|kevin|s1a-a1-9b-s2|RUNNING|15:25|90|N/A;1053|kevin|q2s1a-a1-9b-s2|RUNNING|15:19|32|gres:gpu:h100:1;
2026-10-10T13:05:59Z 1051|kevin|s1a-a1-9b-s2|RUNNING|15:40|90|N/A;1053|kevin|q2s1a-a1-9b-s2|RUNNING|15:34|32|gres:gpu:h100:1;
2026-10-10T13:06:14Z 1051|kevin|s1a-a1-9b-s2|RUNNING|15:55|90|N/A;1053|kevin|q2s1a-a1-9b-s2|RUNNING|15:49|32|gres:gpu:h100:1;
2026-10-10T13:06:29Z 1051|kevin|s1a-a1-9b-s2|RUNNING|16:10|90|N/A;1053|kevin|q2s1a-a1-9b-s2|RUNNING|16:04|32|gres:gpu:h100:1;
2026-10-10T13:06:44Z 1051|kevin|s1a-a1-9b-s2|RUNNING|16:25|90|N/A;1053|kevin|q2s1a-a1-9b-s2|RUNNING|16:19|32|gres:gpu:h100:1;
2026-10-10T13:06:59Z 1051|kevin|s1a-a1-9b-s2|RUNNING|16:40|90|N/A;1053|kevin|q2s1a-a1-9b-s2|RUNNING|16:34|32|gres:gpu:h100:1;
2026-10-10T13:07:14Z 1051|kevin|s1a-a1-9b-s2|RUNNING|16:55|90|N/A;1053|kevin|q2s1a-a1-9b-s2|RUNNING|16:49|32|gres:gpu:h100:1;
2026-10-10T13:07:29Z 1051|kevin|s1a-a1-9b-s2|RUNNING|17:10|90|N/A;1053|kevin|q2s1a-a1-9b-s2|RUNNING|17:04|32|gres:gpu:h100:1;
2026-10-10T13:07:44Z 1051|kevin|s1a-a1-9b-s2|RUNNING|17:25|90|N/A;1053|kevin|q2s1a-a1-9b-s2|RUNNING|17:19|32|gres:gpu:h100:1;
2026-10-10T13:07:59Z 1051|kevin|s1a-a1-9b-s2|RUNNING|17:40|90|N/A;1053|kevin|q2s1a-a1-9b-s2|RUNNING|17:34|32|gres:gpu:h100:1;
2026-10-10T13:08:14Z 1051|kevin|s1a-a1-9b-s2|RUNNING|17:55|90|N/A;1053|kevin|q2s1a-a1-9b-s2|RUNNING|17:49|32|gres:gpu:h100:1;
2026-10-10T13:08:29Z 1051|kevin|s1a-a1-9b-s2|RUNNING|18:10|90|N/A;1053|kevin|q2s1a-a1-9b-s2|RUNNING|18:04|32|gres:gpu:h100:1;
2026-10-10T13:08:44Z 1051|kevin|s1a-a1-9b-s2|RUNNING|18:25|90|N/A;1053|kevin|q2s1a-a1-9b-s2|RUNNING|18:19|32|gres:gpu:h100:1;
2026-10-10T13:08:59Z 1051|kevin|s1a-a1-9b-s2|RUNNING|18:40|90|N/A;1053|kevin|q2s1a-a1-9b-s2|RUNNING|18:34|32|gres:gpu:h100:1;
2026-10-10T13:09:14Z 1051|kevin|s1a-a1-9b-s2|RUNNING|18:55|90|N/A;1053|kevin|q2s1a-a1-9b-s2|RUNNING|18:49|32|gres:gpu:h100:1;
2026-10-10T13:09:29Z 1051|kevin|s1a-a1-9b-s2|RUNNING|19:10|90|N/A;1053|kevin|q2s1a-a1-9b-s2|RUNNING|19:04|32|gres:gpu:h100:1;
2026-10-10T13:09:44Z 1051|kevin|s1a-a1-9b-s2|RUNNING|19:25|90|N/A;1053|kevin|q2s1a-a1-9b-s2|RUNNING|19:19|32|gres:gpu:h100:1;
2026-10-10T13:09:59Z 1051|kevin|s1a-a1-9b-s2|RUNNING|19:40|90|N/A;1053|kevin|q2s1a-a1-9b-s2|RUNNING|19:34|32|gres:gpu:h100:1;
2026-10-10T13:10:14Z 1051|kevin|s1a-a1-9b-s2|RUNNING|19:55|90|N/A;1053|kevin|q2s1a-a1-9b-s2|RUNNING|19:49|32|gres:gpu:h100:1;
2026-10-10T13:10:29Z 1051|kevin|s1a-a1-9b-s2|RUNNING|20:10|90|N/A;1053|kevin|q2s1a-a1-9b-s2|RUNNING|20:04|32|gres:gpu:h100:1;
2026-10-10T13:10:44Z 1051|kevin|s1a-a1-9b-s2|RUNNING|20:25|90|N/A;1053|kevin|q2s1a-a1-9b-s2|RUNNING|20:19|32|gres:gpu:h100:1;
2026-10-10T13:10:59Z 1051|kevin|s1a-a1-9b-s2|RUNNING|20:40|90|N/A;1053|kevin|q2s1a-a1-9b-s2|RUNNING|20:34|32|gres:gpu:h100:1;
2026-10-10T13:11:14Z 1051|kevin|s1a-a1-9b-s2|RUNNING|20:55|90|N/A;1053|kevin|q2s1a-a1-9b-s2|RUNNING|20:49|32|gres:gpu:h100:1;
2026-10-10T13:11:29Z 1051|kevin|s1a-a1-9b-s2|RUNNING|21:10|90|N/A;1053|kevin|q2s1a-a1-9b-s2|RUNNING|21:04|32|gres:gpu:h100:1;
2026-10-10T13:11:44Z 1051|kevin|s1a-a1-9b-s2|RUNNING|21:25|90|N/A;1053|kevin|q2s1a-a1-9b-s2|RUNNING|21:19|32|gres:gpu:h100:1;
2026-10-10T13:11:59Z 1051|kevin|s1a-a1-9b-s2|RUNNING|21:40|90|N/A;1053|kevin|q2s1a-a1-9b-s2|RUNNING|21:34|32|gres:gpu:h100:1;
2026-10-10T13:12:14Z 1051|kevin|s1a-a1-9b-s2|RUNNING|21:55|90|N/A;1053|kevin|q2s1a-a1-9b-s2|RUNNING|21:49|32|gres:gpu:h100:1;
2026-10-10T13:12:29Z 1051|kevin|s1a-a1-9b-s2|RUNNING|22:10|90|N/A;1053|kevin|q2s1a-a1-9b-s2|RUNNING|22:04|32|gres:gpu:h100:1;
2026-10-10T13:12:44Z 1051|kevin|s1a-a1-9b-s2|RUNNING|22:25|90|N/A;1053|kevin|q2s1a-a1-9b-s2|RUNNING|22:19|32|gres:gpu:h100:1;
2026-10-10T13:12:59Z 1051|kevin|s1a-a1-9b-s2|RUNNING|22:40|90|N/A;1053|kevin|q2s1a-a1-9b-s2|RUNNING|22:34|32|gres:gpu:h100:1;
2026-10-10T13:13:14Z 1051|kevin|s1a-a1-9b-s2|RUNNING|22:55|90|N/A;1053|kevin|q2s1a-a1-9b-s2|RUNNING|22:49|32|gres:gpu:h100:1;
2026-10-10T13:13:29Z 1051|kevin|s1a-a1-9b-s2|RUNNING|23:10|90|N/A;1053|kevin|q2s1a-a1-9b-s2|RUNNING|23:04|32|gres:gpu:h100:1;
2026-10-10T13:13:44Z 1051|kevin|s1a-a1-9b-s2|RUNNING|23:25|90|N/A;1053|kevin|q2s1a-a1-9b-s2|RUNNING|23:19|32|gres:gpu:h100:1;
2026-10-10T13:13:59Z 1051|kevin|s1a-a1-9b-s2|RUNNING|23:40|90|N/A;1053|kevin|q2s1a-a1-9b-s2|RUNNING|23:34|32|gres:gpu:h100:1;
2026-10-10T13:14:14Z 1051|kevin|s1a-a1-9b-s2|RUNNING|23:55|90|N/A;1053|kevin|q2s1a-a1-9b-s2|RUNNING|23:49|32|gres:gpu:h100:1;
2026-10-10T13:14:29Z 1051|kevin|s1a-a1-9b-s2|RUNNING|24:10|90|N/A;1053|kevin|q2s1a-a1-9b-s2|RUNNING|24:04|32|gres:gpu:h100:1;
2026-10-10T13:14:44Z 1051|kevin|s1a-a1-9b-s2|RUNNING|24:25|90|N/A;1053|kevin|q2s1a-a1-9b-s2|RUNNING|24:19|32|gres:gpu:h100:1;
2026-10-10T13:14:59Z 1051|kevin|s1a-a1-9b-s2|RUNNING|24:40|90|N/A;1053|kevin|q2s1a-a1-9b-s2|RUNNING|24:34|32|gres:gpu:h100:1;
2026-10-10T13:15:14Z 1051|kevin|s1a-a1-9b-s2|RUNNING|24:55|90|N/A;1053|kevin|q2s1a-a1-9b-s2|RUNNING|24:49|32|gres:gpu:h100:1;
2026-10-10T13:15:29Z 1051|kevin|s1a-a1-9b-s2|RUNNING|25:10|90|N/A;1053|kevin|q2s1a-a1-9b-s2|RUNNING|25:04|32|gres:gpu:h100:1;
2026-10-10T13:15:44Z 1051|kevin|s1a-a1-9b-s2|RUNNING|25:25|90|N/A;1053|kevin|q2s1a-a1-9b-s2|RUNNING|25:19|32|gres:gpu:h100:1;
2026-10-10T13:15:59Z 1051|kevin|s1a-a1-9b-s2|RUNNING|25:40|90|N/A;1053|kevin|q2s1a-a1-9b-s2|RUNNING|25:34|32|gres:gpu:h100:1;
2026-10-10T13:16:14Z 1051|kevin|s1a-a1-9b-s2|RUNNING|25:55|90|N/A;1053|kevin|q2s1a-a1-9b-s2|RUNNING|25:49|32|gres:gpu:h100:1;
2026-10-10T13:16:30Z 1051|kevin|s1a-a1-9b-s2|RUNNING|26:11|90|N/A;1053|kevin|q2s1a-a1-9b-s2|RUNNING|26:05|32|gres:gpu:h100:1;
2026-10-10T13:16:45Z 1051|kevin|s1a-a1-9b-s2|RUNNING|26:26|90|N/A;1053|kevin|q2s1a-a1-9b-s2|RUNNING|26:20|32|gres:gpu:h100:1;
2026-10-10T13:17:00Z 1051|kevin|s1a-a1-9b-s2|RUNNING|26:41|90|N/A;1053|kevin|q2s1a-a1-9b-s2|RUNNING|26:35|32|gres:gpu:h100:1;
2026-10-10T13:17:15Z 1051|kevin|s1a-a1-9b-s2|RUNNING|26:56|90|N/A;1053|kevin|q2s1a-a1-9b-s2|RUNNING|26:50|32|gres:gpu:h100:1;
2026-10-10T13:17:30Z 1051|kevin|s1a-a1-9b-s2|RUNNING|27:11|90|N/A;1053|kevin|q2s1a-a1-9b-s2|RUNNING|27:05|32|gres:gpu:h100:1;
2026-10-10T13:17:45Z 1051|kevin|s1a-a1-9b-s2|RUNNING|27:26|90|N/A;1053|kevin|q2s1a-a1-9b-s2|RUNNING|27:20|32|gres:gpu:h100:1;
2026-10-10T13:18:00Z 1051|kevin|s1a-a1-9b-s2|RUNNING|27:41|90|N/A;1053|kevin|q2s1a-a1-9b-s2|RUNNING|27:35|32|gres:gpu:h100:1;
2026-10-10T13:18:15Z 1051|kevin|s1a-a1-9b-s2|RUNNING|27:56|90|N/A;1053|kevin|q2s1a-a1-9b-s2|RUNNING|27:50|32|gres:gpu:h100:1;
2026-10-10T13:18:30Z 1051|kevin|s1a-a1-9b-s2|RUNNING|28:11|90|N/A;1053|kevin|q2s1a-a1-9b-s2|RUNNING|28:05|32|gres:gpu:h100:1;
2026-10-10T13:18:45Z 1051|kevin|s1a-a1-9b-s2|RUNNING|28:26|90|N/A;1053|kevin|q2s1a-a1-9b-s2|RUNNING|28:20|32|gres:gpu:h100:1;
2026-10-10T13:19:00Z 1051|kevin|s1a-a1-9b-s2|RUNNING|28:41|90|N/A;1053|kevin|q2s1a-a1-9b-s2|RUNNING|28:35|32|gres:gpu:h100:1;
2026-10-10T13:19:15Z 1051|kevin|s1a-a1-9b-s2|RUNNING|28:56|90|N/A;1053|kevin|q2s1a-a1-9b-s2|RUNNING|28:50|32|gres:gpu:h100:1;
2026-10-10T13:19:30Z 1051|kevin|s1a-a1-9b-s2|RUNNING|29:11|90|N/A;1053|kevin|q2s1a-a1-9b-s2|RUNNING|29:05|32|gres:gpu:h100:1;
2026-10-10T13:19:45Z 1051|kevin|s1a-a1-9b-s2|RUNNING|29:26|90|N/A;1053|kevin|q2s1a-a1-9b-s2|RUNNING|29:20|32|gres:gpu:h100:1;
2026-10-10T13:20:00Z 1051|kevin|s1a-a1-9b-s2|RUNNING|29:41|90|N/A;1053|kevin|q2s1a-a1-9b-s2|RUNNING|29:35|32|gres:gpu:h100:1;
2026-10-10T13:20:15Z 1051|kevin|s1a-a1-9b-s2|RUNNING|29:56|90|N/A;1053|kevin|q2s1a-a1-9b-s2|RUNNING|29:50|32|gres:gpu:h100:1;
2026-10-10T13:20:30Z 1051|kevin|s1a-a1-9b-s2|RUNNING|30:11|90|N/A;1053|kevin|q2s1a-a1-9b-s2|RUNNING|30:05|32|gres:gpu:h100:1;
2026-10-10T13:20:45Z 1051|kevin|s1a-a1-9b-s2|RUNNING|30:26|90|N/A;1053|kevin|q2s1a-a1-9b-s2|RUNNING|30:20|32|gres:gpu:h100:1;
2026-10-10T13:21:00Z 1051|kevin|s1a-a1-9b-s2|RUNNING|30:41|90|N/A;1053|kevin|q2s1a-a1-9b-s2|RUNNING|30:35|32|gres:gpu:h100:1;
2026-10-10T13:21:15Z 1051|kevin|s1a-a1-9b-s2|RUNNING|30:56|90|N/A;1053|kevin|q2s1a-a1-9b-s2|RUNNING|30:50|32|gres:gpu:h100:1;
2026-10-10T13:21:30Z 1051|kevin|s1a-a1-9b-s2|RUNNING|31:11|90|N/A;1053|kevin|q2s1a-a1-9b-s2|RUNNING|31:05|32|gres:gpu:h100:1;
2026-10-10T13:21:45Z 1051|kevin|s1a-a1-9b-s2|RUNNING|31:26|90|N/A;1053|kevin|q2s1a-a1-9b-s2|RUNNING|31:20|32|gres:gpu:h100:1;
2026-10-10T13:22:00Z 1051|kevin|s1a-a1-9b-s2|RUNNING|31:41|90|N/A;1053|kevin|q2s1a-a1-9b-s2|RUNNING|31:35|32|gres:gpu:h100:1;
2026-10-10T13:22:15Z 1051|kevin|s1a-a1-9b-s2|RUNNING|31:56|90|N/A;1053|kevin|q2s1a-a1-9b-s2|RUNNING|31:50|32|gres:gpu:h100:1;
2026-10-10T13:22:30Z 1051|kevin|s1a-a1-9b-s2|RUNNING|32:11|90|N/A;1053|kevin|q2s1a-a1-9b-s2|RUNNING|32:05|32|gres:gpu:h100:1;
2026-10-10T13:22:45Z 1051|kevin|s1a-a1-9b-s2|RUNNING|32:26|90|N/A;1053|kevin|q2s1a-a1-9b-s2|RUNNING|32:20|32|gres:gpu:h100:1;
2026-10-10T13:23:00Z 1051|kevin|s1a-a1-9b-s2|RUNNING|32:41|90|N/A;1053|kevin|q2s1a-a1-9b-s2|RUNNING|32:35|32|gres:gpu:h100:1;
2026-10-10T13:23:15Z 1051|kevin|s1a-a1-9b-s2|RUNNING|32:56|90|N/A;1053|kevin|q2s1a-a1-9b-s2|RUNNING|32:50|32|gres:gpu:h100:1;
2026-10-10T13:23:30Z 1051|kevin|s1a-a1-9b-s2|RUNNING|33:11|90|N/A;1053|kevin|q2s1a-a1-9b-s2|RUNNING|33:05|32|gres:gpu:h100:1;
2026-10-10T13:23:45Z 1051|kevin|s1a-a1-9b-s2|RUNNING|33:26|90|N/A;1053|kevin|q2s1a-a1-9b-s2|RUNNING|33:20|32|gres:gpu:h100:1;
2026-10-10T13:24:00Z 1051|kevin|s1a-a1-9b-s2|RUNNING|33:41|90|N/A;1053|kevin|q2s1a-a1-9b-s2|RUNNING|33:35|32|gres:gpu:h100:1;
2026-10-10T13:24:15Z 1051|kevin|s1a-a1-9b-s2|RUNNING|33:56|90|N/A;1053|kevin|q2s1a-a1-9b-s2|RUNNING|33:50|32|gres:gpu:h100:1;
2026-10-10T13:24:30Z 1051|kevin|s1a-a1-9b-s2|RUNNING|34:11|90|N/A;1053|kevin|q2s1a-a1-9b-s2|RUNNING|34:05|32|gres:gpu:h100:1;
2026-10-10T13:24:45Z 1051|kevin|s1a-a1-9b-s2|RUNNING|34:26|90|N/A;1053|kevin|q2s1a-a1-9b-s2|RUNNING|34:20|32|gres:gpu:h100:1;
2026-10-10T13:25:00Z 1051|kevin|s1a-a1-9b-s2|RUNNING|34:41|90|N/A;1053|kevin|q2s1a-a1-9b-s2|RUNNING|34:35|32|gres:gpu:h100:1;
2026-10-10T13:25:15Z 1051|kevin|s1a-a1-9b-s2|RUNNING|34:56|90|N/A;1053|kevin|q2s1a-a1-9b-s2|RUNNING|34:50|32|gres:gpu:h100:1;
2026-10-10T13:25:30Z 1051|kevin|s1a-a1-9b-s2|RUNNING|35:11|90|N/A;1053|kevin|q2s1a-a1-9b-s2|RUNNING|35:05|32|gres:gpu:h100:1;
2026-10-10T13:25:45Z 1051|kevin|s1a-a1-9b-s2|RUNNING|35:26|90|N/A;1053|kevin|q2s1a-a1-9b-s2|RUNNING|35:20|32|gres:gpu:h100:1;
2026-10-10T13:26:00Z 1051|kevin|s1a-a1-9b-s2|RUNNING|35:41|90|N/A;1053|kevin|q2s1a-a1-9b-s2|RUNNING|35:35|32|gres:gpu:h100:1;
2026-10-10T13:26:15Z 1051|kevin|s1a-a1-9b-s2|RUNNING|35:56|90|N/A;1053|kevin|q2s1a-a1-9b-s2|RUNNING|35:50|32|gres:gpu:h100:1;
2026-10-10T13:26:30Z 1051|kevin|s1a-a1-9b-s2|RUNNING|36:11|90|N/A;1053|kevin|q2s1a-a1-9b-s2|RUNNING|36:05|32|gres:gpu:h100:1;
2026-10-10T13:26:45Z 1051|kevin|s1a-a1-9b-s2|RUNNING|36:26|90|N/A;1053|kevin|q2s1a-a1-9b-s2|RUNNING|36:20|32|gres:gpu:h100:1;
2026-10-10T13:27:01Z 1051|kevin|s1a-a1-9b-s2|RUNNING|36:42|90|N/A;1053|kevin|q2s1a-a1-9b-s2|RUNNING|36:36|32|gres:gpu:h100:1;
2026-10-10T13:27:16Z 1051|kevin|s1a-a1-9b-s2|RUNNING|36:57|90|N/A;1053|kevin|q2s1a-a1-9b-s2|RUNNING|36:51|32|gres:gpu:h100:1;
2026-10-10T13:27:31Z 1051|kevin|s1a-a1-9b-s2|RUNNING|37:12|90|N/A;1053|kevin|q2s1a-a1-9b-s2|RUNNING|37:06|32|gres:gpu:h100:1;
2026-10-10T13:27:46Z 1051|kevin|s1a-a1-9b-s2|RUNNING|37:27|90|N/A;1053|kevin|q2s1a-a1-9b-s2|RUNNING|37:21|32|gres:gpu:h100:1;
2026-10-10T13:28:01Z 1051|kevin|s1a-a1-9b-s2|RUNNING|37:42|90|N/A;1053|kevin|q2s1a-a1-9b-s2|RUNNING|37:36|32|gres:gpu:h100:1;
2026-10-10T13:28:16Z 1051|kevin|s1a-a1-9b-s2|RUNNING|37:57|90|N/A;1053|kevin|q2s1a-a1-9b-s2|RUNNING|37:51|32|gres:gpu:h100:1;
2026-10-10T13:28:31Z 1051|kevin|s1a-a1-9b-s2|RUNNING|38:12|90|N/A;1053|kevin|q2s1a-a1-9b-s2|RUNNING|38:06|32|gres:gpu:h100:1;
2026-10-10T13:28:46Z 1051|kevin|s1a-a1-9b-s2|RUNNING|38:27|90|N/A;1053|kevin|q2s1a-a1-9b-s2|RUNNING|38:21|32|gres:gpu:h100:1;
2026-10-10T13:29:01Z 1051|kevin|s1a-a1-9b-s2|RUNNING|38:42|90|N/A;1053|kevin|q2s1a-a1-9b-s2|RUNNING|38:36|32|gres:gpu:h100:1;
2026-10-10T13:29:16Z 1051|kevin|s1a-a1-9b-s2|RUNNING|38:57|90|N/A;1053|kevin|q2s1a-a1-9b-s2|RUNNING|38:51|32|gres:gpu:h100:1;
2026-10-10T13:29:31Z 1051|kevin|s1a-a1-9b-s2|RUNNING|39:12|90|N/A;1053|kevin|q2s1a-a1-9b-s2|RUNNING|39:06|32|gres:gpu:h100:1;
2026-10-10T13:29:46Z 1051|kevin|s1a-a1-9b-s2|RUNNING|39:27|90|N/A;1053|kevin|q2s1a-a1-9b-s2|RUNNING|39:21|32|gres:gpu:h100:1;
2026-10-10T13:30:01Z 1051|kevin|s1a-a1-9b-s2|RUNNING|39:42|90|N/A;1053|kevin|q2s1a-a1-9b-s2|RUNNING|39:36|32|gres:gpu:h100:1;
2026-10-10T13:30:16Z 1051|kevin|s1a-a1-9b-s2|RUNNING|39:57|90|N/A;1053|kevin|q2s1a-a1-9b-s2|RUNNING|39:51|32|gres:gpu:h100:1;
2026-10-10T13:30:31Z 1051|kevin|s1a-a1-9b-s2|RUNNING|40:12|90|N/A;1053|kevin|q2s1a-a1-9b-s2|RUNNING|40:06|32|gres:gpu:h100:1;
2026-10-10T13:30:46Z 1051|kevin|s1a-a1-9b-s2|RUNNING|40:27|90|N/A;1053|kevin|q2s1a-a1-9b-s2|RUNNING|40:21|32|gres:gpu:h100:1;
2026-10-10T13:31:01Z 1051|kevin|s1a-a1-9b-s2|RUNNING|40:42|90|N/A;1053|kevin|q2s1a-a1-9b-s2|RUNNING|40:36|32|gres:gpu:h100:1;
2026-10-10T13:31:16Z 1051|kevin|s1a-a1-9b-s2|RUNNING|40:57|90|N/A;1053|kevin|q2s1a-a1-9b-s2|RUNNING|40:51|32|gres:gpu:h100:1;
2026-10-10T13:31:31Z 1051|kevin|s1a-a1-9b-s2|RUNNING|41:12|90|N/A;1053|kevin|q2s1a-a1-9b-s2|RUNNING|41:06|32|gres:gpu:h100:1;
2026-10-10T13:31:46Z 1051|kevin|s1a-a1-9b-s2|RUNNING|41:27|90|N/A;1053|kevin|q2s1a-a1-9b-s2|RUNNING|41:21|32|gres:gpu:h100:1;
2026-10-10T13:32:01Z 1051|kevin|s1a-a1-9b-s2|RUNNING|41:42|90|N/A;1053|kevin|q2s1a-a1-9b-s2|RUNNING|41:36|32|gres:gpu:h100:1;
2026-10-10T13:32:16Z 1051|kevin|s1a-a1-9b-s2|RUNNING|41:57|90|N/A;1053|kevin|q2s1a-a1-9b-s2|RUNNING|41:51|32|gres:gpu:h100:1;
2026-10-10T13:32:31Z 1051|kevin|s1a-a1-9b-s2|RUNNING|42:12|90|N/A;1053|kevin|q2s1a-a1-9b-s2|RUNNING|42:06|32|gres:gpu:h100:1;
2026-10-10T13:32:46Z 1051|kevin|s1a-a1-9b-s2|RUNNING|42:27|90|N/A;1053|kevin|q2s1a-a1-9b-s2|RUNNING|42:21|32|gres:gpu:h100:1;
2026-10-10T13:33:01Z 1051|kevin|s1a-a1-9b-s2|RUNNING|42:42|90|N/A;1053|kevin|q2s1a-a1-9b-s2|RUNNING|42:36|32|gres:gpu:h100:1;
2026-10-10T13:33:16Z 1051|kevin|s1a-a1-9b-s2|RUNNING|42:57|90|N/A;1053|kevin|q2s1a-a1-9b-s2|RUNNING|42:51|32|gres:gpu:h100:1;
2026-10-10T13:33:31Z 1051|kevin|s1a-a1-9b-s2|RUNNING|43:12|90|N/A;1053|kevin|q2s1a-a1-9b-s2|RUNNING|43:06|32|gres:gpu:h100:1;
2026-10-10T13:33:46Z 1051|kevin|s1a-a1-9b-s2|RUNNING|43:27|90|N/A;1053|kevin|q2s1a-a1-9b-s2|RUNNING|43:21|32|gres:gpu:h100:1;
2026-10-10T13:34:01Z 1051|kevin|s1a-a1-9b-s2|RUNNING|43:42|90|N/A;1053|kevin|q2s1a-a1-9b-s2|RUNNING|43:36|32|gres:gpu:h100:1;
2026-10-10T13:34:16Z 1051|kevin|s1a-a1-9b-s2|RUNNING|43:57|90|N/A;1053|kevin|q2s1a-a1-9b-s2|RUNNING|43:51|32|gres:gpu:h100:1;
2026-10-10T13:34:31Z 1051|kevin|s1a-a1-9b-s2|RUNNING|44:12|90|N/A;1053|kevin|q2s1a-a1-9b-s2|RUNNING|44:06|32|gres:gpu:h100:1;
2026-10-10T13:34:46Z 1051|kevin|s1a-a1-9b-s2|RUNNING|44:27|90|N/A;1053|kevin|q2s1a-a1-9b-s2|RUNNING|44:21|32|gres:gpu:h100:1;
2026-10-10T13:35:01Z 1051|kevin|s1a-a1-9b-s2|RUNNING|44:42|90|N/A;1053|kevin|q2s1a-a1-9b-s2|RUNNING|44:36|32|gres:gpu:h100:1;
2026-10-10T13:35:16Z 1051|kevin|s1a-a1-9b-s2|RUNNING|44:57|90|N/A;1053|kevin|q2s1a-a1-9b-s2|RUNNING|44:51|32|gres:gpu:h100:1;
2026-10-10T13:35:31Z 1051|kevin|s1a-a1-9b-s2|RUNNING|45:12|90|N/A;1053|kevin|q2s1a-a1-9b-s2|RUNNING|45:06|32|gres:gpu:h100:1;
2026-10-10T13:35:46Z 1051|kevin|s1a-a1-9b-s2|RUNNING|45:27|90|N/A;1053|kevin|q2s1a-a1-9b-s2|RUNNING|45:21|32|gres:gpu:h100:1;
2026-10-10T13:36:01Z 1051|kevin|s1a-a1-9b-s2|RUNNING|45:42|90|N/A;1053|kevin|q2s1a-a1-9b-s2|RUNNING|45:36|32|gres:gpu:h100:1;
2026-10-10T13:36:16Z 1051|kevin|s1a-a1-9b-s2|RUNNING|45:57|90|N/A;1053|kevin|q2s1a-a1-9b-s2|RUNNING|45:51|32|gres:gpu:h100:1;
2026-10-10T13:36:31Z 1051|kevin|s1a-a1-9b-s2|RUNNING|46:12|90|N/A;1053|kevin|q2s1a-a1-9b-s2|RUNNING|46:06|32|gres:gpu:h100:1;
2026-10-10T13:36:46Z 1051|kevin|s1a-a1-9b-s2|RUNNING|46:27|90|N/A;1053|kevin|q2s1a-a1-9b-s2|RUNNING|46:21|32|gres:gpu:h100:1;
2026-10-10T13:37:01Z 1051|kevin|s1a-a1-9b-s2|RUNNING|46:42|90|N/A;1053|kevin|q2s1a-a1-9b-s2|RUNNING|46:36|32|gres:gpu:h100:1;
2026-10-10T13:37:16Z 1051|kevin|s1a-a1-9b-s2|RUNNING|46:57|90|N/A;1053|kevin|q2s1a-a1-9b-s2|RUNNING|46:51|32|gres:gpu:h100:1;
2026-10-10T13:37:31Z 1051|kevin|s1a-a1-9b-s2|RUNNING|47:12|90|N/A;1053|kevin|q2s1a-a1-9b-s2|RUNNING|47:06|32|gres:gpu:h100:1;
2026-10-10T13:37:47Z 1051|kevin|s1a-a1-9b-s2|RUNNING|47:28|90|N/A;1053|kevin|q2s1a-a1-9b-s2|RUNNING|47:22|32|gres:gpu:h100:1;
2026-10-10T13:38:02Z 1051|kevin|s1a-a1-9b-s2|RUNNING|47:43|90|N/A;1053|kevin|q2s1a-a1-9b-s2|RUNNING|47:37|32|gres:gpu:h100:1;
2026-10-10T13:38:17Z 1051|kevin|s1a-a1-9b-s2|RUNNING|47:58|90|N/A;1053|kevin|q2s1a-a1-9b-s2|RUNNING|47:52|32|gres:gpu:h100:1;
2026-10-10T13:38:32Z 1051|kevin|s1a-a1-9b-s2|RUNNING|48:13|90|N/A;1053|kevin|q2s1a-a1-9b-s2|RUNNING|48:07|32|gres:gpu:h100:1;
2026-10-10T13:38:47Z 1051|kevin|s1a-a1-9b-s2|RUNNING|48:28|90|N/A;1053|kevin|q2s1a-a1-9b-s2|RUNNING|48:22|32|gres:gpu:h100:1;
2026-10-10T13:39:02Z 1051|kevin|s1a-a1-9b-s2|RUNNING|48:43|90|N/A;1053|kevin|q2s1a-a1-9b-s2|RUNNING|48:37|32|gres:gpu:h100:1;
2026-10-10T13:39:17Z 1051|kevin|s1a-a1-9b-s2|RUNNING|48:58|90|N/A;1053|kevin|q2s1a-a1-9b-s2|RUNNING|48:52|32|gres:gpu:h100:1;
2026-10-10T13:39:32Z 1051|kevin|s1a-a1-9b-s2|RUNNING|49:13|90|N/A;1053|kevin|q2s1a-a1-9b-s2|RUNNING|49:07|32|gres:gpu:h100:1;
2026-10-10T13:39:47Z 1051|kevin|s1a-a1-9b-s2|RUNNING|49:28|90|N/A;1053|kevin|q2s1a-a1-9b-s2|RUNNING|49:22|32|gres:gpu:h100:1;
2026-10-10T13:40:02Z 1051|kevin|s1a-a1-9b-s2|RUNNING|49:43|90|N/A;1053|kevin|q2s1a-a1-9b-s2|RUNNING|49:37|32|gres:gpu:h100:1;
2026-10-10T13:40:17Z 1051|kevin|s1a-a1-9b-s2|RUNNING|49:58|90|N/A;1053|kevin|q2s1a-a1-9b-s2|RUNNING|49:52|32|gres:gpu:h100:1;
2026-10-10T13:40:32Z 1051|kevin|s1a-a1-9b-s2|RUNNING|50:13|90|N/A;1053|kevin|q2s1a-a1-9b-s2|RUNNING|50:07|32|gres:gpu:h100:1;
2026-10-10T13:40:47Z 1051|kevin|s1a-a1-9b-s2|RUNNING|50:28|90|N/A;1053|kevin|q2s1a-a1-9b-s2|RUNNING|50:22|32|gres:gpu:h100:1;
2026-10-10T13:41:02Z 1051|kevin|s1a-a1-9b-s2|RUNNING|50:43|90|N/A;1053|kevin|q2s1a-a1-9b-s2|RUNNING|50:37|32|gres:gpu:h100:1;
2026-10-10T13:41:17Z 1051|kevin|s1a-a1-9b-s2|RUNNING|50:58|90|N/A;1053|kevin|q2s1a-a1-9b-s2|RUNNING|50:52|32|gres:gpu:h100:1;
2026-10-10T13:41:32Z 1051|kevin|s1a-a1-9b-s2|RUNNING|51:13|90|N/A;1053|kevin|q2s1a-a1-9b-s2|RUNNING|51:07|32|gres:gpu:h100:1;
2026-10-10T13:41:47Z 1051|kevin|s1a-a1-9b-s2|RUNNING|51:28|90|N/A;1053|kevin|q2s1a-a1-9b-s2|RUNNING|51:22|32|gres:gpu:h100:1;
2026-10-10T13:42:02Z 1051|kevin|s1a-a1-9b-s2|RUNNING|51:43|90|N/A;1053|kevin|q2s1a-a1-9b-s2|RUNNING|51:37|32|gres:gpu:h100:1;
2026-10-10T13:42:17Z 1051|kevin|s1a-a1-9b-s2|RUNNING|51:58|90|N/A;1053|kevin|q2s1a-a1-9b-s2|RUNNING|51:52|32|gres:gpu:h100:1;
2026-10-10T13:42:32Z 1051|kevin|s1a-a1-9b-s2|RUNNING|52:13|90|N/A;1053|kevin|q2s1a-a1-9b-s2|RUNNING|52:07|32|gres:gpu:h100:1;
2026-10-10T13:42:47Z 1051|kevin|s1a-a1-9b-s2|RUNNING|52:28|90|N/A;1053|kevin|q2s1a-a1-9b-s2|RUNNING|52:22|32|gres:gpu:h100:1;
2026-10-10T13:43:02Z 1051|kevin|s1a-a1-9b-s2|RUNNING|52:43|90|N/A;1053|kevin|q2s1a-a1-9b-s2|RUNNING|52:37|32|gres:gpu:h100:1;
2026-10-10T13:43:17Z 1051|kevin|s1a-a1-9b-s2|RUNNING|52:58|90|N/A;1053|kevin|q2s1a-a1-9b-s2|RUNNING|52:52|32|gres:gpu:h100:1;
2026-10-10T13:43:32Z 1051|kevin|s1a-a1-9b-s2|RUNNING|53:13|90|N/A;1053|kevin|q2s1a-a1-9b-s2|RUNNING|53:07|32|gres:gpu:h100:1;
2026-10-10T13:43:47Z 1051|kevin|s1a-a1-9b-s2|RUNNING|53:28|90|N/A;1053|kevin|q2s1a-a1-9b-s2|RUNNING|53:22|32|gres:gpu:h100:1;
2026-10-10T13:44:02Z 1051|kevin|s1a-a1-9b-s2|RUNNING|53:43|90|N/A;1053|kevin|q2s1a-a1-9b-s2|RUNNING|53:37|32|gres:gpu:h100:1;
2026-10-10T13:44:17Z 1051|kevin|s1a-a1-9b-s2|RUNNING|53:58|90|N/A;1053|kevin|q2s1a-a1-9b-s2|RUNNING|53:52|32|gres:gpu:h100:1;
2026-10-10T13:44:32Z 1051|kevin|s1a-a1-9b-s2|RUNNING|54:13|90|N/A;1053|kevin|q2s1a-a1-9b-s2|RUNNING|54:07|32|gres:gpu:h100:1;
2026-10-10T13:44:47Z 1051|kevin|s1a-a1-9b-s2|RUNNING|54:28|90|N/A;1053|kevin|q2s1a-a1-9b-s2|RUNNING|54:22|32|gres:gpu:h100:1;
2026-10-10T13:45:02Z 1051|kevin|s1a-a1-9b-s2|RUNNING|54:43|90|N/A;1053|kevin|q2s1a-a1-9b-s2|RUNNING|54:37|32|gres:gpu:h100:1;
2026-10-10T13:45:17Z 1051|kevin|s1a-a1-9b-s2|RUNNING|54:58|90|N/A;1053|kevin|q2s1a-a1-9b-s2|RUNNING|54:52|32|gres:gpu:h100:1;
2026-10-10T13:45:32Z 1051|kevin|s1a-a1-9b-s2|RUNNING|55:13|90|N/A;1053|kevin|q2s1a-a1-9b-s2|RUNNING|55:07|32|gres:gpu:h100:1;
2026-10-10T13:45:47Z 1051|kevin|s1a-a1-9b-s2|RUNNING|55:28|90|N/A;1053|kevin|q2s1a-a1-9b-s2|RUNNING|55:22|32|gres:gpu:h100:1;
2026-10-10T13:46:02Z 1051|kevin|s1a-a1-9b-s2|RUNNING|55:43|90|N/A;1053|kevin|q2s1a-a1-9b-s2|RUNNING|55:37|32|gres:gpu:h100:1;
2026-10-10T13:46:17Z 1051|kevin|s1a-a1-9b-s2|RUNNING|55:58|90|N/A;1053|kevin|q2s1a-a1-9b-s2|RUNNING|55:52|32|gres:gpu:h100:1;
2026-10-10T13:46:32Z 1051|kevin|s1a-a1-9b-s2|RUNNING|56:13|90|N/A;1053|kevin|q2s1a-a1-9b-s2|RUNNING|56:07|32|gres:gpu:h100:1;
2026-10-10T13:46:47Z 1051|kevin|s1a-a1-9b-s2|RUNNING|56:28|90|N/A;1053|kevin|q2s1a-a1-9b-s2|RUNNING|56:22|32|gres:gpu:h100:1;
2026-10-10T13:47:02Z 1051|kevin|s1a-a1-9b-s2|RUNNING|56:43|90|N/A;1053|kevin|q2s1a-a1-9b-s2|RUNNING|56:37|32|gres:gpu:h100:1;
2026-10-10T13:47:17Z 1051|kevin|s1a-a1-9b-s2|RUNNING|56:58|90|N/A;1053|kevin|q2s1a-a1-9b-s2|RUNNING|56:52|32|gres:gpu:h100:1;
2026-10-10T13:47:32Z 1051|kevin|s1a-a1-9b-s2|RUNNING|57:13|90|N/A;1053|kevin|q2s1a-a1-9b-s2|RUNNING|57:07|32|gres:gpu:h100:1;
2026-10-10T13:47:47Z 1051|kevin|s1a-a1-9b-s2|RUNNING|57:28|90|N/A;1053|kevin|q2s1a-a1-9b-s2|RUNNING|57:22|32|gres:gpu:h100:1;
2026-10-10T13:48:02Z 1051|kevin|s1a-a1-9b-s2|RUNNING|57:43|90|N/A;1053|kevin|q2s1a-a1-9b-s2|RUNNING|57:37|32|gres:gpu:h100:1;
2026-10-10T13:48:17Z 1051|kevin|s1a-a1-9b-s2|RUNNING|57:58|90|N/A;1053|kevin|q2s1a-a1-9b-s2|RUNNING|57:52|32|gres:gpu:h100:1;
2026-10-10T13:48:33Z 1051|kevin|s1a-a1-9b-s2|RUNNING|58:14|90|N/A;1053|kevin|q2s1a-a1-9b-s2|RUNNING|58:08|32|gres:gpu:h100:1;
2026-10-10T13:48:48Z 1051|kevin|s1a-a1-9b-s2|RUNNING|58:29|90|N/A;1053|kevin|q2s1a-a1-9b-s2|RUNNING|58:23|32|gres:gpu:h100:1;
2026-10-10T13:49:03Z 1051|kevin|s1a-a1-9b-s2|RUNNING|58:44|90|N/A;1053|kevin|q2s1a-a1-9b-s2|RUNNING|58:38|32|gres:gpu:h100:1;
2026-10-10T13:49:18Z 1051|kevin|s1a-a1-9b-s2|RUNNING|58:59|90|N/A;1053|kevin|q2s1a-a1-9b-s2|RUNNING|58:53|32|gres:gpu:h100:1;
2026-10-10T13:49:33Z 1051|kevin|s1a-a1-9b-s2|RUNNING|59:14|90|N/A;1053|kevin|q2s1a-a1-9b-s2|RUNNING|59:08|32|gres:gpu:h100:1;
2026-10-10T13:49:48Z 1051|kevin|s1a-a1-9b-s2|RUNNING|59:29|90|N/A;1053|kevin|q2s1a-a1-9b-s2|RUNNING|59:23|32|gres:gpu:h100:1;
2026-10-10T13:50:03Z 1051|kevin|s1a-a1-9b-s2|RUNNING|59:44|90|N/A;1053|kevin|q2s1a-a1-9b-s2|RUNNING|59:38|32|gres:gpu:h100:1;
2026-10-10T13:50:18Z 1051|kevin|s1a-a1-9b-s2|RUNNING|59:59|90|N/A;1053|kevin|q2s1a-a1-9b-s2|RUNNING|59:53|32|gres:gpu:h100:1;
2026-10-10T13:50:33Z 1051|kevin|s1a-a1-9b-s2|RUNNING|1:00:14|90|N/A;1053|kevin|q2s1a-a1-9b-s2|RUNNING|1:00:08|32|gres:gpu:h100:1;
2026-10-10T13:50:48Z 1051|kevin|s1a-a1-9b-s2|RUNNING|1:00:29|90|N/A;1053|kevin|q2s1a-a1-9b-s2|RUNNING|1:00:23|32|gres:gpu:h100:1;
2026-10-10T13:51:03Z 1051|kevin|s1a-a1-9b-s2|RUNNING|1:00:44|90|N/A;1053|kevin|q2s1a-a1-9b-s2|RUNNING|1:00:38|32|gres:gpu:h100:1;
2026-10-10T13:51:18Z 1051|kevin|s1a-a1-9b-s2|RUNNING|1:00:59|90|N/A;1053|kevin|q2s1a-a1-9b-s2|RUNNING|1:00:53|32|gres:gpu:h100:1;
2026-10-10T13:51:33Z 1051|kevin|s1a-a1-9b-s2|RUNNING|1:01:14|90|N/A;1053|kevin|q2s1a-a1-9b-s2|RUNNING|1:01:08|32|gres:gpu:h100:1;
2026-10-10T13:51:48Z 1051|kevin|s1a-a1-9b-s2|RUNNING|1:01:29|90|N/A;1053|kevin|q2s1a-a1-9b-s2|RUNNING|1:01:23|32|gres:gpu:h100:1;
2026-10-10T13:52:03Z 1051|kevin|s1a-a1-9b-s2|RUNNING|1:01:44|90|N/A;1053|kevin|q2s1a-a1-9b-s2|RUNNING|1:01:38|32|gres:gpu:h100:1;
2026-10-10T13:52:18Z 1051|kevin|s1a-a1-9b-s2|RUNNING|1:01:59|90|N/A;1053|kevin|q2s1a-a1-9b-s2|RUNNING|1:01:53|32|gres:gpu:h100:1;
2026-10-10T13:52:33Z 1051|kevin|s1a-a1-9b-s2|RUNNING|1:02:14|90|N/A;1053|kevin|q2s1a-a1-9b-s2|RUNNING|1:02:08|32|gres:gpu:h100:1;
2026-10-10T13:52:48Z 1051|kevin|s1a-a1-9b-s2|RUNNING|1:02:29|90|N/A;1053|kevin|q2s1a-a1-9b-s2|RUNNING|1:02:23|32|gres:gpu:h100:1;
2026-10-10T13:53:03Z 1051|kevin|s1a-a1-9b-s2|RUNNING|1:02:44|90|N/A;1053|kevin|q2s1a-a1-9b-s2|RUNNING|1:02:38|32|gres:gpu:h100:1;
2026-10-10T13:53:18Z 1051|kevin|s1a-a1-9b-s2|RUNNING|1:02:59|90|N/A;1053|kevin|q2s1a-a1-9b-s2|RUNNING|1:02:53|32|gres:gpu:h100:1;
2026-10-10T13:53:33Z 1051|kevin|s1a-a1-9b-s2|RUNNING|1:03:14|90|N/A;1053|kevin|q2s1a-a1-9b-s2|RUNNING|1:03:08|32|gres:gpu:h100:1;
2026-10-10T13:53:48Z 1051|kevin|s1a-a1-9b-s2|RUNNING|1:03:29|90|N/A;1053|kevin|q2s1a-a1-9b-s2|RUNNING|1:03:23|32|gres:gpu:h100:1;
2026-10-10T13:54:03Z 1051|kevin|s1a-a1-9b-s2|RUNNING|1:03:44|90|N/A;1053|kevin|q2s1a-a1-9b-s2|RUNNING|1:03:38|32|gres:gpu:h100:1;
2026-10-10T13:54:18Z 1051|kevin|s1a-a1-9b-s2|RUNNING|1:03:59|90|N/A;1053|kevin|q2s1a-a1-9b-s2|RUNNING|1:03:53|32|gres:gpu:h100:1;
2026-10-10T13:54:33Z 1051|kevin|s1a-a1-9b-s2|RUNNING|1:04:14|90|N/A;1053|kevin|q2s1a-a1-9b-s2|RUNNING|1:04:08|32|gres:gpu:h100:1;
2026-10-10T13:54:48Z 1051|kevin|s1a-a1-9b-s2|RUNNING|1:04:29|90|N/A;1053|kevin|q2s1a-a1-9b-s2|RUNNING|1:04:23|32|gres:gpu:h100:1;
2026-10-10T13:55:03Z 1051|kevin|s1a-a1-9b-s2|RUNNING|1:04:44|90|N/A;1053|kevin|q2s1a-a1-9b-s2|RUNNING|1:04:38|32|gres:gpu:h100:1;
2026-10-10T13:55:18Z 1051|kevin|s1a-a1-9b-s2|RUNNING|1:04:59|90|N/A;1053|kevin|q2s1a-a1-9b-s2|RUNNING|1:04:53|32|gres:gpu:h100:1;
2026-10-10T13:55:33Z 1051|kevin|s1a-a1-9b-s2|RUNNING|1:05:14|90|N/A;1053|kevin|q2s1a-a1-9b-s2|RUNNING|1:05:08|32|gres:gpu:h100:1;
2026-10-10T13:55:48Z 1051|kevin|s1a-a1-9b-s2|RUNNING|1:05:29|90|N/A;1053|kevin|q2s1a-a1-9b-s2|RUNNING|1:05:23|32|gres:gpu:h100:1;
2026-10-10T13:56:03Z 1051|kevin|s1a-a1-9b-s2|RUNNING|1:05:44|90|N/A;1053|kevin|q2s1a-a1-9b-s2|RUNNING|1:05:38|32|gres:gpu:h100:1;
2026-10-10T13:56:18Z 1051|kevin|s1a-a1-9b-s2|RUNNING|1:05:59|90|N/A;1053|kevin|q2s1a-a1-9b-s2|RUNNING|1:05:53|32|gres:gpu:h100:1;
2026-10-10T13:56:33Z 1051|kevin|s1a-a1-9b-s2|RUNNING|1:06:14|90|N/A;1053|kevin|q2s1a-a1-9b-s2|RUNNING|1:06:08|32|gres:gpu:h100:1;
2026-10-10T13:56:48Z 1051|kevin|s1a-a1-9b-s2|RUNNING|1:06:29|90|N/A;1053|kevin|q2s1a-a1-9b-s2|RUNNING|1:06:23|32|gres:gpu:h100:1;
2026-10-10T13:57:03Z 1051|kevin|s1a-a1-9b-s2|RUNNING|1:06:44|90|N/A;1053|kevin|q2s1a-a1-9b-s2|RUNNING|1:06:38|32|gres:gpu:h100:1;
2026-10-10T13:57:18Z 1051|kevin|s1a-a1-9b-s2|RUNNING|1:06:59|90|N/A;1053|kevin|q2s1a-a1-9b-s2|RUNNING|1:06:53|32|gres:gpu:h100:1;
2026-10-10T13:57:33Z 1051|kevin|s1a-a1-9b-s2|RUNNING|1:07:14|90|N/A;1053|kevin|q2s1a-a1-9b-s2|RUNNING|1:07:08|32|gres:gpu:h100:1;
2026-10-10T13:57:48Z 1051|kevin|s1a-a1-9b-s2|RUNNING|1:07:29|90|N/A;1053|kevin|q2s1a-a1-9b-s2|RUNNING|1:07:23|32|gres:gpu:h100:1;
2026-10-10T13:58:03Z 1051|kevin|s1a-a1-9b-s2|RUNNING|1:07:44|90|N/A;1053|kevin|q2s1a-a1-9b-s2|RUNNING|1:07:38|32|gres:gpu:h100:1;
2026-10-10T13:58:18Z 1051|kevin|s1a-a1-9b-s2|RUNNING|1:07:59|90|N/A;1053|kevin|q2s1a-a1-9b-s2|RUNNING|1:07:53|32|gres:gpu:h100:1;
2026-10-10T13:58:33Z 1051|kevin|s1a-a1-9b-s2|RUNNING|1:08:14|90|N/A;1053|kevin|q2s1a-a1-9b-s2|RUNNING|1:08:08|32|gres:gpu:h100:1;
2026-10-10T13:58:48Z 1051|kevin|s1a-a1-9b-s2|RUNNING|1:08:29|90|N/A;1053|kevin|q2s1a-a1-9b-s2|RUNNING|1:08:23|32|gres:gpu:h100:1;
2026-10-10T13:59:03Z 1051|kevin|s1a-a1-9b-s2|RUNNING|1:08:44|90|N/A;1053|kevin|q2s1a-a1-9b-s2|RUNNING|1:08:38|32|gres:gpu:h100:1;
2026-10-10T13:59:18Z 1051|kevin|s1a-a1-9b-s2|RUNNING|1:08:59|90|N/A;1053|kevin|q2s1a-a1-9b-s2|RUNNING|1:08:53|32|gres:gpu:h100:1;
2026-10-10T13:59:34Z 1051|kevin|s1a-a1-9b-s2|RUNNING|1:09:15|90|N/A;1053|kevin|q2s1a-a1-9b-s2|RUNNING|1:09:09|32|gres:gpu:h100:1;
2026-10-10T13:59:49Z 1051|kevin|s1a-a1-9b-s2|RUNNING|1:09:30|90|N/A;1053|kevin|q2s1a-a1-9b-s2|RUNNING|1:09:24|32|gres:gpu:h100:1;
2026-10-10T14:00:04Z 1051|kevin|s1a-a1-9b-s2|RUNNING|1:09:45|90|N/A;1053|kevin|q2s1a-a1-9b-s2|RUNNING|1:09:39|32|gres:gpu:h100:1;
2026-10-10T14:00:19Z 1051|kevin|s1a-a1-9b-s2|RUNNING|1:10:00|90|N/A;1053|kevin|q2s1a-a1-9b-s2|RUNNING|1:09:54|32|gres:gpu:h100:1;
2026-10-10T14:00:34Z 1051|kevin|s1a-a1-9b-s2|RUNNING|1:10:15|90|N/A;1053|kevin|q2s1a-a1-9b-s2|RUNNING|1:10:09|32|gres:gpu:h100:1;
2026-10-10T14:00:49Z 1051|kevin|s1a-a1-9b-s2|RUNNING|1:10:30|90|N/A;1053|kevin|q2s1a-a1-9b-s2|RUNNING|1:10:24|32|gres:gpu:h100:1;
2026-10-10T14:01:04Z 1051|kevin|s1a-a1-9b-s2|RUNNING|1:10:45|90|N/A;1053|kevin|q2s1a-a1-9b-s2|RUNNING|1:10:39|32|gres:gpu:h100:1;
2026-10-10T14:01:19Z 1051|kevin|s1a-a1-9b-s2|RUNNING|1:11:00|90|N/A;1053|kevin|q2s1a-a1-9b-s2|RUNNING|1:10:54|32|gres:gpu:h100:1;
2026-10-10T14:01:34Z 1051|kevin|s1a-a1-9b-s2|RUNNING|1:11:15|90|N/A;1053|kevin|q2s1a-a1-9b-s2|RUNNING|1:11:09|32|gres:gpu:h100:1;
2026-10-10T14:01:49Z 1051|kevin|s1a-a1-9b-s2|RUNNING|1:11:30|90|N/A;1053|kevin|q2s1a-a1-9b-s2|RUNNING|1:11:24|32|gres:gpu:h100:1;
2026-10-10T14:02:04Z 1051|kevin|s1a-a1-9b-s2|RUNNING|1:11:45|90|N/A;1053|kevin|q2s1a-a1-9b-s2|RUNNING|1:11:39|32|gres:gpu:h100:1;
2026-10-10T14:02:19Z 1051|kevin|s1a-a1-9b-s2|RUNNING|1:12:00|90|N/A;1053|kevin|q2s1a-a1-9b-s2|RUNNING|1:11:54|32|gres:gpu:h100:1;
2026-10-10T14:02:34Z 1051|kevin|s1a-a1-9b-s2|RUNNING|1:12:15|90|N/A;1053|kevin|q2s1a-a1-9b-s2|RUNNING|1:12:09|32|gres:gpu:h100:1;
2026-10-10T14:02:49Z 1051|kevin|s1a-a1-9b-s2|RUNNING|1:12:30|90|N/A;1053|kevin|q2s1a-a1-9b-s2|RUNNING|1:12:24|32|gres:gpu:h100:1;
2026-10-10T14:03:04Z 1051|kevin|s1a-a1-9b-s2|RUNNING|1:12:45|90|N/A;1053|kevin|q2s1a-a1-9b-s2|RUNNING|1:12:39|32|gres:gpu:h100:1;
2026-10-10T14:03:19Z 1051|kevin|s1a-a1-9b-s2|RUNNING|1:13:00|90|N/A;1053|kevin|q2s1a-a1-9b-s2|RUNNING|1:12:54|32|gres:gpu:h100:1;
2026-10-10T14:03:34Z 1051|kevin|s1a-a1-9b-s2|RUNNING|1:13:15|90|N/A;1053|kevin|q2s1a-a1-9b-s2|RUNNING|1:13:09|32|gres:gpu:h100:1;
2026-10-10T14:03:49Z 
